2026/07/21 11:26:58 serving rpc on tcp://45661
2026/07/21 11:26:58 serving http on http://127.0.0.1:56741
2026/07/21 11:26:59 skipped 38 seeds
2026/07/21 11:27:14 machine check:
transitively disabled the following syscalls (missing resource [creating syscalls]):
close$binfmt                                : fd_binfmt [openat$binfmt]
close$fd_v4l2_buffer                        : fd_v4l2_buffer [ioctl$VIDIOC_QUERYBUF_DMABUF]
close$ibv_device                            : fd_rdma [openat$uverbs0]

BinFmtMisc              : write(/proc/sys/fs/binfmt_misc/register) failed
Comparisons             : call 0 failed with errno 998
Coverage                : enabled
DelayKcovMmap           : enabled
DevlinkPCI              : PCI device 0000:00:10.0 is not available
ExtraCoverage           : enabled
Fault                   : CONFIG_FAULT_INJECTION is not enabled
KCSAN                   : write(/sys/kernel/debug/kcsan, on) failed
KcovResetIoctl          : kernel does not support ioctl(KCOV_RESET_TRACE)
LRWPANEmulation         : netlink_query_family_id failed
Leak                    : failed to write(kmemleak, "scan=off")
MemoryDump              : disabled by user
NetDevices              : enabled
NetInjection            : enabled
NicVF                   : PCI device 0000:00:11.0 is not available
SandboxAndroid          : setcon: could not write entire context. wrote=-1, expected=30 (errno 22: Invalid argument). . process exited with status 67.
SandboxNamespace        : enabled
SandboxNone             : enabled
SandboxSetuid           : enabled
Swap                    : enabled
USBEmulation            : failed to chmod /dev/raw-gadget
VhciInjection           : open /dev/vhci failed.  (errno 2: No such file or directory).
WifiEmulation           : netlink_query_family_id failed.  (errno 2: No such file or directory).
syscalls                : 8/8057

2026/07/21 11:27:14 corpus                  : 55 (55 seeds), 0 to be reminimized, 0 to be resmashed
2026/07/21 11:27:18 candidates=0 corpus=0 coverage=0 exec total=142 (405/min) pending=0 reproducing=0 
2026/07/21 11:27:28 candidates=0 corpus=0 coverage=0 exec total=643 (20/sec) pending=0 reproducing=0 
2026/07/21 11:27:38 candidates=0 corpus=7 coverage=2594 exec total=1151 (28/sec) pending=0 reproducing=0 
2026/07/21 11:27:39 starting bug reproductions (max 1 VMs, 1 repros)
2026/07/21 11:27:48 candidates=0 corpus=20 coverage=5486 exec total=1502 (29/sec) pending=0 reproducing=0 
2026/07/21 11:27:58 candidates=0 corpus=29 coverage=5535 exec total=1839 (30/sec) pending=0 reproducing=0 
2026/07/21 11:28:08 candidates=0 corpus=43 coverage=5928 exec total=2312 (32/sec) pending=0 reproducing=0 
2026/07/21 11:28:18 candidates=0 corpus=51 coverage=5963 exec total=2726 (33/sec) pending=0 reproducing=0 
2026/07/21 11:28:28 candidates=0 corpus=65 coverage=6021 exec total=3122 (34/sec) pending=0 reproducing=0 
2026/07/21 11:28:38 candidates=0 corpus=75 coverage=6045 exec total=3503 (34/sec) pending=0 reproducing=0 
2026/07/21 11:28:48 candidates=0 corpus=78 coverage=6060 exec total=3748 (33/sec) pending=0 reproducing=0 
2026/07/21 11:28:58 candidates=0 corpus=82 coverage=6060 exec total=4109 (33/sec) pending=0 reproducing=0 
2026/07/21 11:29:08 candidates=0 corpus=83 coverage=6064 exec total=4347 (33/sec) pending=0 reproducing=0 
2026/07/21 11:29:18 candidates=0 corpus=73 coverage=6064 exec total=4763 (33/sec) pending=0 reproducing=0 
2026/07/21 11:29:28 candidates=0 corpus=73 coverage=6064 exec total=5096 (33/sec) pending=0 reproducing=0 
2026/07/21 11:29:38 candidates=0 corpus=75 coverage=6065 exec total=5467 (33/sec) pending=0 reproducing=0 
2026/07/21 11:29:48 candidates=0 corpus=76 coverage=6068 exec total=5940 (34/sec) pending=0 reproducing=0 
2026/07/21 11:29:58 candidates=0 corpus=77 coverage=6068 exec total=6323 (34/sec) pending=0 reproducing=0 
2026/07/21 11:30:08 candidates=0 corpus=79 coverage=6076 exec total=6726 (35/sec) pending=0 reproducing=0 
2026/07/21 11:30:18 candidates=0 corpus=75 coverage=6076 exec total=7178 (35/sec) pending=0 reproducing=0 
2026/07/21 11:30:28 candidates=0 corpus=75 coverage=6076 exec total=7561 (35/sec) pending=0 reproducing=0 
2026/07/21 11:30:38 candidates=0 corpus=75 coverage=6076 exec total=7932 (35/sec) pending=0 reproducing=0 
2026/07/21 11:30:48 candidates=0 corpus=75 coverage=6076 exec total=8378 (36/sec) pending=0 reproducing=0 
2026/07/21 11:30:58 candidates=0 corpus=76 coverage=6076 exec total=8772 (36/sec) pending=0 reproducing=0 
2026/07/21 11:31:08 candidates=0 corpus=76 coverage=6076 exec total=9159 (36/sec) pending=0 reproducing=0 
2026/07/21 11:31:18 candidates=0 corpus=76 coverage=6076 exec total=9578 (36/sec) pending=0 reproducing=0 
2026/07/21 11:31:28 candidates=0 corpus=76 coverage=6076 exec total=9996 (36/sec) pending=0 reproducing=0 
2026/07/21 11:31:38 candidates=0 corpus=76 coverage=6076 exec total=10365 (36/sec) pending=0 reproducing=0 
2026/07/21 11:31:48 candidates=0 corpus=76 coverage=6076 exec total=10778 (37/sec) pending=0 reproducing=0 
2026/07/21 11:31:58 candidates=0 corpus=76 coverage=6076 exec total=11171 (37/sec) pending=0 reproducing=0 
2026/07/21 11:32:08 candidates=0 corpus=76 coverage=6076 exec total=11537 (37/sec) pending=0 reproducing=0 
2026/07/21 11:32:18 candidates=0 corpus=76 coverage=6076 exec total=11977 (37/sec) pending=0 reproducing=0 
2026/07/21 11:32:28 candidates=0 corpus=77 coverage=6076 exec total=12349 (37/sec) pending=0 reproducing=0 
2026/07/21 11:32:38 candidates=0 corpus=77 coverage=6076 exec total=12707 (37/sec) pending=0 reproducing=0 
2026/07/21 11:32:48 candidates=0 corpus=77 coverage=6076 exec total=13171 (37/sec) pending=0 reproducing=0 
2026/07/21 11:32:58 candidates=0 corpus=78 coverage=6079 exec total=13562 (37/sec) pending=0 reproducing=0 
2026/07/21 11:33:08 candidates=0 corpus=78 coverage=6079 exec total=13895 (37/sec) pending=0 reproducing=0 
2026/07/21 11:33:18 candidates=0 corpus=78 coverage=6079 exec total=14363 (37/sec) pending=0 reproducing=0 
2026/07/21 11:33:28 candidates=0 corpus=78 coverage=6079 exec total=14718 (37/sec) pending=0 reproducing=0 
2026/07/21 11:33:38 candidates=0 corpus=78 coverage=6079 exec total=14978 (37/sec) pending=0 reproducing=0 
2026/07/21 11:33:48 candidates=0 corpus=79 coverage=6083 exec total=15349 (37/sec) pending=0 reproducing=0 
2026/07/21 11:33:58 candidates=0 corpus=79 coverage=6083 exec total=15681 (37/sec) pending=0 reproducing=0 
2026/07/21 11:34:08 candidates=0 corpus=79 coverage=6083 exec total=16120 (37/sec) pending=0 reproducing=0 
2026/07/21 11:34:18 candidates=0 corpus=80 coverage=6087 exec total=16465 (37/sec) pending=0 reproducing=0 
2026/07/21 11:34:28 candidates=0 corpus=80 coverage=6087 exec total=16809 (37/sec) pending=0 reproducing=0 
2026/07/21 11:34:38 candidates=0 corpus=80 coverage=6087 exec total=17266 (37/sec) pending=0 reproducing=0 
2026/07/21 11:34:48 candidates=0 corpus=80 coverage=6087 exec total=17622 (37/sec) pending=0 reproducing=0 
2026/07/21 11:34:58 candidates=0 corpus=80 coverage=6087 exec total=17979 (37/sec) pending=0 reproducing=0 
2026/07/21 11:35:08 candidates=0 corpus=80 coverage=6087 exec total=18446 (37/sec) pending=0 reproducing=0 
2026/07/21 11:35:18 candidates=0 corpus=80 coverage=6087 exec total=18808 (37/sec) pending=0 reproducing=0 
2026/07/21 11:35:28 candidates=0 corpus=80 coverage=6087 exec total=19178 (37/sec) pending=0 reproducing=0 
2026/07/21 11:35:38 candidates=0 corpus=80 coverage=6087 exec total=19644 (37/sec) pending=0 reproducing=0 
2026/07/21 11:35:48 candidates=0 corpus=81 coverage=6090 exec total=19991 (37/sec) pending=0 reproducing=0 
2026/07/21 11:35:58 candidates=0 corpus=81 coverage=6090 exec total=20378 (37/sec) pending=0 reproducing=0 
2026/07/21 11:36:08 candidates=0 corpus=81 coverage=6090 exec total=20837 (37/sec) pending=0 reproducing=0 
2026/07/21 11:36:18 candidates=0 corpus=79 coverage=6090 exec total=21202 (37/sec) pending=0 reproducing=0 
2026/07/21 11:36:28 candidates=0 corpus=79 coverage=6090 exec total=21578 (37/sec) pending=0 reproducing=0 
2026/07/21 11:36:38 candidates=0 corpus=79 coverage=6090 exec total=22015 (37/sec) pending=0 reproducing=0 
2026/07/21 11:36:48 candidates=0 corpus=79 coverage=6090 exec total=22400 (37/sec) pending=0 reproducing=0 
2026/07/21 11:36:58 candidates=0 corpus=79 coverage=6090 exec total=22778 (37/sec) pending=0 reproducing=0 
2026/07/21 11:37:08 candidates=0 corpus=79 coverage=6090 exec total=23185 (37/sec) pending=0 reproducing=0 
2026/07/21 11:37:18 candidates=0 corpus=79 coverage=6090 exec total=23556 (37/sec) pending=0 reproducing=0 
2026/07/21 11:37:28 candidates=0 corpus=79 coverage=6090 exec total=23978 (38/sec) pending=0 reproducing=0 
2026/07/21 11:37:38 candidates=0 corpus=79 coverage=6090 exec total=24367 (38/sec) pending=0 reproducing=0 
2026/07/21 11:37:48 candidates=0 corpus=80 coverage=6090 exec total=24697 (37/sec) pending=0 reproducing=0 
2026/07/21 11:37:58 candidates=0 corpus=80 coverage=6090 exec total=25111 (37/sec) pending=0 reproducing=0 
2026/07/21 11:38:08 candidates=0 corpus=80 coverage=6090 exec total=25460 (37/sec) pending=0 reproducing=0 
2026/07/21 11:38:18 candidates=0 corpus=80 coverage=6090 exec total=25789 (37/sec) pending=0 reproducing=0 
2026/07/21 11:38:28 candidates=0 corpus=80 coverage=6090 exec total=26198 (37/sec) pending=0 reproducing=0 
2026/07/21 11:38:38 candidates=0 corpus=80 coverage=6090 exec total=26547 (37/sec) pending=0 reproducing=0 
2026/07/21 11:38:48 candidates=0 corpus=80 coverage=6090 exec total=26978 (37/sec) pending=0 reproducing=0 
2026/07/21 11:38:58 candidates=0 corpus=80 coverage=6090 exec total=27366 (37/sec) pending=0 reproducing=0 
2026/07/21 11:39:08 candidates=0 corpus=80 coverage=6090 exec total=27725 (37/sec) pending=0 reproducing=0 
2026/07/21 11:39:18 candidates=0 corpus=80 coverage=6090 exec total=28178 (38/sec) pending=0 reproducing=0 
2026/07/21 11:39:28 candidates=0 corpus=80 coverage=6090 exec total=28570 (38/sec) pending=0 reproducing=0 
2026/07/21 11:39:38 candidates=0 corpus=80 coverage=6090 exec total=28925 (38/sec) pending=0 reproducing=0 
2026/07/21 11:39:48 candidates=0 corpus=80 coverage=6090 exec total=29370 (38/sec) pending=0 reproducing=0 
2026/07/21 11:39:58 candidates=0 corpus=80 coverage=6090 exec total=29718 (38/sec) pending=0 reproducing=0 
2026/07/21 11:40:08 candidates=0 corpus=80 coverage=6090 exec total=30078 (38/sec) pending=0 reproducing=0 
2026/07/21 11:40:18 candidates=0 corpus=80 coverage=6090 exec total=30541 (38/sec) pending=0 reproducing=0 
2026/07/21 11:40:28 candidates=0 corpus=80 coverage=6090 exec total=30901 (38/sec) pending=0 reproducing=0 
2026/07/21 11:40:38 candidates=0 corpus=80 coverage=6090 exec total=31267 (38/sec) pending=0 reproducing=0 
2026/07/21 11:40:48 candidates=0 corpus=81 coverage=6090 exec total=31727 (38/sec) pending=0 reproducing=0 
2026/07/21 11:40:58 candidates=0 corpus=81 coverage=6090 exec total=32091 (38/sec) pending=0 reproducing=0 
2026/07/21 11:41:08 candidates=0 corpus=81 coverage=6090 exec total=32454 (38/sec) pending=0 reproducing=0 
2026/07/21 11:41:18 candidates=0 corpus=81 coverage=6090 exec total=32914 (38/sec) pending=0 reproducing=0 
2026/07/21 11:41:28 candidates=0 corpus=81 coverage=6090 exec total=33276 (38/sec) pending=0 reproducing=0 
2026/07/21 11:41:38 candidates=0 corpus=82 coverage=6092 exec total=33628 (38/sec) pending=0 reproducing=0 
2026/07/21 11:41:48 candidates=0 corpus=82 coverage=6092 exec total=34089 (38/sec) pending=0 reproducing=0 
2026/07/21 11:41:58 candidates=0 corpus=83 coverage=6092 exec total=34438 (38/sec) pending=0 reproducing=0 
2026/07/21 11:42:08 candidates=0 corpus=83 coverage=6092 exec total=34799 (38/sec) pending=0 reproducing=0 
2026/07/21 11:42:18 candidates=0 corpus=83 coverage=6092 exec total=35268 (38/sec) pending=0 reproducing=0 
2026/07/21 11:42:28 candidates=0 corpus=83 coverage=6092 exec total=35603 (38/sec) pending=0 reproducing=0 
2026/07/21 11:42:38 candidates=0 corpus=83 coverage=6092 exec total=35978 (38/sec) pending=0 reproducing=0 
2026/07/21 11:42:48 candidates=0 corpus=83 coverage=6092 exec total=36445 (38/sec) pending=0 reproducing=0 
2026/07/21 11:42:58 candidates=0 corpus=83 coverage=6092 exec total=36804 (38/sec) pending=0 reproducing=0 
2026/07/21 11:43:08 candidates=0 corpus=83 coverage=6092 exec total=37178 (38/sec) pending=0 reproducing=0 
2026/07/21 11:43:18 candidates=0 corpus=83 coverage=6092 exec total=37651 (38/sec) pending=0 reproducing=0 
2026/07/21 11:43:28 candidates=0 corpus=83 coverage=6092 exec total=38004 (38/sec) pending=0 reproducing=0 
2026/07/21 11:43:38 candidates=0 corpus=83 coverage=6092 exec total=38378 (38/sec) pending=0 reproducing=0 
2026/07/21 11:43:48 candidates=0 corpus=83 coverage=6092 exec total=38849 (38/sec) pending=0 reproducing=0 
2026/07/21 11:43:58 candidates=0 corpus=83 coverage=6092 exec total=39195 (38/sec) pending=0 reproducing=0 
2026/07/21 11:44:08 candidates=0 corpus=83 coverage=6092 exec total=39578 (38/sec) pending=0 reproducing=0 
2026/07/21 11:44:18 candidates=0 corpus=83 coverage=6092 exec total=40015 (38/sec) pending=0 reproducing=0 
2026/07/21 11:44:28 candidates=0 corpus=83 coverage=6092 exec total=40371 (38/sec) pending=0 reproducing=0 
2026/07/21 11:44:38 candidates=0 corpus=83 coverage=6092 exec total=40778 (38/sec) pending=0 reproducing=0 
2026/07/21 11:44:48 candidates=0 corpus=83 coverage=6092 exec total=41204 (38/sec) pending=0 reproducing=0 
2026/07/21 11:44:58 candidates=0 corpus=83 coverage=6092 exec total=41558 (38/sec) pending=0 reproducing=0 
2026/07/21 11:45:08 candidates=0 corpus=83 coverage=6092 exec total=41978 (38/sec) pending=0 reproducing=0 
2026/07/21 11:45:18 candidates=0 corpus=83 coverage=6092 exec total=42376 (38/sec) pending=0 reproducing=0 
2026/07/21 11:45:28 candidates=0 corpus=83 coverage=6092 exec total=42723 (38/sec) pending=0 reproducing=0 
2026/07/21 11:45:38 candidates=0 corpus=83 coverage=6092 exec total=43140 (38/sec) pending=0 reproducing=0 
2026/07/21 11:45:48 candidates=0 corpus=83 coverage=6092 exec total=43502 (38/sec) pending=0 reproducing=0 
2026/07/21 11:45:58 candidates=0 corpus=83 coverage=6092 exec total=43868 (38/sec) pending=0 reproducing=0 
2026/07/21 11:46:08 candidates=0 corpus=83 coverage=6092 exec total=44342 (38/sec) pending=0 reproducing=0 
2026/07/21 11:46:18 candidates=0 corpus=83 coverage=6092 exec total=44685 (38/sec) pending=0 reproducing=0 
2026/07/21 11:46:28 candidates=0 corpus=83 coverage=6092 exec total=45065 (38/sec) pending=0 reproducing=0 
2026/07/21 11:46:38 candidates=0 corpus=83 coverage=6092 exec total=45548 (38/sec) pending=0 reproducing=0 
2026/07/21 11:46:48 candidates=0 corpus=83 coverage=6092 exec total=45910 (38/sec) pending=0 reproducing=0 
2026/07/21 11:46:58 candidates=0 corpus=83 coverage=6092 exec total=46254 (38/sec) pending=0 reproducing=0 
2026/07/21 11:47:08 candidates=0 corpus=83 coverage=6092 exec total=46704 (38/sec) pending=0 reproducing=0 
2026/07/21 11:47:18 candidates=0 corpus=83 coverage=6092 exec total=47063 (38/sec) pending=0 reproducing=0 
2026/07/21 11:47:28 candidates=0 corpus=83 coverage=6092 exec total=47386 (38/sec) pending=0 reproducing=0 
2026/07/21 11:47:38 candidates=0 corpus=83 coverage=6092 exec total=47863 (38/sec) pending=0 reproducing=0 
2026/07/21 11:47:48 candidates=0 corpus=83 coverage=6092 exec total=48236 (38/sec) pending=0 reproducing=0 
2026/07/21 11:47:58 candidates=0 corpus=83 coverage=6092 exec total=48594 (38/sec) pending=0 reproducing=0 
2026/07/21 11:48:08 candidates=0 corpus=83 coverage=6092 exec total=49068 (38/sec) pending=0 reproducing=0 
2026/07/21 11:48:18 candidates=0 corpus=83 coverage=6092 exec total=49415 (38/sec) pending=0 reproducing=0 
2026/07/21 11:48:28 candidates=0 corpus=83 coverage=6092 exec total=49778 (38/sec) pending=0 reproducing=0 
2026/07/21 11:48:38 candidates=0 corpus=83 coverage=6092 exec total=50168 (38/sec) pending=0 reproducing=0 
2026/07/21 11:48:48 candidates=0 corpus=83 coverage=6092 exec total=50522 (38/sec) pending=0 reproducing=0 
2026/07/21 11:48:58 candidates=0 corpus=83 coverage=6092 exec total=50978 (38/sec) pending=0 reproducing=0 
2026/07/21 11:49:08 candidates=0 corpus=83 coverage=6092 exec total=51344 (38/sec) pending=0 reproducing=0 
2026/07/21 11:49:18 candidates=0 corpus=83 coverage=6092 exec total=51692 (38/sec) pending=0 reproducing=0 
2026/07/21 11:49:28 candidates=0 corpus=83 coverage=6100 exec total=52157 (38/sec) pending=0 reproducing=0 
2026/07/21 11:49:38 candidates=0 corpus=83 coverage=6100 exec total=52537 (38/sec) pending=0 reproducing=0 
2026/07/21 11:49:48 candidates=0 corpus=83 coverage=6100 exec total=52905 (38/sec) pending=0 reproducing=0 
2026/07/21 11:49:58 candidates=0 corpus=83 coverage=6100 exec total=53377 (38/sec) pending=0 reproducing=0 
2026/07/21 11:50:08 candidates=0 corpus=83 coverage=6100 exec total=53723 (38/sec) pending=0 reproducing=0 
2026/07/21 11:50:18 candidates=0 corpus=83 coverage=6100 exec total=54048 (38/sec) pending=0 reproducing=0 
2026/07/21 11:50:28 candidates=0 corpus=83 coverage=6100 exec total=54508 (38/sec) pending=0 reproducing=0 
2026/07/21 11:50:38 candidates=0 corpus=83 coverage=6100 exec total=54883 (38/sec) pending=0 reproducing=0 
2026/07/21 11:50:48 candidates=0 corpus=83 coverage=6100 exec total=55225 (38/sec) pending=0 reproducing=0 
2026/07/21 11:50:58 candidates=0 corpus=83 coverage=6100 exec total=55694 (38/sec) pending=0 reproducing=0 
2026/07/21 11:51:08 candidates=0 corpus=83 coverage=6100 exec total=56050 (38/sec) pending=0 reproducing=0 
2026/07/21 11:51:18 candidates=0 corpus=83 coverage=6100 exec total=56426 (38/sec) pending=0 reproducing=0 
2026/07/21 11:51:28 candidates=0 corpus=83 coverage=6100 exec total=56890 (38/sec) pending=0 reproducing=0 
2026/07/21 11:51:38 candidates=0 corpus=83 coverage=6100 exec total=57249 (38/sec) pending=0 reproducing=0 
2026/07/21 11:51:48 candidates=0 corpus=83 coverage=6100 exec total=57629 (38/sec) pending=0 reproducing=0 
2026/07/21 11:51:58 candidates=0 corpus=83 coverage=6100 exec total=58104 (38/sec) pending=0 reproducing=0 
2026/07/21 11:52:08 candidates=0 corpus=83 coverage=6100 exec total=58455 (38/sec) pending=0 reproducing=0 
2026/07/21 11:52:18 candidates=0 corpus=83 coverage=6100 exec total=58839 (38/sec) pending=0 reproducing=0 
2026/07/21 11:52:28 candidates=0 corpus=83 coverage=6100 exec total=59327 (38/sec) pending=0 reproducing=0 
2026/07/21 11:52:38 candidates=0 corpus=83 coverage=6100 exec total=59689 (38/sec) pending=0 reproducing=0 
2026/07/21 11:52:48 candidates=0 corpus=83 coverage=6100 exec total=60051 (38/sec) pending=0 reproducing=0 
2026/07/21 11:52:58 candidates=0 corpus=83 coverage=6100 exec total=60523 (38/sec) pending=0 reproducing=0 
2026/07/21 11:53:08 candidates=0 corpus=84 coverage=6111 exec total=60885 (38/sec) pending=0 reproducing=0 
2026/07/21 11:53:18 candidates=0 corpus=84 coverage=6111 exec total=61258 (38/sec) pending=0 reproducing=0 
2026/07/21 11:53:28 candidates=0 corpus=84 coverage=6111 exec total=61737 (38/sec) pending=0 reproducing=0 
2026/07/21 11:53:38 candidates=0 corpus=84 coverage=6111 exec total=62106 (38/sec) pending=0 reproducing=0 
2026/07/21 11:53:48 candidates=0 corpus=84 coverage=6111 exec total=62470 (38/sec) pending=0 reproducing=0 
2026/07/21 11:53:58 candidates=0 corpus=84 coverage=6111 exec total=62946 (38/sec) pending=0 reproducing=0 
2026/07/21 11:54:08 candidates=0 corpus=84 coverage=6111 exec total=63315 (38/sec) pending=0 reproducing=0 
2026/07/21 11:54:18 candidates=0 corpus=84 coverage=6111 exec total=63676 (38/sec) pending=0 reproducing=0 
2026/07/21 11:54:28 candidates=0 corpus=84 coverage=6111 exec total=64164 (38/sec) pending=0 reproducing=0 
2026/07/21 11:54:38 candidates=0 corpus=84 coverage=6111 exec total=64510 (38/sec) pending=0 reproducing=0 
2026/07/21 11:54:48 candidates=0 corpus=84 coverage=6111 exec total=64886 (38/sec) pending=0 reproducing=0 
2026/07/21 11:54:58 candidates=0 corpus=84 coverage=6111 exec total=65365 (38/sec) pending=0 reproducing=0 
2026/07/21 11:55:08 candidates=0 corpus=84 coverage=6111 exec total=65735 (38/sec) pending=0 reproducing=0 
2026/07/21 11:55:18 candidates=0 corpus=84 coverage=6111 exec total=66096 (38/sec) pending=0 reproducing=0 
2026/07/21 11:55:28 candidates=0 corpus=84 coverage=6111 exec total=66578 (38/sec) pending=0 reproducing=0 
2026/07/21 11:55:38 candidates=0 corpus=84 coverage=6111 exec total=66952 (38/sec) pending=0 reproducing=0 
2026/07/21 11:55:48 candidates=0 corpus=84 coverage=6111 exec total=67335 (38/sec) pending=0 reproducing=0 
2026/07/21 11:55:58 candidates=0 corpus=84 coverage=6111 exec total=67778 (38/sec) pending=0 reproducing=0 
2026/07/21 11:56:08 candidates=0 corpus=84 coverage=6111 exec total=68167 (38/sec) pending=0 reproducing=0 
2026/07/21 11:56:18 candidates=0 corpus=84 coverage=6111 exec total=68538 (38/sec) pending=0 reproducing=0 
2026/07/21 11:56:28 candidates=0 corpus=84 coverage=6111 exec total=68978 (38/sec) pending=0 reproducing=0 
2026/07/21 11:56:38 candidates=0 corpus=84 coverage=6111 exec total=69366 (38/sec) pending=0 reproducing=0 
2026/07/21 11:56:48 candidates=0 corpus=84 coverage=6111 exec total=69731 (38/sec) pending=0 reproducing=0 
2026/07/21 11:56:58 candidates=0 corpus=84 coverage=6111 exec total=70178 (38/sec) pending=0 reproducing=0 
2026/07/21 11:57:08 candidates=0 corpus=84 coverage=6111 exec total=70581 (38/sec) pending=0 reproducing=0 
2026/07/21 11:57:18 candidates=0 corpus=84 coverage=6111 exec total=70960 (38/sec) pending=0 reproducing=0 
2026/07/21 11:57:28 candidates=0 corpus=84 coverage=6111 exec total=71378 (38/sec) pending=0 reproducing=0 
2026/07/21 11:57:38 candidates=0 corpus=84 coverage=6111 exec total=71794 (38/sec) pending=0 reproducing=0 
2026/07/21 11:57:48 candidates=0 corpus=84 coverage=6111 exec total=72165 (38/sec) pending=0 reproducing=0 
2026/07/21 11:57:58 candidates=0 corpus=84 coverage=6111 exec total=72578 (38/sec) pending=0 reproducing=0 
2026/07/21 11:58:08 candidates=0 corpus=84 coverage=6111 exec total=73001 (39/sec) pending=0 reproducing=0 
2026/07/21 11:58:18 candidates=0 corpus=84 coverage=6111 exec total=73380 (39/sec) pending=0 reproducing=0 
2026/07/21 11:58:28 candidates=0 corpus=84 coverage=6111 exec total=73778 (39/sec) pending=0 reproducing=0 
2026/07/21 11:58:38 candidates=0 corpus=84 coverage=6111 exec total=74224 (39/sec) pending=0 reproducing=0 
2026/07/21 11:58:48 candidates=0 corpus=84 coverage=6111 exec total=74587 (39/sec) pending=0 reproducing=0 
2026/07/21 11:58:58 candidates=0 corpus=84 coverage=6111 exec total=74978 (39/sec) pending=0 reproducing=0 
2026/07/21 11:59:08 candidates=0 corpus=84 coverage=6111 exec total=75438 (39/sec) pending=0 reproducing=0 
2026/07/21 11:59:18 candidates=0 corpus=84 coverage=6111 exec total=75788 (39/sec) pending=0 reproducing=0 
2026/07/21 11:59:28 candidates=0 corpus=84 coverage=6111 exec total=76178 (39/sec) pending=0 reproducing=0 
2026/07/21 11:59:38 candidates=0 corpus=84 coverage=6111 exec total=76660 (39/sec) pending=0 reproducing=0 
2026/07/21 11:59:48 candidates=0 corpus=84 coverage=6111 exec total=77042 (39/sec) pending=0 reproducing=0 
2026/07/21 11:59:58 candidates=0 corpus=84 coverage=6112 exec total=77409 (39/sec) pending=0 reproducing=0 
2026/07/21 12:00:08 candidates=0 corpus=84 coverage=6112 exec total=77842 (39/sec) pending=0 reproducing=0 
2026/07/21 12:00:18 candidates=0 corpus=84 coverage=6112 exec total=78215 (39/sec) pending=0 reproducing=0 
2026/07/21 12:00:28 candidates=0 corpus=84 coverage=6112 exec total=78585 (39/sec) pending=0 reproducing=0 
2026/07/21 12:00:38 candidates=0 corpus=84 coverage=6112 exec total=79038 (39/sec) pending=0 reproducing=0 
2026/07/21 12:00:48 candidates=0 corpus=84 coverage=6112 exec total=79418 (39/sec) pending=0 reproducing=0 
2026/07/21 12:00:58 candidates=0 corpus=84 coverage=6112 exec total=79778 (39/sec) pending=0 reproducing=0 
2026/07/21 12:01:08 candidates=0 corpus=84 coverage=6112 exec total=80236 (39/sec) pending=0 reproducing=0 
2026/07/21 12:01:18 candidates=0 corpus=84 coverage=6112 exec total=80610 (39/sec) pending=0 reproducing=0 
2026/07/21 12:01:28 candidates=0 corpus=84 coverage=6112 exec total=80984 (39/sec) pending=0 reproducing=0 
2026/07/21 12:01:38 candidates=0 corpus=84 coverage=6112 exec total=81460 (39/sec) pending=0 reproducing=0 
2026/07/21 12:01:48 candidates=0 corpus=84 coverage=6112 exec total=81810 (39/sec) pending=0 reproducing=0 
2026/07/21 12:01:58 candidates=0 corpus=84 coverage=6112 exec total=82178 (39/sec) pending=0 reproducing=0 
2026/07/21 12:02:08 candidates=0 corpus=84 coverage=6112 exec total=82645 (39/sec) pending=0 reproducing=0 
2026/07/21 12:02:18 candidates=0 corpus=84 coverage=6112 exec total=82972 (39/sec) pending=0 reproducing=0 
2026/07/21 12:02:28 candidates=0 corpus=84 coverage=6112 exec total=83378 (39/sec) pending=0 reproducing=0 
2026/07/21 12:02:38 candidates=0 corpus=84 coverage=6112 exec total=83851 (39/sec) pending=0 reproducing=0 
2026/07/21 12:02:48 candidates=0 corpus=84 coverage=6112 exec total=84231 (39/sec) pending=0 reproducing=0 
2026/07/21 12:02:58 candidates=0 corpus=84 coverage=6112 exec total=84600 (39/sec) pending=0 reproducing=0 
2026/07/21 12:03:08 candidates=0 corpus=84 coverage=6112 exec total=85072 (39/sec) pending=0 reproducing=0 
2026/07/21 12:03:18 candidates=0 corpus=84 coverage=6112 exec total=85436 (39/sec) pending=0 reproducing=0 
2026/07/21 12:03:28 candidates=0 corpus=84 coverage=6112 exec total=85800 (39/sec) pending=0 reproducing=0 
2026/07/21 12:03:38 candidates=0 corpus=84 coverage=6112 exec total=86282 (39/sec) pending=0 reproducing=0 
2026/07/21 12:03:48 candidates=0 corpus=84 coverage=6112 exec total=86661 (39/sec) pending=0 reproducing=0 
2026/07/21 12:03:58 candidates=0 corpus=84 coverage=6112 exec total=87022 (39/sec) pending=0 reproducing=0 
2026/07/21 12:04:08 candidates=0 corpus=84 coverage=6112 exec total=87446 (39/sec) pending=0 reproducing=0 
2026/07/21 12:04:18 candidates=0 corpus=84 coverage=6112 exec total=87810 (39/sec) pending=0 reproducing=0 
2026/07/21 12:04:28 candidates=0 corpus=84 coverage=6112 exec total=88179 (39/sec) pending=0 reproducing=0 
2026/07/21 12:04:38 candidates=0 corpus=84 coverage=6112 exec total=88654 (39/sec) pending=0 reproducing=0 
2026/07/21 12:04:48 candidates=0 corpus=84 coverage=6112 exec total=89025 (39/sec) pending=0 reproducing=0 
2026/07/21 12:04:58 candidates=0 corpus=84 coverage=6112 exec total=89382 (39/sec) pending=0 reproducing=0 
2026/07/21 12:05:08 candidates=0 corpus=84 coverage=6112 exec total=89814 (39/sec) pending=0 reproducing=0 
2026/07/21 12:05:18 candidates=0 corpus=84 coverage=6112 exec total=90201 (39/sec) pending=0 reproducing=0 
2026/07/21 12:05:28 candidates=0 corpus=84 coverage=6112 exec total=90584 (39/sec) pending=0 reproducing=0 
2026/07/21 12:05:38 candidates=0 corpus=84 coverage=6112 exec total=91060 (39/sec) pending=0 reproducing=0 
2026/07/21 12:05:48 candidates=0 corpus=84 coverage=6112 exec total=91426 (39/sec) pending=0 reproducing=0 
2026/07/21 12:05:58 candidates=0 corpus=84 coverage=6112 exec total=91794 (39/sec) pending=0 reproducing=0 
2026/07/21 12:06:08 candidates=0 corpus=84 coverage=6112 exec total=92272 (39/sec) pending=0 reproducing=0 
2026/07/21 12:06:18 candidates=0 corpus=84 coverage=6112 exec total=92656 (39/sec) pending=0 reproducing=0 
2026/07/21 12:06:28 candidates=0 corpus=84 coverage=6112 exec total=93032 (39/sec) pending=0 reproducing=0 
2026/07/21 12:06:38 candidates=0 corpus=84 coverage=6112 exec total=93495 (39/sec) pending=0 reproducing=0 
2026/07/21 12:06:48 candidates=0 corpus=84 coverage=6112 exec total=93853 (39/sec) pending=0 reproducing=0 
2026/07/21 12:06:58 candidates=0 corpus=84 coverage=6112 exec total=94199 (39/sec) pending=0 reproducing=0 
2026/07/21 12:07:08 candidates=0 corpus=84 coverage=6112 exec total=94680 (39/sec) pending=0 reproducing=0 
2026/07/21 12:07:18 candidates=0 corpus=84 coverage=6112 exec total=95058 (39/sec) pending=0 reproducing=0 
2026/07/21 12:07:28 candidates=0 corpus=84 coverage=6112 exec total=95415 (39/sec) pending=0 reproducing=0 
2026/07/21 12:07:38 candidates=0 corpus=84 coverage=6112 exec total=95846 (39/sec) pending=0 reproducing=0 
2026/07/21 12:07:48 candidates=0 corpus=84 coverage=6112 exec total=96209 (39/sec) pending=0 reproducing=0 
2026/07/21 12:07:58 candidates=0 corpus=84 coverage=6112 exec total=96579 (39/sec) pending=0 reproducing=0 
2026/07/21 12:08:08 candidates=0 corpus=84 coverage=6112 exec total=97075 (39/sec) pending=0 reproducing=0 
2026/07/21 12:08:18 candidates=0 corpus=84 coverage=6112 exec total=97438 (39/sec) pending=0 reproducing=0 
2026/07/21 12:08:28 candidates=0 corpus=85 coverage=6113 exec total=97814 (39/sec) pending=0 reproducing=0 
2026/07/21 12:08:38 candidates=0 corpus=85 coverage=6113 exec total=98299 (39/sec) pending=0 reproducing=0 
2026/07/21 12:08:48 candidates=0 corpus=85 coverage=6113 exec total=98679 (39/sec) pending=0 reproducing=0 
2026/07/21 12:08:58 candidates=0 corpus=85 coverage=6113 exec total=99015 (39/sec) pending=0 reproducing=0 
2026/07/21 12:09:08 candidates=0 corpus=85 coverage=6113 exec total=99454 (39/sec) pending=0 reproducing=0 
2026/07/21 12:09:18 candidates=0 corpus=85 coverage=6113 exec total=99818 (39/sec) pending=0 reproducing=0 
2026/07/21 12:09:28 candidates=0 corpus=85 coverage=6113 exec total=100182 (39/sec) pending=0 reproducing=0 
2026/07/21 12:09:38 candidates=0 corpus=85 coverage=6113 exec total=100655 (39/sec) pending=0 reproducing=0 
2026/07/21 12:09:48 candidates=0 corpus=85 coverage=6113 exec total=101026 (39/sec) pending=0 reproducing=0 
2026/07/21 12:09:58 candidates=0 corpus=85 coverage=6113 exec total=101398 (39/sec) pending=0 reproducing=0 
2026/07/21 12:10:08 candidates=0 corpus=85 coverage=6113 exec total=101866 (39/sec) pending=0 reproducing=0 
2026/07/21 12:10:18 candidates=0 corpus=85 coverage=6113 exec total=102242 (39/sec) pending=0 reproducing=0 
2026/07/21 12:10:28 candidates=0 corpus=85 coverage=6113 exec total=102604 (39/sec) pending=0 reproducing=0 
2026/07/21 12:10:38 candidates=0 corpus=85 coverage=6113 exec total=103087 (39/sec) pending=0 reproducing=0 
2026/07/21 12:10:48 candidates=0 corpus=85 coverage=6113 exec total=103465 (39/sec) pending=0 reproducing=0 
2026/07/21 12:10:58 candidates=0 corpus=85 coverage=6113 exec total=103836 (39/sec) pending=0 reproducing=0 
2026/07/21 12:11:08 candidates=0 corpus=85 coverage=6113 exec total=104297 (39/sec) pending=0 reproducing=0 
2026/07/21 12:11:18 candidates=0 corpus=85 coverage=6113 exec total=104669 (39/sec) pending=0 reproducing=0 
2026/07/21 12:11:28 candidates=0 corpus=85 coverage=6113 exec total=105045 (39/sec) pending=0 reproducing=0 
2026/07/21 12:11:38 candidates=0 corpus=85 coverage=6113 exec total=105515 (39/sec) pending=0 reproducing=0 
2026/07/21 12:11:48 candidates=0 corpus=85 coverage=6113 exec total=105885 (39/sec) pending=0 reproducing=0 
2026/07/21 12:11:58 candidates=0 corpus=85 coverage=6113 exec total=106238 (39/sec) pending=0 reproducing=0 
2026/07/21 12:12:08 candidates=0 corpus=85 coverage=6113 exec total=106714 (39/sec) pending=0 reproducing=0 
2026/07/21 12:12:18 candidates=0 corpus=85 coverage=6113 exec total=107084 (39/sec) pending=0 reproducing=0 
2026/07/21 12:12:28 candidates=0 corpus=85 coverage=6113 exec total=107446 (39/sec) pending=0 reproducing=0 
2026/07/21 12:12:38 candidates=0 corpus=85 coverage=6113 exec total=107902 (39/sec) pending=0 reproducing=0 
2026/07/21 12:12:48 candidates=0 corpus=85 coverage=6113 exec total=108263 (39/sec) pending=0 reproducing=0 
2026/07/21 12:12:58 candidates=0 corpus=85 coverage=6113 exec total=108624 (39/sec) pending=0 reproducing=0 
2026/07/21 12:13:08 candidates=0 corpus=85 coverage=6113 exec total=109080 (39/sec) pending=0 reproducing=0 
2026/07/21 12:13:18 candidates=0 corpus=85 coverage=6113 exec total=109427 (39/sec) pending=0 reproducing=0 
2026/07/21 12:13:28 candidates=0 corpus=85 coverage=6113 exec total=109797 (39/sec) pending=0 reproducing=0 
2026/07/21 12:13:38 candidates=0 corpus=85 coverage=6113 exec total=110254 (39/sec) pending=0 reproducing=0 
2026/07/21 12:13:48 candidates=0 corpus=85 coverage=6113 exec total=110608 (39/sec) pending=0 reproducing=0 
2026/07/21 12:13:58 candidates=0 corpus=85 coverage=6113 exec total=110978 (39/sec) pending=0 reproducing=0 
2026/07/21 12:14:08 candidates=0 corpus=85 coverage=6113 exec total=111444 (39/sec) pending=0 reproducing=0 
2026/07/21 12:14:18 candidates=0 corpus=85 coverage=6113 exec total=111808 (39/sec) pending=0 reproducing=0 
2026/07/21 12:14:28 candidates=0 corpus=85 coverage=6113 exec total=112178 (39/sec) pending=0 reproducing=0 
2026/07/21 12:14:38 candidates=0 corpus=85 coverage=6113 exec total=112630 (39/sec) pending=0 reproducing=0 
2026/07/21 12:14:48 candidates=0 corpus=85 coverage=6113 exec total=112998 (39/sec) pending=0 reproducing=0 
2026/07/21 12:14:58 candidates=0 corpus=85 coverage=6113 exec total=113378 (39/sec) pending=0 reproducing=0 
2026/07/21 12:15:08 candidates=0 corpus=85 coverage=6113 exec total=113851 (39/sec) pending=0 reproducing=0 
2026/07/21 12:15:18 candidates=0 corpus=85 coverage=6113 exec total=114221 (39/sec) pending=0 reproducing=0 
2026/07/21 12:15:28 candidates=0 corpus=85 coverage=6113 exec total=114582 (39/sec) pending=0 reproducing=0 
2026/07/21 12:15:38 candidates=0 corpus=85 coverage=6113 exec total=115045 (39/sec) pending=0 reproducing=0 
2026/07/21 12:15:48 candidates=0 corpus=85 coverage=6113 exec total=115412 (39/sec) pending=0 reproducing=0 
2026/07/21 12:15:58 candidates=0 corpus=85 coverage=6113 exec total=115793 (39/sec) pending=0 reproducing=0 
2026/07/21 12:16:08 candidates=0 corpus=85 coverage=6113 exec total=116246 (39/sec) pending=0 reproducing=0 
2026/07/21 12:16:18 candidates=0 corpus=85 coverage=6113 exec total=116606 (39/sec) pending=0 reproducing=0 
2026/07/21 12:16:28 candidates=0 corpus=85 coverage=6113 exec total=116978 (39/sec) pending=0 reproducing=0 
2026/07/21 12:16:38 candidates=0 corpus=85 coverage=6113 exec total=117464 (39/sec) pending=0 reproducing=0 
2026/07/21 12:16:48 candidates=0 corpus=85 coverage=6113 exec total=117833 (39/sec) pending=0 reproducing=0 
2026/07/21 12:16:58 candidates=0 corpus=85 coverage=6113 exec total=118181 (39/sec) pending=0 reproducing=0 
2026/07/21 12:17:08 candidates=0 corpus=85 coverage=6113 exec total=118662 (39/sec) pending=0 reproducing=0 
2026/07/21 12:17:18 candidates=0 corpus=85 coverage=6113 exec total=119018 (39/sec) pending=0 reproducing=0 
2026/07/21 12:17:28 candidates=0 corpus=85 coverage=6113 exec total=119379 (39/sec) pending=0 reproducing=0 
2026/07/21 12:17:38 candidates=0 corpus=85 coverage=6113 exec total=119840 (39/sec) pending=0 reproducing=0 
2026/07/21 12:17:48 candidates=0 corpus=85 coverage=6113 exec total=120206 (39/sec) pending=0 reproducing=0 
2026/07/21 12:17:58 candidates=0 corpus=85 coverage=6113 exec total=120578 (39/sec) pending=0 reproducing=0 
2026/07/21 12:18:08 candidates=0 corpus=85 coverage=6113 exec total=121013 (39/sec) pending=0 reproducing=0 
2026/07/21 12:18:18 candidates=0 corpus=85 coverage=6113 exec total=121380 (39/sec) pending=0 reproducing=0 
2026/07/21 12:18:28 candidates=0 corpus=85 coverage=6113 exec total=121778 (39/sec) pending=0 reproducing=0 
2026/07/21 12:18:38 candidates=0 corpus=85 coverage=6113 exec total=122153 (39/sec) pending=0 reproducing=0 
2026/07/21 12:18:48 candidates=0 corpus=85 coverage=6113 exec total=122529 (39/sec) pending=0 reproducing=0 
2026/07/21 12:18:58 candidates=0 corpus=85 coverage=6113 exec total=122978 (39/sec) pending=0 reproducing=0 
2026/07/21 12:19:08 candidates=0 corpus=85 coverage=6113 exec total=123372 (39/sec) pending=0 reproducing=0 
2026/07/21 12:19:18 candidates=0 corpus=85 coverage=6113 exec total=123736 (39/sec) pending=0 reproducing=0 
2026/07/21 12:19:28 candidates=0 corpus=85 coverage=6113 exec total=124178 (39/sec) pending=0 reproducing=0 
2026/07/21 12:19:38 candidates=0 corpus=85 coverage=6113 exec total=124562 (39/sec) pending=0 reproducing=0 
2026/07/21 12:19:48 candidates=0 corpus=85 coverage=6113 exec total=124912 (39/sec) pending=0 reproducing=0 
2026/07/21 12:19:58 candidates=0 corpus=85 coverage=6113 exec total=125363 (39/sec) pending=0 reproducing=0 
2026/07/21 12:20:08 candidates=0 corpus=85 coverage=6113 exec total=125727 (39/sec) pending=0 reproducing=0 
2026/07/21 12:20:18 candidates=0 corpus=85 coverage=6113 exec total=126089 (39/sec) pending=0 reproducing=0 
2026/07/21 12:20:28 candidates=0 corpus=85 coverage=6113 exec total=126547 (39/sec) pending=0 reproducing=0 
2026/07/21 12:20:38 candidates=0 corpus=85 coverage=6113 exec total=126913 (39/sec) pending=0 reproducing=0 
2026/07/21 12:20:48 candidates=0 corpus=85 coverage=6113 exec total=127270 (39/sec) pending=0 reproducing=0 
2026/07/21 12:20:58 candidates=0 corpus=85 coverage=6113 exec total=127740 (39/sec) pending=0 reproducing=0 
2026/07/21 12:21:08 candidates=0 corpus=85 coverage=6113 exec total=128112 (39/sec) pending=0 reproducing=0 
2026/07/21 12:21:18 candidates=0 corpus=86 coverage=6121 exec total=128451 (39/sec) pending=0 reproducing=0 
2026/07/21 12:21:28 candidates=0 corpus=86 coverage=6121 exec total=128883 (39/sec) pending=0 reproducing=0 
2026/07/21 12:21:38 candidates=0 corpus=86 coverage=6121 exec total=129255 (39/sec) pending=0 reproducing=0 
2026/07/21 12:21:48 candidates=0 corpus=86 coverage=6121 exec total=129605 (39/sec) pending=0 reproducing=0 
2026/07/21 12:21:58 candidates=0 corpus=86 coverage=6121 exec total=130063 (39/sec) pending=0 reproducing=0 
2026/07/21 12:22:08 candidates=0 corpus=86 coverage=6121 exec total=130429 (39/sec) pending=0 reproducing=0 
2026/07/21 12:22:18 candidates=0 corpus=86 coverage=6121 exec total=130824 (39/sec) pending=0 reproducing=0 
2026/07/21 12:22:28 candidates=0 corpus=86 coverage=6121 exec total=131304 (39/sec) pending=0 reproducing=0 
2026/07/21 12:22:38 candidates=0 corpus=86 coverage=6121 exec total=131676 (39/sec) pending=0 reproducing=0 
2026/07/21 12:22:48 candidates=0 corpus=86 coverage=6121 exec total=132055 (39/sec) pending=0 reproducing=0 
2026/07/21 12:22:58 candidates=0 corpus=86 coverage=6121 exec total=132547 (39/sec) pending=0 reproducing=0 
2026/07/21 12:23:08 candidates=0 corpus=86 coverage=6121 exec total=132918 (39/sec) pending=0 reproducing=0 
2026/07/21 12:23:18 candidates=0 corpus=86 coverage=6121 exec total=133296 (39/sec) pending=0 reproducing=0 
2026/07/21 12:23:28 candidates=0 corpus=86 coverage=6121 exec total=133778 (39/sec) pending=0 reproducing=0 
2026/07/21 12:23:38 candidates=0 corpus=86 coverage=6121 exec total=134155 (39/sec) pending=0 reproducing=0 
2026/07/21 12:23:48 candidates=0 corpus=86 coverage=6121 exec total=134531 (39/sec) pending=0 reproducing=0 
2026/07/21 12:23:58 candidates=0 corpus=86 coverage=6121 exec total=134978 (39/sec) pending=0 reproducing=0 
2026/07/21 12:24:08 candidates=0 corpus=86 coverage=6121 exec total=135384 (39/sec) pending=0 reproducing=0 
2026/07/21 12:24:18 candidates=0 corpus=86 coverage=6121 exec total=135760 (39/sec) pending=0 reproducing=0 
2026/07/21 12:24:28 candidates=0 corpus=86 coverage=6121 exec total=136178 (39/sec) pending=0 reproducing=0 
2026/07/21 12:24:38 candidates=0 corpus=86 coverage=6121 exec total=136616 (39/sec) pending=0 reproducing=0 
2026/07/21 12:24:48 candidates=0 corpus=86 coverage=6121 exec total=136995 (39/sec) pending=0 reproducing=0 
2026/07/21 12:24:58 candidates=0 corpus=86 coverage=6121 exec total=137378 (39/sec) pending=0 reproducing=0 
2026/07/21 12:25:08 candidates=0 corpus=86 coverage=6121 exec total=137830 (39/sec) pending=0 reproducing=0 
2026/07/21 12:25:18 candidates=0 corpus=86 coverage=6121 exec total=138212 (39/sec) pending=0 reproducing=0 
2026/07/21 12:25:28 candidates=0 corpus=86 coverage=6121 exec total=138578 (39/sec) pending=0 reproducing=0 
2026/07/21 12:25:38 candidates=0 corpus=86 coverage=6121 exec total=139004 (39/sec) pending=0 reproducing=0 
2026/07/21 12:25:48 candidates=0 corpus=86 coverage=6121 exec total=139354 (39/sec) pending=0 reproducing=0 
2026/07/21 12:25:58 candidates=0 corpus=86 coverage=6121 exec total=139778 (39/sec) pending=0 reproducing=0 
2026/07/21 12:26:08 candidates=0 corpus=86 coverage=6121 exec total=140197 (39/sec) pending=0 reproducing=0 
2026/07/21 12:26:18 candidates=0 corpus=86 coverage=6121 exec total=140559 (39/sec) pending=0 reproducing=0 
2026/07/21 12:26:28 candidates=0 corpus=86 coverage=6121 exec total=140978 (39/sec) pending=0 reproducing=0 
2026/07/21 12:26:38 candidates=0 corpus=86 coverage=6121 exec total=141395 (39/sec) pending=0 reproducing=0 
2026/07/21 12:26:48 candidates=0 corpus=86 coverage=6121 exec total=141758 (39/sec) pending=0 reproducing=0 
2026/07/21 12:26:58 candidates=0 corpus=87 coverage=6121 exec total=142178 (39/sec) pending=0 reproducing=0 
2026/07/21 12:27:08 candidates=0 corpus=87 coverage=6121 exec total=142614 (39/sec) pending=0 reproducing=0 
2026/07/21 12:27:10 VM 0: running for 1h0m0.000973822s, restarting
2026/07/21 12:27:18 candidates=0 corpus=87 coverage=6121 exec total=142699 (39/sec) pending=0 reproducing=0 
2026/07/21 12:27:28 candidates=0 corpus=87 coverage=6121 exec total=142853 (39/sec) pending=0 reproducing=0 
2026/07/21 12:27:38 candidates=0 corpus=87 coverage=6121 exec total=143299 (39/sec) pending=0 reproducing=0 
2026/07/21 12:27:48 candidates=0 corpus=87 coverage=6121 exec total=143696 (39/sec) pending=0 reproducing=0 
2026/07/21 12:27:58 candidates=0 corpus=87 coverage=6121 exec total=144059 (39/sec) pending=0 reproducing=0 
2026/07/21 12:28:08 candidates=0 corpus=87 coverage=6121 exec total=144499 (39/sec) pending=0 reproducing=0 
2026/07/21 12:28:18 candidates=0 corpus=87 coverage=6121 exec total=144892 (39/sec) pending=0 reproducing=0 
2026/07/21 12:28:28 candidates=0 corpus=87 coverage=6121 exec total=145262 (39/sec) pending=0 reproducing=0 
2026/07/21 12:28:38 candidates=0 corpus=87 coverage=6121 exec total=145699 (39/sec) pending=0 reproducing=0 
2026/07/21 12:28:48 candidates=0 corpus=87 coverage=6121 exec total=146135 (39/sec) pending=0 reproducing=0 
2026/07/21 12:28:58 candidates=0 corpus=87 coverage=6121 exec total=146498 (39/sec) pending=0 reproducing=0 
2026/07/21 12:29:08 candidates=0 corpus=87 coverage=6121 exec total=146899 (39/sec) pending=0 reproducing=0 
2026/07/21 12:29:18 candidates=0 corpus=87 coverage=6121 exec total=147358 (39/sec) pending=0 reproducing=0 
2026/07/21 12:29:28 candidates=0 corpus=87 coverage=6121 exec total=147737 (39/sec) pending=0 reproducing=0 
2026/07/21 12:29:38 candidates=0 corpus=87 coverage=6121 exec total=148119 (39/sec) pending=0 reproducing=0 
2026/07/21 12:29:48 candidates=0 corpus=87 coverage=6121 exec total=148601 (39/sec) pending=0 reproducing=0 
2026/07/21 12:29:58 candidates=0 corpus=87 coverage=6121 exec total=148975 (39/sec) pending=0 reproducing=0 
2026/07/21 12:30:08 candidates=0 corpus=87 coverage=6121 exec total=149321 (39/sec) pending=0 reproducing=0 
2026/07/21 12:30:18 candidates=0 corpus=87 coverage=6121 exec total=149791 (39/sec) pending=0 reproducing=0 
2026/07/21 12:30:28 candidates=0 corpus=87 coverage=6121 exec total=150141 (39/sec) pending=0 reproducing=0 
2026/07/21 12:30:38 candidates=0 corpus=87 coverage=6121 exec total=150499 (39/sec) pending=0 reproducing=0 
2026/07/21 12:30:48 candidates=0 corpus=87 coverage=6121 exec total=150955 (39/sec) pending=0 reproducing=0 
2026/07/21 12:30:58 candidates=0 corpus=87 coverage=6121 exec total=151276 (39/sec) pending=0 reproducing=0 
2026/07/21 12:31:08 candidates=0 corpus=87 coverage=6121 exec total=151699 (39/sec) pending=0 reproducing=0 
2026/07/21 12:31:18 candidates=0 corpus=87 coverage=6121 exec total=152095 (39/sec) pending=0 reproducing=0 
2026/07/21 12:31:28 candidates=0 corpus=87 coverage=6121 exec total=152460 (39/sec) pending=0 reproducing=0 
2026/07/21 12:31:38 candidates=0 corpus=87 coverage=6121 exec total=152889 (39/sec) pending=0 reproducing=0 
2026/07/21 12:31:48 candidates=0 corpus=87 coverage=6121 exec total=153269 (39/sec) pending=0 reproducing=0 
2026/07/21 12:31:58 candidates=0 corpus=87 coverage=6121 exec total=153643 (39/sec) pending=0 reproducing=0 
2026/07/21 12:32:08 candidates=0 corpus=87 coverage=6121 exec total=154099 (39/sec) pending=0 reproducing=0 
2026/07/21 12:32:18 candidates=0 corpus=87 coverage=6121 exec total=154485 (39/sec) pending=0 reproducing=0 
2026/07/21 12:32:28 candidates=0 corpus=87 coverage=6121 exec total=154859 (39/sec) pending=0 reproducing=0 
2026/07/21 12:32:38 candidates=0 corpus=87 coverage=6121 exec total=155299 (39/sec) pending=0 reproducing=0 
2026/07/21 12:32:48 candidates=0 corpus=87 coverage=6121 exec total=155707 (39/sec) pending=0 reproducing=0 
2026/07/21 12:32:58 candidates=0 corpus=87 coverage=6121 exec total=156092 (39/sec) pending=0 reproducing=0 
2026/07/21 12:33:08 candidates=0 corpus=87 coverage=6121 exec total=156499 (39/sec) pending=0 reproducing=0 
2026/07/21 12:33:18 candidates=0 corpus=87 coverage=6121 exec total=156921 (39/sec) pending=0 reproducing=0 
2026/07/21 12:33:28 candidates=0 corpus=87 coverage=6121 exec total=157291 (39/sec) pending=0 reproducing=0 
2026/07/21 12:33:38 candidates=0 corpus=87 coverage=6121 exec total=157699 (39/sec) pending=0 reproducing=0 
2026/07/21 12:33:48 candidates=0 corpus=87 coverage=6121 exec total=158133 (39/sec) pending=0 reproducing=0 
2026/07/21 12:33:58 candidates=0 corpus=87 coverage=6121 exec total=158506 (39/sec) pending=0 reproducing=0 
2026/07/21 12:34:08 candidates=0 corpus=87 coverage=6121 exec total=158899 (39/sec) pending=0 reproducing=0 
2026/07/21 12:34:18 candidates=0 corpus=87 coverage=6121 exec total=159335 (39/sec) pending=0 reproducing=0 
2026/07/21 12:34:28 candidates=0 corpus=87 coverage=6121 exec total=159699 (39/sec) pending=0 reproducing=0 
2026/07/21 12:34:38 candidates=0 corpus=87 coverage=6121 exec total=160099 (39/sec) pending=0 reproducing=0 
2026/07/21 12:34:48 candidates=0 corpus=87 coverage=6121 exec total=160567 (39/sec) pending=0 reproducing=0 
2026/07/21 12:34:58 candidates=0 corpus=87 coverage=6121 exec total=160949 (39/sec) pending=0 reproducing=0 
2026/07/21 12:35:08 candidates=0 corpus=87 coverage=6121 exec total=161324 (39/sec) pending=0 reproducing=0 
2026/07/21 12:35:18 candidates=0 corpus=87 coverage=6121 exec total=161803 (39/sec) pending=0 reproducing=0 
2026/07/21 12:35:28 candidates=0 corpus=87 coverage=6121 exec total=162177 (39/sec) pending=0 reproducing=0 
2026/07/21 12:35:38 candidates=0 corpus=87 coverage=6121 exec total=162545 (39/sec) pending=0 reproducing=0 
2026/07/21 12:35:48 candidates=0 corpus=87 coverage=6121 exec total=163034 (39/sec) pending=0 reproducing=0 
2026/07/21 12:35:58 candidates=0 corpus=87 coverage=6121 exec total=163357 (39/sec) pending=0 reproducing=0 
2026/07/21 12:36:08 candidates=0 corpus=87 coverage=6121 exec total=163726 (39/sec) pending=0 reproducing=0 
2026/07/21 12:36:18 candidates=0 corpus=87 coverage=6121 exec total=164213 (39/sec) pending=0 reproducing=0 
2026/07/21 12:36:28 candidates=0 corpus=87 coverage=6121 exec total=164575 (39/sec) pending=0 reproducing=0 
2026/07/21 12:36:38 candidates=0 corpus=87 coverage=6121 exec total=164938 (39/sec) pending=0 reproducing=0 
2026/07/21 12:36:48 candidates=0 corpus=87 coverage=6121 exec total=165379 (39/sec) pending=0 reproducing=0 
2026/07/21 12:36:58 candidates=0 corpus=87 coverage=6121 exec total=165762 (39/sec) pending=0 reproducing=0 
2026/07/21 12:37:08 candidates=0 corpus=87 coverage=6121 exec total=166147 (39/sec) pending=0 reproducing=0 
2026/07/21 12:37:18 candidates=0 corpus=87 coverage=6121 exec total=166629 (39/sec) pending=0 reproducing=0 
2026/07/21 12:37:28 candidates=0 corpus=87 coverage=6121 exec total=166997 (39/sec) pending=0 reproducing=0 
2026/07/21 12:37:38 candidates=0 corpus=87 coverage=6121 exec total=167371 (39/sec) pending=0 reproducing=0 
2026/07/21 12:37:48 candidates=0 corpus=87 coverage=6121 exec total=167808 (39/sec) pending=0 reproducing=0 
2026/07/21 12:37:58 candidates=0 corpus=87 coverage=6121 exec total=168171 (39/sec) pending=0 reproducing=0 
2026/07/21 12:38:08 candidates=0 corpus=87 coverage=6121 exec total=168545 (39/sec) pending=0 reproducing=0 
2026/07/21 12:38:18 candidates=0 corpus=87 coverage=6121 exec total=169016 (39/sec) pending=0 reproducing=0 
2026/07/21 12:38:28 candidates=0 corpus=87 coverage=6121 exec total=169387 (39/sec) pending=0 reproducing=0 
2026/07/21 12:38:38 candidates=0 corpus=87 coverage=6121 exec total=169762 (39/sec) pending=0 reproducing=0 
2026/07/21 12:38:48 candidates=0 corpus=87 coverage=6121 exec total=170243 (39/sec) pending=0 reproducing=0 
2026/07/21 12:38:58 candidates=0 corpus=87 coverage=6121 exec total=170598 (39/sec) pending=0 reproducing=0 
2026/07/21 12:39:08 candidates=0 corpus=87 coverage=6121 exec total=170960 (39/sec) pending=0 reproducing=0 
2026/07/21 12:39:18 candidates=0 corpus=87 coverage=6121 exec total=171447 (39/sec) pending=0 reproducing=0 
2026/07/21 12:39:28 candidates=0 corpus=87 coverage=6121 exec total=171816 (39/sec) pending=0 reproducing=0 
2026/07/21 12:39:38 candidates=0 corpus=87 coverage=6121 exec total=172197 (39/sec) pending=0 reproducing=0 
2026/07/21 12:39:48 candidates=0 corpus=87 coverage=6121 exec total=172683 (39/sec) pending=0 reproducing=0 
2026/07/21 12:39:58 candidates=0 corpus=87 coverage=6121 exec total=173047 (39/sec) pending=0 reproducing=0 
2026/07/21 12:40:08 candidates=0 corpus=87 coverage=6121 exec total=173424 (39/sec) pending=0 reproducing=0 
2026/07/21 12:40:18 candidates=0 corpus=87 coverage=6121 exec total=173899 (39/sec) pending=0 reproducing=0 
2026/07/21 12:40:28 candidates=0 corpus=87 coverage=6121 exec total=174280 (39/sec) pending=0 reproducing=0 
2026/07/21 12:40:38 candidates=0 corpus=87 coverage=6121 exec total=174643 (39/sec) pending=0 reproducing=0 
2026/07/21 12:40:48 candidates=0 corpus=87 coverage=6121 exec total=175099 (39/sec) pending=0 reproducing=0 
2026/07/21 12:40:58 candidates=0 corpus=87 coverage=6121 exec total=175498 (39/sec) pending=0 reproducing=0 
2026/07/21 12:41:08 candidates=0 corpus=87 coverage=6121 exec total=175865 (39/sec) pending=0 reproducing=0 
2026/07/21 12:41:18 candidates=0 corpus=87 coverage=6121 exec total=176299 (39/sec) pending=0 reproducing=0 
2026/07/21 12:41:28 candidates=0 corpus=87 coverage=6121 exec total=176671 (39/sec) pending=0 reproducing=0 
2026/07/21 12:41:38 candidates=0 corpus=87 coverage=6121 exec total=177048 (39/sec) pending=0 reproducing=0 
2026/07/21 12:41:48 candidates=0 corpus=87 coverage=6121 exec total=177499 (39/sec) pending=0 reproducing=0 
2026/07/21 12:41:58 candidates=0 corpus=87 coverage=6121 exec total=177894 (39/sec) pending=0 reproducing=0 
2026/07/21 12:42:08 candidates=0 corpus=87 coverage=6121 exec total=178279 (39/sec) pending=0 reproducing=0 
2026/07/21 12:42:18 candidates=0 corpus=87 coverage=6121 exec total=178699 (39/sec) pending=0 reproducing=0 
2026/07/21 12:42:28 candidates=0 corpus=87 coverage=6121 exec total=179109 (39/sec) pending=0 reproducing=0 
2026/07/21 12:42:38 candidates=0 corpus=87 coverage=6121 exec total=179477 (39/sec) pending=0 reproducing=0 
2026/07/21 12:42:48 candidates=0 corpus=87 coverage=6121 exec total=179899 (39/sec) pending=0 reproducing=0 
2026/07/21 12:42:58 candidates=0 corpus=87 coverage=6121 exec total=180301 (39/sec) pending=0 reproducing=0 
2026/07/21 12:43:08 candidates=0 corpus=87 coverage=6121 exec total=180682 (39/sec) pending=0 reproducing=0 
2026/07/21 12:43:18 candidates=0 corpus=87 coverage=6121 exec total=181099 (39/sec) pending=0 reproducing=0 
2026/07/21 12:43:28 candidates=0 corpus=87 coverage=6121 exec total=181519 (39/sec) pending=0 reproducing=0 
2026/07/21 12:43:38 candidates=0 corpus=87 coverage=6121 exec total=181903 (39/sec) pending=0 reproducing=0 
2026/07/21 12:43:48 candidates=0 corpus=87 coverage=6121 exec total=182299 (39/sec) pending=0 reproducing=0 
2026/07/21 12:43:58 candidates=0 corpus=87 coverage=6121 exec total=182762 (39/sec) pending=0 reproducing=0 
2026/07/21 12:44:08 candidates=0 corpus=87 coverage=6121 exec total=183147 (39/sec) pending=0 reproducing=0 
2026/07/21 12:44:18 candidates=0 corpus=87 coverage=6121 exec total=183512 (39/sec) pending=0 reproducing=0 
2026/07/21 12:44:28 candidates=0 corpus=87 coverage=6121 exec total=183986 (39/sec) pending=0 reproducing=0 
2026/07/21 12:44:38 candidates=0 corpus=87 coverage=6121 exec total=184351 (39/sec) pending=0 reproducing=0 
2026/07/21 12:44:48 candidates=0 corpus=87 coverage=6121 exec total=184724 (39/sec) pending=0 reproducing=0 
2026/07/21 12:44:58 candidates=0 corpus=87 coverage=6121 exec total=185198 (39/sec) pending=0 reproducing=0 
2026/07/21 12:45:08 candidates=0 corpus=87 coverage=6121 exec total=185572 (39/sec) pending=0 reproducing=0 
2026/07/21 12:45:18 candidates=0 corpus=87 coverage=6121 exec total=185939 (39/sec) pending=0 reproducing=0 
2026/07/21 12:45:28 candidates=0 corpus=87 coverage=6121 exec total=186405 (39/sec) pending=0 reproducing=0 
2026/07/21 12:45:38 candidates=0 corpus=87 coverage=6121 exec total=186763 (39/sec) pending=0 reproducing=0 
2026/07/21 12:45:48 candidates=0 corpus=87 coverage=6121 exec total=187139 (39/sec) pending=0 reproducing=0 
2026/07/21 12:45:58 candidates=0 corpus=87 coverage=6121 exec total=187618 (39/sec) pending=0 reproducing=0 
2026/07/21 12:46:08 candidates=0 corpus=87 coverage=6121 exec total=187981 (39/sec) pending=0 reproducing=0 
2026/07/21 12:46:18 candidates=0 corpus=87 coverage=6121 exec total=188358 (39/sec) pending=0 reproducing=0 
2026/07/21 12:46:28 candidates=0 corpus=87 coverage=6121 exec total=188833 (39/sec) pending=0 reproducing=0 
2026/07/21 12:46:38 candidates=0 corpus=87 coverage=6121 exec total=189215 (39/sec) pending=0 reproducing=0 
2026/07/21 12:46:48 candidates=0 corpus=87 coverage=6121 exec total=189592 (39/sec) pending=0 reproducing=0 
2026/07/21 12:46:58 candidates=0 corpus=87 coverage=6121 exec total=190071 (39/sec) pending=0 reproducing=0 
2026/07/21 12:47:08 candidates=0 corpus=87 coverage=6121 exec total=190428 (39/sec) pending=0 reproducing=0 
2026/07/21 12:47:18 candidates=0 corpus=87 coverage=6121 exec total=190814 (39/sec) pending=0 reproducing=0 
2026/07/21 12:47:28 candidates=0 corpus=87 coverage=6121 exec total=191294 (39/sec) pending=0 reproducing=0 
2026/07/21 12:47:38 candidates=0 corpus=87 coverage=6121 exec total=191667 (39/sec) pending=0 reproducing=0 
2026/07/21 12:47:48 candidates=0 corpus=87 coverage=6121 exec total=192042 (39/sec) pending=0 reproducing=0 
2026/07/21 12:47:58 candidates=0 corpus=87 coverage=6121 exec total=192499 (39/sec) pending=0 reproducing=0 
2026/07/21 12:48:08 candidates=0 corpus=87 coverage=6121 exec total=192900 (39/sec) pending=0 reproducing=0 
2026/07/21 12:48:18 candidates=0 corpus=87 coverage=6121 exec total=193279 (39/sec) pending=0 reproducing=0 
2026/07/21 12:48:28 candidates=0 corpus=87 coverage=6121 exec total=193699 (39/sec) pending=0 reproducing=0 
2026/07/21 12:48:38 candidates=0 corpus=87 coverage=6121 exec total=194118 (39/sec) pending=0 reproducing=0 
2026/07/21 12:48:48 candidates=0 corpus=87 coverage=6121 exec total=194499 (39/sec) pending=0 reproducing=0 
2026/07/21 12:48:58 candidates=0 corpus=87 coverage=6121 exec total=194899 (39/sec) pending=0 reproducing=0 
2026/07/21 12:49:08 candidates=0 corpus=87 coverage=6121 exec total=195352 (39/sec) pending=0 reproducing=0 
2026/07/21 12:49:18 candidates=0 corpus=87 coverage=6121 exec total=195723 (39/sec) pending=0 reproducing=0 
2026/07/21 12:49:28 candidates=0 corpus=87 coverage=6121 exec total=196099 (39/sec) pending=0 reproducing=0 
2026/07/21 12:49:38 candidates=0 corpus=87 coverage=6121 exec total=196562 (39/sec) pending=0 reproducing=0 
2026/07/21 12:49:48 candidates=0 corpus=87 coverage=6121 exec total=196921 (39/sec) pending=0 reproducing=0 
2026/07/21 12:49:58 candidates=0 corpus=87 coverage=6121 exec total=197299 (39/sec) pending=0 reproducing=0 
2026/07/21 12:50:08 candidates=0 corpus=87 coverage=6121 exec total=197671 (39/sec) pending=0 reproducing=0 
2026/07/21 12:50:18 candidates=0 corpus=87 coverage=6121 exec total=198049 (39/sec) pending=0 reproducing=0 
2026/07/21 12:50:28 candidates=0 corpus=87 coverage=6121 exec total=198499 (39/sec) pending=0 reproducing=0 
2026/07/21 12:50:38 candidates=0 corpus=87 coverage=6121 exec total=198923 (39/sec) pending=0 reproducing=0 
2026/07/21 12:50:48 candidates=0 corpus=87 coverage=6121 exec total=199297 (39/sec) pending=0 reproducing=0 
2026/07/21 12:50:58 candidates=0 corpus=87 coverage=6121 exec total=199699 (39/sec) pending=0 reproducing=0 
2026/07/21 12:51:08 candidates=0 corpus=87 coverage=6121 exec total=200143 (39/sec) pending=0 reproducing=0 
2026/07/21 12:51:18 candidates=0 corpus=87 coverage=6121 exec total=200516 (39/sec) pending=0 reproducing=0 
2026/07/21 12:51:28 candidates=0 corpus=87 coverage=6121 exec total=200899 (39/sec) pending=0 reproducing=0 
2026/07/21 12:51:38 candidates=0 corpus=87 coverage=6121 exec total=201360 (39/sec) pending=0 reproducing=0 
2026/07/21 12:51:48 candidates=0 corpus=87 coverage=6121 exec total=201724 (39/sec) pending=0 reproducing=0 
2026/07/21 12:51:58 candidates=0 corpus=87 coverage=6121 exec total=202099 (39/sec) pending=0 reproducing=0 
2026/07/21 12:52:08 candidates=0 corpus=87 coverage=6121 exec total=202581 (39/sec) pending=0 reproducing=0 
2026/07/21 12:52:18 candidates=0 corpus=87 coverage=6121 exec total=202956 (39/sec) pending=0 reproducing=0 
2026/07/21 12:52:28 candidates=0 corpus=87 coverage=6121 exec total=203320 (39/sec) pending=0 reproducing=0 
2026/07/21 12:52:38 candidates=0 corpus=87 coverage=6121 exec total=203793 (39/sec) pending=0 reproducing=0 
2026/07/21 12:52:48 candidates=0 corpus=87 coverage=6121 exec total=204151 (39/sec) pending=0 reproducing=0 
2026/07/21 12:52:58 candidates=0 corpus=87 coverage=6121 exec total=204530 (39/sec) pending=0 reproducing=0 
2026/07/21 12:53:08 candidates=0 corpus=87 coverage=6121 exec total=204998 (39/sec) pending=0 reproducing=0 
2026/07/21 12:53:18 candidates=0 corpus=87 coverage=6121 exec total=205330 (39/sec) pending=0 reproducing=0 
2026/07/21 12:53:28 candidates=0 corpus=87 coverage=6121 exec total=205700 (39/sec) pending=0 reproducing=0 
2026/07/21 12:53:38 candidates=0 corpus=87 coverage=6121 exec total=206174 (39/sec) pending=0 reproducing=0 
2026/07/21 12:53:48 candidates=0 corpus=87 coverage=6121 exec total=206554 (39/sec) pending=0 reproducing=0 
2026/07/21 12:53:58 candidates=0 corpus=87 coverage=6121 exec total=206930 (39/sec) pending=0 reproducing=0 
2026/07/21 12:54:08 candidates=0 corpus=87 coverage=6121 exec total=207361 (39/sec) pending=0 reproducing=0 
2026/07/21 12:54:18 candidates=0 corpus=87 coverage=6121 exec total=207704 (39/sec) pending=0 reproducing=0 
2026/07/21 12:54:28 candidates=0 corpus=87 coverage=6121 exec total=208099 (39/sec) pending=0 reproducing=0 
2026/07/21 12:54:38 candidates=0 corpus=87 coverage=6121 exec total=208511 (39/sec) pending=0 reproducing=0 
2026/07/21 12:54:48 candidates=0 corpus=87 coverage=6121 exec total=208880 (39/sec) pending=0 reproducing=0 
2026/07/21 12:54:58 candidates=0 corpus=87 coverage=6121 exec total=209299 (39/sec) pending=0 reproducing=0 
2026/07/21 12:55:08 candidates=0 corpus=87 coverage=6121 exec total=209738 (39/sec) pending=0 reproducing=0 
2026/07/21 12:55:18 candidates=0 corpus=87 coverage=6121 exec total=210123 (39/sec) pending=0 reproducing=0 
2026/07/21 12:55:28 candidates=0 corpus=87 coverage=6121 exec total=210499 (39/sec) pending=0 reproducing=0 
2026/07/21 12:55:38 candidates=0 corpus=88 coverage=6122 exec total=210932 (39/sec) pending=0 reproducing=0 
2026/07/21 12:55:48 candidates=0 corpus=88 coverage=6122 exec total=211301 (39/sec) pending=0 reproducing=0 
2026/07/21 12:55:58 candidates=0 corpus=88 coverage=6122 exec total=211699 (39/sec) pending=0 reproducing=0 
2026/07/21 12:56:08 candidates=0 corpus=88 coverage=6122 exec total=212153 (39/sec) pending=0 reproducing=0 
2026/07/21 12:56:18 candidates=0 corpus=88 coverage=6122 exec total=212516 (39/sec) pending=0 reproducing=0 
2026/07/21 12:56:28 candidates=0 corpus=88 coverage=6122 exec total=212899 (39/sec) pending=0 reproducing=0 
2026/07/21 12:56:38 candidates=0 corpus=88 coverage=6122 exec total=213346 (39/sec) pending=0 reproducing=0 
2026/07/21 12:56:48 candidates=0 corpus=88 coverage=6122 exec total=213709 (39/sec) pending=0 reproducing=0 
2026/07/21 12:56:58 candidates=0 corpus=88 coverage=6122 exec total=214099 (39/sec) pending=0 reproducing=0 
2026/07/21 12:57:08 candidates=0 corpus=88 coverage=6122 exec total=214539 (39/sec) pending=0 reproducing=0 
2026/07/21 12:57:18 candidates=0 corpus=88 coverage=6122 exec total=214912 (39/sec) pending=0 reproducing=0 
2026/07/21 12:57:28 candidates=0 corpus=88 coverage=6122 exec total=215299 (39/sec) pending=0 reproducing=0 
2026/07/21 12:57:38 candidates=0 corpus=88 coverage=6122 exec total=215702 (39/sec) pending=0 reproducing=0 
2026/07/21 12:57:48 candidates=0 corpus=88 coverage=6122 exec total=216091 (39/sec) pending=0 reproducing=0 
2026/07/21 12:57:58 candidates=0 corpus=88 coverage=6122 exec total=216499 (39/sec) pending=0 reproducing=0 
2026/07/21 12:58:08 candidates=0 corpus=88 coverage=6122 exec total=216957 (39/sec) pending=0 reproducing=0 
2026/07/21 12:58:18 candidates=0 corpus=88 coverage=6122 exec total=217328 (39/sec) pending=0 reproducing=0 
2026/07/21 12:58:28 candidates=0 corpus=88 coverage=6122 exec total=217699 (39/sec) pending=0 reproducing=0 
2026/07/21 12:58:38 candidates=0 corpus=88 coverage=6122 exec total=218156 (39/sec) pending=0 reproducing=0 
2026/07/21 12:58:48 candidates=0 corpus=88 coverage=6122 exec total=218520 (39/sec) pending=0 reproducing=0 
2026/07/21 12:58:58 candidates=0 corpus=88 coverage=6122 exec total=218900 (39/sec) pending=0 reproducing=0 
2026/07/21 12:59:08 candidates=0 corpus=88 coverage=6122 exec total=219375 (39/sec) pending=0 reproducing=0 
2026/07/21 12:59:18 candidates=0 corpus=88 coverage=6122 exec total=219760 (39/sec) pending=0 reproducing=0 
2026/07/21 12:59:28 candidates=0 corpus=88 coverage=6122 exec total=220140 (39/sec) pending=0 reproducing=0 
2026/07/21 12:59:38 candidates=0 corpus=88 coverage=6122 exec total=220635 (39/sec) pending=0 reproducing=0 
2026/07/21 12:59:48 candidates=0 corpus=88 coverage=6122 exec total=220996 (39/sec) pending=0 reproducing=0 
2026/07/21 12:59:58 candidates=0 corpus=88 coverage=6122 exec total=221364 (39/sec) pending=0 reproducing=0 
2026/07/21 13:00:08 candidates=0 corpus=88 coverage=6122 exec total=221851 (39/sec) pending=0 reproducing=0 
2026/07/21 13:00:18 candidates=0 corpus=88 coverage=6122 exec total=222225 (39/sec) pending=0 reproducing=0 
2026/07/21 13:00:28 candidates=0 corpus=88 coverage=6122 exec total=222604 (39/sec) pending=0 reproducing=0 
2026/07/21 13:00:38 candidates=0 corpus=88 coverage=6122 exec total=223094 (39/sec) pending=0 reproducing=0 
2026/07/21 13:00:48 candidates=0 corpus=88 coverage=6122 exec total=223451 (39/sec) pending=0 reproducing=0 
2026/07/21 13:00:58 candidates=0 corpus=88 coverage=6122 exec total=223831 (39/sec) pending=0 reproducing=0 
2026/07/21 13:01:08 candidates=0 corpus=88 coverage=6122 exec total=224299 (39/sec) pending=0 reproducing=0 
2026/07/21 13:01:18 candidates=0 corpus=88 coverage=6122 exec total=224676 (39/sec) pending=0 reproducing=0 
2026/07/21 13:01:28 candidates=0 corpus=88 coverage=6122 exec total=225049 (39/sec) pending=0 reproducing=0 
2026/07/21 13:01:38 candidates=0 corpus=88 coverage=6122 exec total=225499 (39/sec) pending=0 reproducing=0 
2026/07/21 13:01:48 candidates=0 corpus=88 coverage=6122 exec total=225872 (39/sec) pending=0 reproducing=0 
2026/07/21 13:01:58 candidates=0 corpus=88 coverage=6122 exec total=226243 (39/sec) pending=0 reproducing=0 
2026/07/21 13:02:08 candidates=0 corpus=88 coverage=6122 exec total=226699 (39/sec) pending=0 reproducing=0 
2026/07/21 13:02:18 candidates=0 corpus=88 coverage=6122 exec total=227104 (39/sec) pending=0 reproducing=0 
2026/07/21 13:02:28 candidates=0 corpus=88 coverage=6122 exec total=227483 (39/sec) pending=0 reproducing=0 
2026/07/21 13:02:38 candidates=0 corpus=88 coverage=6122 exec total=227870 (39/sec) pending=0 reproducing=0 
2026/07/21 13:02:48 candidates=0 corpus=88 coverage=6122 exec total=228247 (39/sec) pending=0 reproducing=0 
2026/07/21 13:02:58 candidates=0 corpus=88 coverage=6122 exec total=228617 (39/sec) pending=0 reproducing=0 
2026/07/21 13:03:08 candidates=0 corpus=88 coverage=6122 exec total=229089 (39/sec) pending=0 reproducing=0 
2026/07/21 13:03:18 candidates=0 corpus=88 coverage=6122 exec total=229469 (39/sec) pending=0 reproducing=0 
2026/07/21 13:03:28 candidates=0 corpus=88 coverage=6122 exec total=229856 (39/sec) pending=0 reproducing=0 
2026/07/21 13:03:38 candidates=0 corpus=88 coverage=6122 exec total=230299 (39/sec) pending=0 reproducing=0 
2026/07/21 13:03:48 candidates=0 corpus=88 coverage=6122 exec total=230706 (39/sec) pending=0 reproducing=0 
2026/07/21 13:03:58 candidates=0 corpus=88 coverage=6122 exec total=231073 (39/sec) pending=0 reproducing=0 
2026/07/21 13:04:08 candidates=0 corpus=88 coverage=6122 exec total=231499 (39/sec) pending=0 reproducing=0 
2026/07/21 13:04:18 candidates=0 corpus=88 coverage=6122 exec total=231919 (39/sec) pending=0 reproducing=0 
2026/07/21 13:04:28 candidates=0 corpus=88 coverage=6122 exec total=232252 (39/sec) pending=0 reproducing=0 
2026/07/21 13:04:38 candidates=0 corpus=88 coverage=6122 exec total=232699 (39/sec) pending=0 reproducing=0 
2026/07/21 13:04:48 candidates=0 corpus=88 coverage=6122 exec total=233078 (39/sec) pending=0 reproducing=0 
2026/07/21 13:04:58 candidates=0 corpus=88 coverage=6122 exec total=233456 (39/sec) pending=0 reproducing=0 
2026/07/21 13:05:08 candidates=0 corpus=88 coverage=6122 exec total=233899 (39/sec) pending=0 reproducing=0 
2026/07/21 13:05:18 candidates=0 corpus=88 coverage=6122 exec total=234307 (39/sec) pending=0 reproducing=0 
2026/07/21 13:05:28 candidates=0 corpus=88 coverage=6122 exec total=234676 (39/sec) pending=0 reproducing=0 
2026/07/21 13:05:38 candidates=0 corpus=88 coverage=6122 exec total=235099 (39/sec) pending=0 reproducing=0 
2026/07/21 13:05:48 candidates=0 corpus=88 coverage=6122 exec total=235510 (39/sec) pending=0 reproducing=0 
2026/07/21 13:05:58 candidates=0 corpus=88 coverage=6122 exec total=235874 (39/sec) pending=0 reproducing=0 
2026/07/21 13:06:08 candidates=0 corpus=88 coverage=6122 exec total=236299 (39/sec) pending=0 reproducing=0 
2026/07/21 13:06:18 candidates=0 corpus=88 coverage=6122 exec total=236729 (39/sec) pending=0 reproducing=0 
2026/07/21 13:06:28 candidates=0 corpus=88 coverage=6122 exec total=237115 (39/sec) pending=0 reproducing=0 
2026/07/21 13:06:38 candidates=0 corpus=88 coverage=6122 exec total=237499 (39/sec) pending=0 reproducing=0 
2026/07/21 13:06:48 candidates=0 corpus=88 coverage=6122 exec total=237967 (39/sec) pending=0 reproducing=0 
2026/07/21 13:06:58 candidates=0 corpus=88 coverage=6122 exec total=238343 (39/sec) pending=0 reproducing=0 
2026/07/21 13:07:08 candidates=0 corpus=88 coverage=6122 exec total=238699 (39/sec) pending=0 reproducing=0 
2026/07/21 13:07:18 candidates=0 corpus=88 coverage=6122 exec total=239118 (39/sec) pending=0 reproducing=0 
2026/07/21 13:07:28 candidates=0 corpus=88 coverage=6122 exec total=239494 (39/sec) pending=0 reproducing=0 
2026/07/21 13:07:38 candidates=0 corpus=88 coverage=6122 exec total=239899 (39/sec) pending=0 reproducing=0 
2026/07/21 13:07:48 candidates=0 corpus=88 coverage=6122 exec total=240352 (39/sec) pending=0 reproducing=0 
2026/07/21 13:07:58 candidates=0 corpus=88 coverage=6122 exec total=240731 (39/sec) pending=0 reproducing=0 
2026/07/21 13:08:08 candidates=0 corpus=88 coverage=6122 exec total=241099 (39/sec) pending=0 reproducing=0 
2026/07/21 13:08:18 candidates=0 corpus=88 coverage=6122 exec total=241545 (39/sec) pending=0 reproducing=0 
2026/07/21 13:08:28 candidates=0 corpus=88 coverage=6122 exec total=241922 (39/sec) pending=0 reproducing=0 
2026/07/21 13:08:38 candidates=0 corpus=88 coverage=6122 exec total=242299 (39/sec) pending=0 reproducing=0 
2026/07/21 13:08:48 candidates=0 corpus=88 coverage=6122 exec total=242749 (39/sec) pending=0 reproducing=0 
2026/07/21 13:08:58 candidates=0 corpus=88 coverage=6122 exec total=243122 (39/sec) pending=0 reproducing=0 
2026/07/21 13:09:08 candidates=0 corpus=88 coverage=6122 exec total=243499 (39/sec) pending=0 reproducing=0 
2026/07/21 13:09:18 candidates=0 corpus=88 coverage=6122 exec total=243937 (39/sec) pending=0 reproducing=0 
2026/07/21 13:09:28 candidates=0 corpus=88 coverage=6122 exec total=244304 (39/sec) pending=0 reproducing=0 
2026/07/21 13:09:38 candidates=0 corpus=88 coverage=6122 exec total=244699 (39/sec) pending=0 reproducing=0 
2026/07/21 13:09:48 candidates=0 corpus=88 coverage=6122 exec total=245100 (39/sec) pending=0 reproducing=0 
2026/07/21 13:09:58 candidates=0 corpus=88 coverage=6122 exec total=245465 (39/sec) pending=0 reproducing=0 
2026/07/21 13:10:08 candidates=0 corpus=88 coverage=6122 exec total=245899 (39/sec) pending=0 reproducing=0 
2026/07/21 13:10:18 candidates=0 corpus=88 coverage=6122 exec total=246312 (39/sec) pending=0 reproducing=0 
2026/07/21 13:10:28 candidates=0 corpus=88 coverage=6122 exec total=246655 (39/sec) pending=0 reproducing=0 
2026/07/21 13:10:38 candidates=0 corpus=88 coverage=6122 exec total=247099 (39/sec) pending=0 reproducing=0 
2026/07/21 13:10:48 candidates=0 corpus=88 coverage=6122 exec total=247489 (39/sec) pending=0 reproducing=0 
2026/07/21 13:10:58 candidates=0 corpus=91 coverage=6371 exec total=247874 (39/sec) pending=0 reproducing=0 
2026/07/21 13:11:08 candidates=0 corpus=91 coverage=6371 exec total=248299 (39/sec) pending=0 reproducing=0 
2026/07/21 13:11:18 candidates=0 corpus=90 coverage=6371 exec total=248733 (39/sec) pending=0 reproducing=0 
2026/07/21 13:11:28 candidates=0 corpus=90 coverage=6371 exec total=249107 (39/sec) pending=0 reproducing=0 
2026/07/21 13:11:38 candidates=0 corpus=90 coverage=6371 exec total=249499 (39/sec) pending=0 reproducing=0 
2026/07/21 13:11:48 candidates=0 corpus=90 coverage=6371 exec total=249925 (39/sec) pending=0 reproducing=0 
2026/07/21 13:11:58 candidates=0 corpus=90 coverage=6371 exec total=250281 (39/sec) pending=0 reproducing=0 
2026/07/21 13:12:08 candidates=0 corpus=91 coverage=6382 exec total=250699 (39/sec) pending=0 reproducing=0 
2026/07/21 13:12:18 candidates=0 corpus=91 coverage=6382 exec total=251117 (39/sec) pending=0 reproducing=0 
2026/07/21 13:12:28 candidates=0 corpus=91 coverage=6382 exec total=251489 (39/sec) pending=0 reproducing=0 
2026/07/21 13:12:38 candidates=0 corpus=91 coverage=6382 exec total=251899 (39/sec) pending=0 reproducing=0 
2026/07/21 13:12:48 candidates=0 corpus=91 coverage=6382 exec total=252330 (39/sec) pending=0 reproducing=0 
2026/07/21 13:12:58 candidates=0 corpus=91 coverage=6382 exec total=252720 (39/sec) pending=0 reproducing=0 
2026/07/21 13:13:08 candidates=0 corpus=91 coverage=6382 exec total=253099 (39/sec) pending=0 reproducing=0 
2026/07/21 13:13:18 candidates=0 corpus=91 coverage=6382 exec total=253537 (39/sec) pending=0 reproducing=0 
2026/07/21 13:13:28 candidates=0 corpus=91 coverage=6382 exec total=253916 (39/sec) pending=0 reproducing=0 
2026/07/21 13:13:38 candidates=0 corpus=91 coverage=6382 exec total=254299 (39/sec) pending=0 reproducing=0 
2026/07/21 13:13:48 candidates=0 corpus=91 coverage=6382 exec total=254737 (39/sec) pending=0 reproducing=0 
2026/07/21 13:13:58 candidates=0 corpus=91 coverage=6382 exec total=255070 (39/sec) pending=0 reproducing=0 
2026/07/21 13:14:08 candidates=0 corpus=91 coverage=6382 exec total=255499 (39/sec) pending=0 reproducing=0 
2026/07/21 13:14:18 candidates=0 corpus=91 coverage=6382 exec total=255906 (39/sec) pending=0 reproducing=0 
2026/07/21 13:14:28 candidates=0 corpus=91 coverage=6382 exec total=256269 (39/sec) pending=0 reproducing=0 
2026/07/21 13:14:38 candidates=0 corpus=91 coverage=6382 exec total=256699 (39/sec) pending=0 reproducing=0 
2026/07/21 13:14:48 candidates=0 corpus=91 coverage=6382 exec total=257091 (39/sec) pending=0 reproducing=0 
2026/07/21 13:14:58 candidates=0 corpus=91 coverage=6382 exec total=257459 (39/sec) pending=0 reproducing=0 
2026/07/21 13:15:08 candidates=0 corpus=91 coverage=6382 exec total=257899 (39/sec) pending=0 reproducing=0 
2026/07/21 13:15:18 candidates=0 corpus=91 coverage=6382 exec total=258299 (39/sec) pending=0 reproducing=0 
2026/07/21 13:15:28 candidates=0 corpus=91 coverage=6382 exec total=258680 (39/sec) pending=0 reproducing=0 
2026/07/21 13:15:38 candidates=0 corpus=91 coverage=6382 exec total=259099 (39/sec) pending=0 reproducing=0 
2026/07/21 13:15:48 candidates=0 corpus=91 coverage=6382 exec total=259528 (39/sec) pending=0 reproducing=0 
2026/07/21 13:15:58 candidates=0 corpus=91 coverage=6382 exec total=259863 (39/sec) pending=0 reproducing=0 
2026/07/21 13:16:08 candidates=0 corpus=91 coverage=6382 exec total=260299 (39/sec) pending=0 reproducing=0 
2026/07/21 13:16:18 candidates=0 corpus=91 coverage=6382 exec total=260701 (39/sec) pending=0 reproducing=0 
2026/07/21 13:16:28 candidates=0 corpus=91 coverage=6382 exec total=261063 (39/sec) pending=0 reproducing=0 
2026/07/21 13:16:38 candidates=0 corpus=91 coverage=6382 exec total=261499 (39/sec) pending=0 reproducing=0 
2026/07/21 13:16:48 candidates=0 corpus=91 coverage=6382 exec total=261907 (39/sec) pending=0 reproducing=0 
2026/07/21 13:16:58 candidates=0 corpus=91 coverage=6382 exec total=262272 (39/sec) pending=0 reproducing=0 
2026/07/21 13:17:08 candidates=0 corpus=91 coverage=6382 exec total=262699 (39/sec) pending=0 reproducing=0 
2026/07/21 13:17:18 candidates=0 corpus=91 coverage=6382 exec total=263102 (39/sec) pending=0 reproducing=0 
2026/07/21 13:17:28 candidates=0 corpus=91 coverage=6382 exec total=263474 (39/sec) pending=0 reproducing=0 
2026/07/21 13:17:38 candidates=0 corpus=91 coverage=6382 exec total=263899 (39/sec) pending=0 reproducing=0 
2026/07/21 13:17:48 candidates=0 corpus=91 coverage=6382 exec total=264302 (39/sec) pending=0 reproducing=0 
2026/07/21 13:17:58 candidates=0 corpus=91 coverage=6382 exec total=264658 (39/sec) pending=0 reproducing=0 
2026/07/21 13:18:08 candidates=0 corpus=91 coverage=6382 exec total=265099 (39/sec) pending=0 reproducing=0 
2026/07/21 13:18:18 candidates=0 corpus=91 coverage=6382 exec total=265497 (39/sec) pending=0 reproducing=0 
2026/07/21 13:18:28 candidates=0 corpus=91 coverage=6382 exec total=265858 (39/sec) pending=0 reproducing=0 
2026/07/21 13:18:38 candidates=0 corpus=91 coverage=6382 exec total=266299 (39/sec) pending=0 reproducing=0 
2026/07/21 13:18:48 candidates=0 corpus=91 coverage=6382 exec total=266695 (39/sec) pending=0 reproducing=0 
2026/07/21 13:18:58 candidates=0 corpus=91 coverage=6382 exec total=267059 (39/sec) pending=0 reproducing=0 
2026/07/21 13:19:08 candidates=0 corpus=91 coverage=6382 exec total=267499 (39/sec) pending=0 reproducing=0 
2026/07/21 13:19:18 candidates=0 corpus=91 coverage=6382 exec total=267919 (39/sec) pending=0 reproducing=0 
2026/07/21 13:19:28 candidates=0 corpus=91 coverage=6382 exec total=268286 (39/sec) pending=0 reproducing=0 
2026/07/21 13:19:38 candidates=0 corpus=91 coverage=6382 exec total=268699 (39/sec) pending=0 reproducing=0 
2026/07/21 13:19:48 candidates=0 corpus=91 coverage=6382 exec total=269111 (39/sec) pending=0 reproducing=0 
2026/07/21 13:19:58 candidates=0 corpus=91 coverage=6382 exec total=269486 (39/sec) pending=0 reproducing=0 
2026/07/21 13:20:08 candidates=0 corpus=91 coverage=6382 exec total=269899 (39/sec) pending=0 reproducing=0 
2026/07/21 13:20:18 candidates=0 corpus=91 coverage=6382 exec total=270308 (39/sec) pending=0 reproducing=0 
2026/07/21 13:20:28 candidates=0 corpus=91 coverage=6382 exec total=270683 (39/sec) pending=0 reproducing=0 
2026/07/21 13:20:38 candidates=0 corpus=91 coverage=6382 exec total=271099 (39/sec) pending=0 reproducing=0 
2026/07/21 13:20:48 candidates=0 corpus=91 coverage=6382 exec total=271496 (39/sec) pending=0 reproducing=0 
2026/07/21 13:20:58 candidates=0 corpus=91 coverage=6382 exec total=271843 (39/sec) pending=0 reproducing=0 
2026/07/21 13:21:08 candidates=0 corpus=91 coverage=6382 exec total=272299 (39/sec) pending=0 reproducing=0 
2026/07/21 13:21:18 candidates=0 corpus=91 coverage=6382 exec total=272664 (39/sec) pending=0 reproducing=0 
2026/07/21 13:21:28 candidates=0 corpus=91 coverage=6382 exec total=273000 (39/sec) pending=0 reproducing=0 
2026/07/21 13:21:38 candidates=0 corpus=91 coverage=6382 exec total=273423 (39/sec) pending=0 reproducing=0 
2026/07/21 13:21:48 candidates=0 corpus=91 coverage=6382 exec total=273777 (39/sec) pending=0 reproducing=0 
2026/07/21 13:21:58 candidates=0 corpus=91 coverage=6382 exec total=274140 (39/sec) pending=0 reproducing=0 
2026/07/21 13:22:08 candidates=0 corpus=91 coverage=6382 exec total=274604 (39/sec) pending=0 reproducing=0 
2026/07/21 13:22:18 candidates=0 corpus=91 coverage=6382 exec total=274980 (39/sec) pending=0 reproducing=0 
2026/07/21 13:22:28 candidates=0 corpus=91 coverage=6382 exec total=275356 (39/sec) pending=0 reproducing=0 
2026/07/21 13:22:38 candidates=0 corpus=91 coverage=6382 exec total=275822 (39/sec) pending=0 reproducing=0 
2026/07/21 13:22:48 candidates=0 corpus=91 coverage=6382 exec total=276180 (39/sec) pending=0 reproducing=0 
2026/07/21 13:22:58 candidates=0 corpus=91 coverage=6382 exec total=276552 (39/sec) pending=0 reproducing=0 
2026/07/21 13:23:08 candidates=0 corpus=91 coverage=6382 exec total=277017 (39/sec) pending=0 reproducing=0 
2026/07/21 13:23:18 candidates=0 corpus=91 coverage=6382 exec total=277386 (39/sec) pending=0 reproducing=0 
2026/07/21 13:23:28 candidates=0 corpus=91 coverage=6382 exec total=277760 (39/sec) pending=0 reproducing=0 
2026/07/21 13:23:38 candidates=0 corpus=91 coverage=6382 exec total=278229 (39/sec) pending=0 reproducing=0 
2026/07/21 13:23:48 candidates=0 corpus=91 coverage=6382 exec total=278600 (39/sec) pending=0 reproducing=0 
2026/07/21 13:23:58 candidates=0 corpus=91 coverage=6382 exec total=278973 (39/sec) pending=0 reproducing=0 
2026/07/21 13:24:08 candidates=0 corpus=91 coverage=6382 exec total=279441 (39/sec) pending=0 reproducing=0 
2026/07/21 13:24:18 candidates=0 corpus=91 coverage=6382 exec total=279795 (39/sec) pending=0 reproducing=0 
2026/07/21 13:24:28 candidates=0 corpus=91 coverage=6382 exec total=280179 (39/sec) pending=0 reproducing=0 
2026/07/21 13:24:38 candidates=0 corpus=91 coverage=6382 exec total=280647 (39/sec) pending=0 reproducing=0 
2026/07/21 13:24:48 candidates=0 corpus=91 coverage=6382 exec total=281011 (39/sec) pending=0 reproducing=0 
2026/07/21 13:24:58 candidates=0 corpus=91 coverage=6382 exec total=281372 (39/sec) pending=0 reproducing=0 
2026/07/21 13:25:08 candidates=0 corpus=91 coverage=6382 exec total=281852 (39/sec) pending=0 reproducing=0 
2026/07/21 13:25:18 candidates=0 corpus=91 coverage=6382 exec total=282214 (39/sec) pending=0 reproducing=0 
2026/07/21 13:25:28 candidates=0 corpus=91 coverage=6382 exec total=282594 (39/sec) pending=0 reproducing=0 
2026/07/21 13:25:38 candidates=0 corpus=91 coverage=6382 exec total=283058 (39/sec) pending=0 reproducing=0 
2026/07/21 13:25:48 candidates=0 corpus=91 coverage=6382 exec total=283408 (39/sec) pending=0 reproducing=0 
2026/07/21 13:25:58 candidates=0 corpus=91 coverage=6382 exec total=283756 (39/sec) pending=0 reproducing=0 
2026/07/21 13:26:08 candidates=0 corpus=93 coverage=6407 exec total=284228 (39/sec) pending=0 reproducing=0 
2026/07/21 13:26:18 candidates=0 corpus=93 coverage=6407 exec total=284588 (39/sec) pending=0 reproducing=0 
2026/07/21 13:26:28 candidates=0 corpus=93 coverage=6407 exec total=284935 (39/sec) pending=0 reproducing=0 
2026/07/21 13:26:38 candidates=0 corpus=93 coverage=6407 exec total=285387 (39/sec) pending=0 reproducing=0 
2026/07/21 13:26:48 candidates=0 corpus=93 coverage=6407 exec total=285747 (39/sec) pending=0 reproducing=0 
2026/07/21 13:26:58 candidates=0 corpus=93 coverage=6407 exec total=286109 (39/sec) pending=0 reproducing=0 
2026/07/21 13:27:08 candidates=0 corpus=93 coverage=6407 exec total=286550 (39/sec) pending=0 reproducing=0 
2026/07/21 13:27:18 candidates=0 corpus=93 coverage=6407 exec total=286899 (39/sec) pending=0 reproducing=0 
2026/07/21 13:27:22 VM 0: running for 1h0m0.000412933s, restarting
2026/07/21 13:27:28 candidates=0 corpus=93 coverage=6407 exec total=287041 (39/sec) pending=0 reproducing=0 
2026/07/21 13:27:38 candidates=0 corpus=93 coverage=6407 exec total=287092 (39/sec) pending=0 reproducing=0 
2026/07/21 13:27:48 candidates=0 corpus=93 coverage=6407 exec total=287564 (39/sec) pending=0 reproducing=0 
2026/07/21 13:27:58 candidates=0 corpus=93 coverage=6407 exec total=287937 (39/sec) pending=0 reproducing=0 
2026/07/21 13:28:08 candidates=0 corpus=93 coverage=6407 exec total=288308 (39/sec) pending=0 reproducing=0 
2026/07/21 13:28:18 candidates=0 corpus=93 coverage=6407 exec total=288787 (39/sec) pending=0 reproducing=0 
2026/07/21 13:28:28 candidates=0 corpus=93 coverage=6407 exec total=289139 (39/sec) pending=0 reproducing=0 
2026/07/21 13:28:38 candidates=0 corpus=93 coverage=6407 exec total=289516 (39/sec) pending=0 reproducing=0 
2026/07/21 13:28:48 candidates=0 corpus=93 coverage=6407 exec total=289987 (39/sec) pending=0 reproducing=0 
2026/07/21 13:28:58 candidates=0 corpus=93 coverage=6407 exec total=290366 (39/sec) pending=0 reproducing=0 
2026/07/21 13:29:08 candidates=0 corpus=93 coverage=6407 exec total=290747 (39/sec) pending=0 reproducing=0 
2026/07/21 13:29:18 candidates=0 corpus=93 coverage=6407 exec total=291228 (39/sec) pending=0 reproducing=0 
2026/07/21 13:29:28 candidates=0 corpus=93 coverage=6407 exec total=291580 (39/sec) pending=0 reproducing=0 
2026/07/21 13:29:38 candidates=0 corpus=93 coverage=6407 exec total=291929 (39/sec) pending=0 reproducing=0 
2026/07/21 13:29:48 candidates=0 corpus=93 coverage=6407 exec total=292393 (39/sec) pending=0 reproducing=0 
2026/07/21 13:29:58 candidates=0 corpus=93 coverage=6407 exec total=292720 (39/sec) pending=0 reproducing=0 
2026/07/21 13:30:08 candidates=0 corpus=93 coverage=6407 exec total=293081 (39/sec) pending=0 reproducing=0 
2026/07/21 13:30:18 candidates=0 corpus=93 coverage=6407 exec total=293559 (39/sec) pending=0 reproducing=0 
2026/07/21 13:30:28 candidates=0 corpus=93 coverage=6407 exec total=293932 (39/sec) pending=0 reproducing=0 
2026/07/21 13:30:38 candidates=0 corpus=93 coverage=6407 exec total=294307 (39/sec) pending=0 reproducing=0 
2026/07/21 13:30:48 candidates=0 corpus=93 coverage=6407 exec total=294770 (39/sec) pending=0 reproducing=0 
2026/07/21 13:30:58 candidates=0 corpus=93 coverage=6407 exec total=295133 (39/sec) pending=0 reproducing=0 
2026/07/21 13:31:08 candidates=0 corpus=93 coverage=6407 exec total=295501 (39/sec) pending=0 reproducing=0 
2026/07/21 13:31:18 candidates=0 corpus=93 coverage=6407 exec total=295986 (39/sec) pending=0 reproducing=0 
2026/07/21 13:31:28 candidates=0 corpus=93 coverage=6407 exec total=296365 (39/sec) pending=0 reproducing=0 
2026/07/21 13:31:38 candidates=0 corpus=93 coverage=6407 exec total=296739 (39/sec) pending=0 reproducing=0 
2026/07/21 13:31:48 candidates=0 corpus=93 coverage=6407 exec total=297210 (39/sec) pending=0 reproducing=0 
2026/07/21 13:31:58 candidates=0 corpus=93 coverage=6407 exec total=297574 (39/sec) pending=0 reproducing=0 
2026/07/21 13:32:08 candidates=0 corpus=93 coverage=6407 exec total=297933 (39/sec) pending=0 reproducing=0 
2026/07/21 13:32:18 candidates=0 corpus=93 coverage=6407 exec total=298363 (39/sec) pending=0 reproducing=0 
2026/07/21 13:32:28 candidates=0 corpus=93 coverage=6407 exec total=298728 (39/sec) pending=0 reproducing=0 
2026/07/21 13:32:38 candidates=0 corpus=93 coverage=6407 exec total=299091 (39/sec) pending=0 reproducing=0 
2026/07/21 13:32:48 candidates=0 corpus=93 coverage=6407 exec total=299559 (39/sec) pending=0 reproducing=0 
2026/07/21 13:32:58 candidates=0 corpus=93 coverage=6407 exec total=299922 (39/sec) pending=0 reproducing=0 
2026/07/21 13:33:08 candidates=0 corpus=93 coverage=6407 exec total=300285 (39/sec) pending=0 reproducing=0 
2026/07/21 13:33:18 candidates=0 corpus=93 coverage=6407 exec total=300767 (39/sec) pending=0 reproducing=0 
2026/07/21 13:33:28 candidates=0 corpus=93 coverage=6407 exec total=301115 (39/sec) pending=0 reproducing=0 
2026/07/21 13:33:38 candidates=0 corpus=93 coverage=6407 exec total=301474 (39/sec) pending=0 reproducing=0 
2026/07/21 13:33:48 candidates=0 corpus=93 coverage=6407 exec total=301942 (39/sec) pending=0 reproducing=0 
2026/07/21 13:33:58 candidates=0 corpus=93 coverage=6407 exec total=302306 (39/sec) pending=0 reproducing=0 
2026/07/21 13:34:08 candidates=0 corpus=93 coverage=6407 exec total=302671 (39/sec) pending=0 reproducing=0 
2026/07/21 13:34:18 candidates=0 corpus=93 coverage=6407 exec total=303146 (39/sec) pending=0 reproducing=0 
2026/07/21 13:34:28 candidates=0 corpus=93 coverage=6407 exec total=303508 (39/sec) pending=0 reproducing=0 
2026/07/21 13:34:38 candidates=0 corpus=93 coverage=6407 exec total=303871 (39/sec) pending=0 reproducing=0 
2026/07/21 13:34:48 candidates=0 corpus=93 coverage=6407 exec total=304326 (39/sec) pending=0 reproducing=0 
2026/07/21 13:34:58 candidates=0 corpus=93 coverage=6407 exec total=304694 (39/sec) pending=0 reproducing=0 
2026/07/21 13:35:08 candidates=0 corpus=93 coverage=6407 exec total=305072 (39/sec) pending=0 reproducing=0 
2026/07/21 13:35:18 candidates=0 corpus=93 coverage=6407 exec total=305538 (39/sec) pending=0 reproducing=0 
2026/07/21 13:35:28 candidates=0 corpus=93 coverage=6407 exec total=305893 (39/sec) pending=0 reproducing=0 
2026/07/21 13:35:38 candidates=0 corpus=93 coverage=6407 exec total=306241 (39/sec) pending=0 reproducing=0 
2026/07/21 13:35:48 candidates=0 corpus=93 coverage=6407 exec total=306699 (39/sec) pending=0 reproducing=0 
2026/07/21 13:35:58 candidates=0 corpus=93 coverage=6407 exec total=307063 (39/sec) pending=0 reproducing=0 
2026/07/21 13:36:08 candidates=0 corpus=93 coverage=6407 exec total=307441 (39/sec) pending=0 reproducing=0 
2026/07/21 13:36:18 candidates=0 corpus=93 coverage=6407 exec total=307889 (39/sec) pending=0 reproducing=0 
2026/07/21 13:36:28 candidates=0 corpus=93 coverage=6407 exec total=308242 (39/sec) pending=0 reproducing=0 
2026/07/21 13:36:38 candidates=0 corpus=93 coverage=6407 exec total=308641 (39/sec) pending=0 reproducing=0 
2026/07/21 13:36:48 candidates=0 corpus=93 coverage=6407 exec total=309092 (39/sec) pending=0 reproducing=0 
2026/07/21 13:36:58 candidates=0 corpus=93 coverage=6407 exec total=309456 (39/sec) pending=0 reproducing=0 
2026/07/21 13:37:08 candidates=0 corpus=93 coverage=6407 exec total=309841 (39/sec) pending=0 reproducing=0 
2026/07/21 13:37:18 candidates=0 corpus=93 coverage=6407 exec total=310285 (39/sec) pending=0 reproducing=0 
2026/07/21 13:37:28 candidates=0 corpus=93 coverage=6407 exec total=310665 (39/sec) pending=0 reproducing=0 
2026/07/21 13:37:38 candidates=0 corpus=93 coverage=6407 exec total=311041 (39/sec) pending=0 reproducing=0 
2026/07/21 13:37:48 candidates=0 corpus=93 coverage=6407 exec total=311512 (39/sec) pending=0 reproducing=0 
2026/07/21 13:37:58 candidates=0 corpus=93 coverage=6407 exec total=311873 (39/sec) pending=0 reproducing=0 
2026/07/21 13:38:08 candidates=0 corpus=93 coverage=6407 exec total=312241 (39/sec) pending=0 reproducing=0 
2026/07/21 13:38:18 candidates=0 corpus=93 coverage=6407 exec total=312715 (39/sec) pending=0 reproducing=0 
2026/07/21 13:38:28 candidates=0 corpus=93 coverage=6407 exec total=313035 (39/sec) pending=0 reproducing=0 
2026/07/21 13:38:38 candidates=0 corpus=93 coverage=6407 exec total=313441 (39/sec) pending=0 reproducing=0 
2026/07/21 13:38:48 candidates=0 corpus=93 coverage=6407 exec total=313868 (39/sec) pending=0 reproducing=0 
2026/07/21 13:38:58 candidates=0 corpus=93 coverage=6407 exec total=314245 (39/sec) pending=0 reproducing=0 
2026/07/21 13:39:08 candidates=0 corpus=93 coverage=6407 exec total=314641 (39/sec) pending=0 reproducing=0 
2026/07/21 13:39:18 candidates=0 corpus=93 coverage=6407 exec total=315041 (39/sec) pending=0 reproducing=0 
2026/07/21 13:39:28 candidates=0 corpus=93 coverage=6407 exec total=315415 (39/sec) pending=0 reproducing=0 
2026/07/21 13:39:38 candidates=0 corpus=93 coverage=6407 exec total=315841 (39/sec) pending=0 reproducing=0 
2026/07/21 13:39:48 candidates=0 corpus=93 coverage=6407 exec total=316254 (39/sec) pending=0 reproducing=0 
2026/07/21 13:39:58 candidates=0 corpus=93 coverage=6407 exec total=316617 (39/sec) pending=0 reproducing=0 
2026/07/21 13:40:08 candidates=0 corpus=93 coverage=6407 exec total=317041 (39/sec) pending=0 reproducing=0 
2026/07/21 13:40:18 candidates=0 corpus=93 coverage=6407 exec total=317451 (39/sec) pending=0 reproducing=0 
2026/07/21 13:40:28 candidates=0 corpus=93 coverage=6407 exec total=317826 (39/sec) pending=0 reproducing=0 
2026/07/21 13:40:38 candidates=0 corpus=93 coverage=6407 exec total=318241 (39/sec) pending=0 reproducing=0 
2026/07/21 13:40:48 candidates=0 corpus=93 coverage=6407 exec total=318666 (39/sec) pending=0 reproducing=0 
2026/07/21 13:40:58 candidates=0 corpus=93 coverage=6407 exec total=319035 (39/sec) pending=0 reproducing=0 
2026/07/21 13:41:08 candidates=0 corpus=93 coverage=6407 exec total=319441 (39/sec) pending=0 reproducing=0 
2026/07/21 13:41:18 candidates=0 corpus=93 coverage=6407 exec total=319868 (39/sec) pending=0 reproducing=0 
2026/07/21 13:41:28 candidates=0 corpus=93 coverage=6407 exec total=320239 (39/sec) pending=0 reproducing=0 
2026/07/21 13:41:38 candidates=0 corpus=93 coverage=6407 exec total=320641 (39/sec) pending=0 reproducing=0 
2026/07/21 13:41:48 candidates=0 corpus=93 coverage=6407 exec total=321038 (39/sec) pending=0 reproducing=0 
2026/07/21 13:41:58 candidates=0 corpus=93 coverage=6407 exec total=321408 (39/sec) pending=0 reproducing=0 
2026/07/21 13:42:08 candidates=0 corpus=93 coverage=6407 exec total=321841 (39/sec) pending=0 reproducing=0 
2026/07/21 13:42:18 candidates=0 corpus=93 coverage=6407 exec total=322265 (39/sec) pending=0 reproducing=0 
2026/07/21 13:42:28 candidates=0 corpus=93 coverage=6407 exec total=322632 (39/sec) pending=0 reproducing=0 
2026/07/21 13:42:38 candidates=0 corpus=93 coverage=6407 exec total=323041 (39/sec) pending=0 reproducing=0 
2026/07/21 13:42:48 candidates=0 corpus=93 coverage=6407 exec total=323481 (39/sec) pending=0 reproducing=0 
2026/07/21 13:42:58 candidates=0 corpus=93 coverage=6407 exec total=323839 (39/sec) pending=0 reproducing=0 
2026/07/21 13:43:08 candidates=0 corpus=93 coverage=6407 exec total=324241 (39/sec) pending=0 reproducing=0 
2026/07/21 13:43:18 candidates=0 corpus=93 coverage=6407 exec total=324672 (39/sec) pending=0 reproducing=0 
2026/07/21 13:43:28 candidates=0 corpus=93 coverage=6407 exec total=325034 (39/sec) pending=0 reproducing=0 
2026/07/21 13:43:38 candidates=0 corpus=93 coverage=6407 exec total=325441 (39/sec) pending=0 reproducing=0 
2026/07/21 13:43:48 candidates=0 corpus=93 coverage=6407 exec total=325855 (39/sec) pending=0 reproducing=0 
2026/07/21 13:43:58 candidates=0 corpus=93 coverage=6407 exec total=326220 (39/sec) pending=0 reproducing=0 
2026/07/21 13:44:08 candidates=0 corpus=93 coverage=6407 exec total=326641 (39/sec) pending=0 reproducing=0 
2026/07/21 13:44:18 candidates=0 corpus=93 coverage=6407 exec total=327064 (39/sec) pending=0 reproducing=0 
2026/07/21 13:44:28 candidates=0 corpus=93 coverage=6407 exec total=327424 (39/sec) pending=0 reproducing=0 
2026/07/21 13:44:38 candidates=0 corpus=93 coverage=6407 exec total=327841 (39/sec) pending=0 reproducing=0 
2026/07/21 13:44:48 candidates=0 corpus=93 coverage=6407 exec total=328267 (39/sec) pending=0 reproducing=0 
2026/07/21 13:44:58 candidates=0 corpus=93 coverage=6407 exec total=328641 (39/sec) pending=0 reproducing=0 
2026/07/21 13:45:08 candidates=0 corpus=93 coverage=6407 exec total=329041 (39/sec) pending=0 reproducing=0 
2026/07/21 13:45:18 candidates=0 corpus=93 coverage=6407 exec total=329478 (39/sec) pending=0 reproducing=0 
2026/07/21 13:45:21 initializing coverage information...
2026/07/21 13:45:28 candidates=0 corpus=93 coverage=6407 exec total=329836 (39/sec) pending=0 reproducing=0 
2026/07/21 13:45:38 candidates=0 corpus=93 coverage=6407 exec total=330241 (39/sec) pending=0 reproducing=0 
2026/07/21 13:45:48 candidates=0 corpus=93 coverage=6407 exec total=330670 (39/sec) pending=0 reproducing=0 
2026/07/21 13:45:58 candidates=0 corpus=93 coverage=6407 exec total=331031 (39/sec) pending=0 reproducing=0 
2026/07/21 13:46:08 candidates=0 corpus=93 coverage=6407 exec total=331441 (39/sec) pending=0 reproducing=0 
2026/07/21 13:46:18 candidates=0 corpus=93 coverage=6407 exec total=331866 (39/sec) pending=0 reproducing=0 
2026/07/21 13:46:28 candidates=0 corpus=93 coverage=6407 exec total=332206 (39/sec) pending=0 reproducing=0 
2026/07/21 13:46:38 candidates=0 corpus=93 coverage=6407 exec total=332641 (39/sec) pending=0 reproducing=0 
2026/07/21 13:46:48 candidates=0 corpus=93 coverage=6407 exec total=332987 (39/sec) pending=0 reproducing=0 
2026/07/21 13:46:58 candidates=0 corpus=93 coverage=6407 exec total=333362 (39/sec) pending=0 reproducing=0 
2026/07/21 13:47:08 candidates=0 corpus=93 coverage=6407 exec total=333827 (39/sec) pending=0 reproducing=0 
2026/07/21 13:47:18 candidates=0 corpus=93 coverage=6407 exec total=334189 (39/sec) pending=0 reproducing=0 
2026/07/21 13:47:28 candidates=0 corpus=93 coverage=6407 exec total=334537 (39/sec) pending=0 reproducing=0 
2026/07/21 13:47:38 candidates=0 corpus=93 coverage=6407 exec total=335009 (39/sec) pending=0 reproducing=0 
2026/07/21 13:47:48 candidates=0 corpus=93 coverage=6407 exec total=335376 (39/sec) pending=0 reproducing=0 
2026/07/21 13:47:58 candidates=0 corpus=93 coverage=6407 exec total=335710 (39/sec) pending=0 reproducing=0 
2026/07/21 13:48:08 candidates=0 corpus=93 coverage=6407 exec total=336164 (39/sec) pending=0 reproducing=0 
2026/07/21 13:48:18 candidates=0 corpus=93 coverage=6407 exec total=336543 (39/sec) pending=0 reproducing=0 
2026/07/21 13:48:28 candidates=0 corpus=93 coverage=6407 exec total=336920 (39/sec) pending=0 reproducing=0 
2026/07/21 13:48:38 candidates=0 corpus=93 coverage=6407 exec total=337390 (39/sec) pending=0 reproducing=0 
2026/07/21 13:48:48 candidates=0 corpus=93 coverage=6407 exec total=337744 (39/sec) pending=0 reproducing=0 
2026/07/21 13:48:58 candidates=0 corpus=93 coverage=6407 exec total=338128 (39/sec) pending=0 reproducing=0 
2026/07/21 13:49:08 candidates=0 corpus=93 coverage=6407 exec total=338578 (39/sec) pending=0 reproducing=0 
2026/07/21 13:49:18 candidates=0 corpus=93 coverage=6407 exec total=338902 (39/sec) pending=0 reproducing=0 
2026/07/21 13:49:28 candidates=0 corpus=93 coverage=6407 exec total=339270 (39/sec) pending=0 reproducing=0 
2026/07/21 13:49:38 candidates=0 corpus=93 coverage=6407 exec total=339695 (39/sec) pending=0 reproducing=0 
2026/07/21 13:49:48 candidates=0 corpus=93 coverage=6407 exec total=340036 (39/sec) pending=0 reproducing=0 
2026/07/21 13:49:58 candidates=0 corpus=93 coverage=6407 exec total=340441 (39/sec) pending=0 reproducing=0 
2026/07/21 13:50:08 candidates=0 corpus=93 coverage=6407 exec total=340856 (39/sec) pending=0 reproducing=0 
2026/07/21 13:50:18 candidates=0 corpus=93 coverage=6407 exec total=341238 (39/sec) pending=0 reproducing=0 
2026/07/21 13:50:28 candidates=0 corpus=93 coverage=6407 exec total=341641 (39/sec) pending=0 reproducing=0 
2026/07/21 13:50:38 candidates=0 corpus=93 coverage=6407 exec total=342087 (39/sec) pending=0 reproducing=0 
2026/07/21 13:50:48 candidates=0 corpus=93 coverage=6407 exec total=342462 (39/sec) pending=0 reproducing=0 
2026/07/21 13:50:58 candidates=0 corpus=93 coverage=6407 exec total=342841 (39/sec) pending=0 reproducing=0 
2026/07/21 13:51:08 candidates=0 corpus=93 coverage=6407 exec total=343309 (39/sec) pending=0 reproducing=0 
2026/07/21 13:51:18 candidates=0 corpus=93 coverage=6407 exec total=343676 (39/sec) pending=0 reproducing=0 
2026/07/21 13:51:28 candidates=0 corpus=93 coverage=6407 exec total=344045 (39/sec) pending=0 reproducing=0 
2026/07/21 13:51:38 candidates=0 corpus=93 coverage=6407 exec total=344482 (39/sec) pending=0 reproducing=0 
2026/07/21 13:51:48 candidates=0 corpus=93 coverage=6407 exec total=344856 (39/sec) pending=0 reproducing=0 
2026/07/21 13:51:58 candidates=0 corpus=93 coverage=6407 exec total=345241 (39/sec) pending=0 reproducing=0 
2026/07/21 13:52:08 candidates=0 corpus=93 coverage=6407 exec total=345716 (39/sec) pending=0 reproducing=0 
2026/07/21 13:52:18 candidates=0 corpus=93 coverage=6407 exec total=346086 (39/sec) pending=0 reproducing=0 
2026/07/21 13:52:28 candidates=0 corpus=93 coverage=6407 exec total=346460 (39/sec) pending=0 reproducing=0 
2026/07/21 13:52:38 candidates=0 corpus=93 coverage=6407 exec total=346935 (39/sec) pending=0 reproducing=0 
2026/07/21 13:52:48 candidates=0 corpus=93 coverage=6407 exec total=347305 (39/sec) pending=0 reproducing=0 
2026/07/21 13:52:58 candidates=0 corpus=93 coverage=6407 exec total=347663 (39/sec) pending=0 reproducing=0 
2026/07/21 13:53:08 candidates=0 corpus=93 coverage=6407 exec total=348123 (39/sec) pending=0 reproducing=0 
2026/07/21 13:53:18 candidates=0 corpus=93 coverage=6407 exec total=348506 (39/sec) pending=0 reproducing=0 
2026/07/21 13:53:28 candidates=0 corpus=93 coverage=6407 exec total=348890 (39/sec) pending=0 reproducing=0 
2026/07/21 13:53:38 candidates=0 corpus=93 coverage=6407 exec total=349363 (39/sec) pending=0 reproducing=0 
2026/07/21 13:53:48 candidates=0 corpus=93 coverage=6407 exec total=349741 (39/sec) pending=0 reproducing=0 
2026/07/21 13:53:58 candidates=0 corpus=93 coverage=6407 exec total=350109 (39/sec) pending=0 reproducing=0 
2026/07/21 13:54:08 candidates=0 corpus=93 coverage=6407 exec total=350581 (39/sec) pending=0 reproducing=0 
2026/07/21 13:54:18 candidates=0 corpus=93 coverage=6407 exec total=350948 (39/sec) pending=0 reproducing=0 
2026/07/21 13:54:28 candidates=0 corpus=93 coverage=6407 exec total=351320 (39/sec) pending=0 reproducing=0 
2026/07/21 13:54:38 candidates=0 corpus=93 coverage=6407 exec total=351797 (39/sec) pending=0 reproducing=0 
2026/07/21 13:54:48 candidates=0 corpus=93 coverage=6407 exec total=352157 (39/sec) pending=0 reproducing=0 
2026/07/21 13:54:58 candidates=0 corpus=93 coverage=6407 exec total=352526 (39/sec) pending=0 reproducing=0 
2026/07/21 13:55:08 candidates=0 corpus=93 coverage=6407 exec total=352994 (39/sec) pending=0 reproducing=0 
2026/07/21 13:55:18 candidates=0 corpus=93 coverage=6407 exec total=353362 (39/sec) pending=0 reproducing=0 
2026/07/21 13:55:28 candidates=0 corpus=93 coverage=6407 exec total=353723 (39/sec) pending=0 reproducing=0 
2026/07/21 13:55:38 candidates=0 corpus=93 coverage=6407 exec total=354196 (39/sec) pending=0 reproducing=0 
2026/07/21 13:55:48 candidates=0 corpus=93 coverage=6407 exec total=354563 (39/sec) pending=0 reproducing=0 
2026/07/21 13:55:58 candidates=0 corpus=93 coverage=6407 exec total=354921 (39/sec) pending=0 reproducing=0 
2026/07/21 13:56:08 candidates=0 corpus=93 coverage=6407 exec total=355399 (39/sec) pending=0 reproducing=0 
2026/07/21 13:56:18 candidates=0 corpus=93 coverage=6407 exec total=355779 (39/sec) pending=0 reproducing=0 
2026/07/21 13:56:28 candidates=0 corpus=93 coverage=6407 exec total=356151 (39/sec) pending=0 reproducing=0 
2026/07/21 13:56:38 candidates=0 corpus=93 coverage=6407 exec total=356633 (39/sec) pending=0 reproducing=0 
2026/07/21 13:56:48 candidates=0 corpus=93 coverage=6407 exec total=356990 (39/sec) pending=0 reproducing=0 
2026/07/21 13:56:58 candidates=0 corpus=93 coverage=6407 exec total=357347 (39/sec) pending=0 reproducing=0 
2026/07/21 13:57:08 candidates=0 corpus=93 coverage=6407 exec total=357813 (39/sec) pending=0 reproducing=0 
2026/07/21 13:57:18 candidates=0 corpus=93 coverage=6407 exec total=358173 (39/sec) pending=0 reproducing=0 
2026/07/21 13:57:28 candidates=0 corpus=93 coverage=6407 exec total=358547 (39/sec) pending=0 reproducing=0 
2026/07/21 13:57:38 candidates=0 corpus=93 coverage=6407 exec total=359016 (39/sec) pending=0 reproducing=0 
2026/07/21 13:57:48 candidates=0 corpus=93 coverage=6407 exec total=359376 (39/sec) pending=0 reproducing=0 
2026/07/21 13:57:58 candidates=0 corpus=93 coverage=6407 exec total=359744 (39/sec) pending=0 reproducing=0 
2026/07/21 13:58:08 candidates=0 corpus=93 coverage=6407 exec total=360224 (39/sec) pending=0 reproducing=0 
2026/07/21 13:58:18 candidates=0 corpus=93 coverage=6407 exec total=360605 (39/sec) pending=0 reproducing=0 
2026/07/21 13:58:28 candidates=0 corpus=93 coverage=6407 exec total=360965 (39/sec) pending=0 reproducing=0 
2026/07/21 13:58:38 candidates=0 corpus=93 coverage=6407 exec total=361402 (39/sec) pending=0 reproducing=0 
2026/07/21 13:58:48 candidates=0 corpus=93 coverage=6407 exec total=361767 (39/sec) pending=0 reproducing=0 
2026/07/21 13:58:58 candidates=0 corpus=93 coverage=6407 exec total=362116 (39/sec) pending=0 reproducing=0 
2026/07/21 13:59:08 candidates=0 corpus=93 coverage=6407 exec total=362591 (39/sec) pending=0 reproducing=0 
2026/07/21 13:59:18 candidates=0 corpus=93 coverage=6407 exec total=362970 (39/sec) pending=0 reproducing=0 
2026/07/21 13:59:28 candidates=0 corpus=93 coverage=6407 exec total=363319 (39/sec) pending=0 reproducing=0 
2026/07/21 13:59:38 candidates=0 corpus=93 coverage=6407 exec total=363789 (39/sec) pending=0 reproducing=0 
2026/07/21 13:59:48 candidates=0 corpus=93 coverage=6407 exec total=364148 (39/sec) pending=0 reproducing=0 
2026/07/21 13:59:58 candidates=0 corpus=93 coverage=6407 exec total=364536 (39/sec) pending=0 reproducing=0 
2026/07/21 14:00:08 candidates=0 corpus=93 coverage=6407 exec total=365011 (39/sec) pending=0 reproducing=0 
2026/07/21 14:00:18 candidates=0 corpus=93 coverage=6407 exec total=365375 (39/sec) pending=0 reproducing=0 
2026/07/21 14:00:28 candidates=0 corpus=93 coverage=6407 exec total=365760 (39/sec) pending=0 reproducing=0 
2026/07/21 14:00:38 candidates=0 corpus=93 coverage=6407 exec total=366222 (39/sec) pending=0 reproducing=0 
2026/07/21 14:00:48 candidates=0 corpus=93 coverage=6407 exec total=366585 (39/sec) pending=0 reproducing=0 
2026/07/21 14:00:58 candidates=0 corpus=93 coverage=6407 exec total=366950 (39/sec) pending=0 reproducing=0 
2026/07/21 14:01:08 candidates=0 corpus=93 coverage=6407 exec total=367384 (39/sec) pending=0 reproducing=0 
2026/07/21 14:01:18 candidates=0 corpus=93 coverage=6407 exec total=367753 (39/sec) pending=0 reproducing=0 
2026/07/21 14:01:28 candidates=0 corpus=93 coverage=6407 exec total=368123 (39/sec) pending=0 reproducing=0 
2026/07/21 14:01:38 candidates=0 corpus=93 coverage=6407 exec total=368603 (39/sec) pending=0 reproducing=0 
2026/07/21 14:01:48 candidates=0 corpus=93 coverage=6407 exec total=368983 (39/sec) pending=0 reproducing=0 
2026/07/21 14:01:58 candidates=0 corpus=93 coverage=6407 exec total=369357 (39/sec) pending=0 reproducing=0 
2026/07/21 14:02:08 candidates=0 corpus=93 coverage=6407 exec total=369841 (39/sec) pending=0 reproducing=0 
2026/07/21 14:02:18 candidates=0 corpus=93 coverage=6407 exec total=370219 (39/sec) pending=0 reproducing=0 
2026/07/21 14:02:28 candidates=0 corpus=93 coverage=6407 exec total=370566 (39/sec) pending=0 reproducing=0 
2026/07/21 14:02:38 candidates=0 corpus=93 coverage=6407 exec total=371025 (39/sec) pending=0 reproducing=0 
2026/07/21 14:02:48 candidates=0 corpus=93 coverage=6407 exec total=371389 (39/sec) pending=0 reproducing=0 
2026/07/21 14:02:58 candidates=0 corpus=93 coverage=6407 exec total=371763 (39/sec) pending=0 reproducing=0 
2026/07/21 14:03:08 candidates=0 corpus=93 coverage=6407 exec total=372241 (39/sec) pending=0 reproducing=0 
2026/07/21 14:03:18 candidates=0 corpus=93 coverage=6407 exec total=372632 (39/sec) pending=0 reproducing=0 
2026/07/21 14:03:28 candidates=0 corpus=93 coverage=6407 exec total=373003 (39/sec) pending=0 reproducing=0 
2026/07/21 14:03:38 candidates=0 corpus=93 coverage=6407 exec total=373441 (39/sec) pending=0 reproducing=0 
2026/07/21 14:03:48 candidates=0 corpus=93 coverage=6407 exec total=373839 (39/sec) pending=0 reproducing=0 
2026/07/21 14:03:58 candidates=0 corpus=93 coverage=6407 exec total=374212 (39/sec) pending=0 reproducing=0 
2026/07/21 14:04:08 candidates=0 corpus=93 coverage=6407 exec total=374641 (39/sec) pending=0 reproducing=0 
2026/07/21 14:04:18 candidates=0 corpus=93 coverage=6407 exec total=375034 (39/sec) pending=0 reproducing=0 
2026/07/21 14:04:28 candidates=0 corpus=93 coverage=6407 exec total=375387 (39/sec) pending=0 reproducing=0 
2026/07/21 14:04:38 candidates=0 corpus=93 coverage=6407 exec total=375808 (39/sec) pending=0 reproducing=0 
2026/07/21 14:04:48 candidates=0 corpus=93 coverage=6407 exec total=376171 (39/sec) pending=0 reproducing=0 
2026/07/21 14:04:58 candidates=0 corpus=93 coverage=6407 exec total=376529 (39/sec) pending=0 reproducing=0 
2026/07/21 14:05:08 candidates=0 corpus=93 coverage=6407 exec total=377011 (39/sec) pending=0 reproducing=0 
2026/07/21 14:05:18 candidates=0 corpus=93 coverage=6407 exec total=377372 (39/sec) pending=0 reproducing=0 
2026/07/21 14:05:28 candidates=0 corpus=93 coverage=6407 exec total=377745 (39/sec) pending=0 reproducing=0 
2026/07/21 14:05:38 candidates=0 corpus=93 coverage=6407 exec total=378205 (39/sec) pending=0 reproducing=0 
2026/07/21 14:05:48 candidates=0 corpus=93 coverage=6407 exec total=378553 (39/sec) pending=0 reproducing=0 
2026/07/21 14:05:58 candidates=0 corpus=93 coverage=6407 exec total=378913 (39/sec) pending=0 reproducing=0 
2026/07/21 14:06:08 candidates=0 corpus=93 coverage=6407 exec total=379384 (39/sec) pending=0 reproducing=0 
2026/07/21 14:06:18 candidates=0 corpus=93 coverage=6407 exec total=379762 (39/sec) pending=0 reproducing=0 
2026/07/21 14:06:28 candidates=0 corpus=93 coverage=6407 exec total=380117 (39/sec) pending=0 reproducing=0 
2026/07/21 14:06:38 candidates=0 corpus=93 coverage=6407 exec total=380597 (39/sec) pending=0 reproducing=0 
2026/07/21 14:06:48 candidates=0 corpus=93 coverage=6407 exec total=380970 (39/sec) pending=0 reproducing=0 
2026/07/21 14:06:58 candidates=0 corpus=93 coverage=6407 exec total=381342 (39/sec) pending=0 reproducing=0 
2026/07/21 14:07:08 candidates=0 corpus=93 coverage=6407 exec total=381821 (39/sec) pending=0 reproducing=0 
2026/07/21 14:07:18 candidates=0 corpus=93 coverage=6407 exec total=382197 (39/sec) pending=0 reproducing=0 
2026/07/21 14:07:28 candidates=0 corpus=93 coverage=6407 exec total=382538 (39/sec) pending=0 reproducing=0 
2026/07/21 14:07:38 candidates=0 corpus=93 coverage=6407 exec total=383017 (39/sec) pending=0 reproducing=0 
2026/07/21 14:07:48 candidates=0 corpus=93 coverage=6407 exec total=383382 (39/sec) pending=0 reproducing=0 
2026/07/21 14:07:58 candidates=0 corpus=93 coverage=6407 exec total=383759 (39/sec) pending=0 reproducing=0 
2026/07/21 14:08:08 candidates=0 corpus=93 coverage=6407 exec total=384235 (39/sec) pending=0 reproducing=0 
2026/07/21 14:08:18 candidates=0 corpus=93 coverage=6407 exec total=384608 (39/sec) pending=0 reproducing=0 
2026/07/21 14:08:28 candidates=0 corpus=93 coverage=6407 exec total=384960 (39/sec) pending=0 reproducing=0 
2026/07/21 14:08:38 candidates=0 corpus=93 coverage=6407 exec total=385392 (39/sec) pending=0 reproducing=0 
2026/07/21 14:08:48 candidates=0 corpus=93 coverage=6407 exec total=385756 (39/sec) pending=0 reproducing=0 
2026/07/21 14:08:58 candidates=0 corpus=93 coverage=6407 exec total=386113 (39/sec) pending=0 reproducing=0 
2026/07/21 14:09:08 candidates=0 corpus=93 coverage=6407 exec total=386581 (39/sec) pending=0 reproducing=0 
2026/07/21 14:09:18 candidates=0 corpus=93 coverage=6407 exec total=386952 (39/sec) pending=0 reproducing=0 
2026/07/21 14:09:28 candidates=0 corpus=93 coverage=6407 exec total=387328 (39/sec) pending=0 reproducing=0 
2026/07/21 14:09:38 candidates=0 corpus=93 coverage=6407 exec total=387808 (39/sec) pending=0 reproducing=0 
2026/07/21 14:09:48 candidates=0 corpus=93 coverage=6407 exec total=388173 (39/sec) pending=0 reproducing=0 
2026/07/21 14:09:58 candidates=0 corpus=93 coverage=6407 exec total=388544 (39/sec) pending=0 reproducing=0 
2026/07/21 14:10:08 candidates=0 corpus=93 coverage=6407 exec total=389020 (39/sec) pending=0 reproducing=0 
2026/07/21 14:10:18 candidates=0 corpus=93 coverage=6407 exec total=389389 (39/sec) pending=0 reproducing=0 
2026/07/21 14:10:28 candidates=0 corpus=93 coverage=6407 exec total=389754 (39/sec) pending=0 reproducing=0 
2026/07/21 14:10:38 candidates=0 corpus=93 coverage=6407 exec total=390233 (39/sec) pending=0 reproducing=0 
2026/07/21 14:10:48 candidates=0 corpus=93 coverage=6407 exec total=390608 (39/sec) pending=0 reproducing=0 
2026/07/21 14:10:58 candidates=0 corpus=93 coverage=6407 exec total=390987 (39/sec) pending=0 reproducing=0 
2026/07/21 14:11:08 candidates=0 corpus=93 coverage=6407 exec total=391441 (39/sec) pending=0 reproducing=0 
2026/07/21 14:11:18 candidates=0 corpus=93 coverage=6407 exec total=391850 (39/sec) pending=0 reproducing=0 
2026/07/21 14:11:28 candidates=0 corpus=93 coverage=6407 exec total=392232 (39/sec) pending=0 reproducing=0 
2026/07/21 14:11:38 candidates=0 corpus=93 coverage=6407 exec total=392641 (39/sec) pending=0 reproducing=0 
2026/07/21 14:11:48 candidates=0 corpus=93 coverage=6407 exec total=393074 (39/sec) pending=0 reproducing=0 
2026/07/21 14:11:58 candidates=0 corpus=93 coverage=6407 exec total=393457 (39/sec) pending=0 reproducing=0 
2026/07/21 14:12:08 candidates=0 corpus=93 coverage=6407 exec total=393841 (39/sec) pending=0 reproducing=0 
2026/07/21 14:12:18 candidates=0 corpus=93 coverage=6407 exec total=394278 (39/sec) pending=0 reproducing=0 
2026/07/21 14:12:28 candidates=0 corpus=93 coverage=6407 exec total=394651 (39/sec) pending=0 reproducing=0 
2026/07/21 14:12:38 candidates=0 corpus=93 coverage=6407 exec total=395041 (39/sec) pending=0 reproducing=0 
2026/07/21 14:12:48 candidates=0 corpus=93 coverage=6407 exec total=395509 (39/sec) pending=0 reproducing=0 
2026/07/21 14:12:58 candidates=0 corpus=93 coverage=6407 exec total=395879 (39/sec) pending=0 reproducing=0 
2026/07/21 14:13:08 candidates=0 corpus=93 coverage=6407 exec total=396248 (39/sec) pending=0 reproducing=0 
2026/07/21 14:13:18 candidates=0 corpus=93 coverage=6407 exec total=396738 (39/sec) pending=0 reproducing=0 
2026/07/21 14:13:28 candidates=0 corpus=93 coverage=6407 exec total=397124 (39/sec) pending=0 reproducing=0 
2026/07/21 14:13:38 candidates=0 corpus=93 coverage=6407 exec total=397496 (39/sec) pending=0 reproducing=0 
2026/07/21 14:13:48 candidates=0 corpus=93 coverage=6407 exec total=397979 (39/sec) pending=0 reproducing=0 
2026/07/21 14:13:58 candidates=0 corpus=93 coverage=6407 exec total=398355 (39/sec) pending=0 reproducing=0 
2026/07/21 14:14:08 candidates=0 corpus=93 coverage=6407 exec total=398732 (39/sec) pending=0 reproducing=0 
2026/07/21 14:14:18 candidates=0 corpus=93 coverage=6407 exec total=399209 (39/sec) pending=0 reproducing=0 
2026/07/21 14:14:28 candidates=0 corpus=93 coverage=6407 exec total=399589 (39/sec) pending=0 reproducing=0 
2026/07/21 14:14:38 candidates=0 corpus=93 coverage=6407 exec total=399958 (39/sec) pending=0 reproducing=0 
2026/07/21 14:14:48 candidates=0 corpus=93 coverage=6407 exec total=400441 (39/sec) pending=0 reproducing=0 
2026/07/21 14:14:58 candidates=0 corpus=93 coverage=6407 exec total=400815 (39/sec) pending=0 reproducing=0 
2026/07/21 14:15:08 candidates=0 corpus=93 coverage=6407 exec total=401194 (39/sec) pending=0 reproducing=0 
2026/07/21 14:15:18 candidates=0 corpus=93 coverage=6407 exec total=401641 (39/sec) pending=0 reproducing=0 
2026/07/21 14:15:28 candidates=0 corpus=93 coverage=6407 exec total=402033 (39/sec) pending=0 reproducing=0 
2026/07/21 14:15:38 candidates=0 corpus=93 coverage=6407 exec total=402420 (39/sec) pending=0 reproducing=0 
2026/07/21 14:15:48 candidates=0 corpus=93 coverage=6407 exec total=402841 (39/sec) pending=0 reproducing=0 
2026/07/21 14:15:58 candidates=0 corpus=93 coverage=6407 exec total=403273 (39/sec) pending=0 reproducing=0 
2026/07/21 14:16:08 candidates=0 corpus=93 coverage=6407 exec total=403659 (39/sec) pending=0 reproducing=0 
2026/07/21 14:16:18 candidates=0 corpus=93 coverage=6407 exec total=404045 (39/sec) pending=0 reproducing=0 
2026/07/21 14:16:28 candidates=0 corpus=93 coverage=6407 exec total=404521 (39/sec) pending=0 reproducing=0 
2026/07/21 14:16:38 candidates=0 corpus=93 coverage=6407 exec total=404901 (39/sec) pending=0 reproducing=0 
2026/07/21 14:16:48 candidates=0 corpus=93 coverage=6407 exec total=405286 (39/sec) pending=0 reproducing=0 
2026/07/21 14:16:58 candidates=0 corpus=93 coverage=6407 exec total=405769 (39/sec) pending=0 reproducing=0 
2026/07/21 14:17:08 candidates=0 corpus=93 coverage=6407 exec total=406143 (39/sec) pending=0 reproducing=0 
2026/07/21 14:17:18 candidates=0 corpus=93 coverage=6407 exec total=406526 (39/sec) pending=0 reproducing=0 
2026/07/21 14:17:28 candidates=0 corpus=93 coverage=6407 exec total=407010 (39/sec) pending=0 reproducing=0 
2026/07/21 14:17:38 candidates=0 corpus=93 coverage=6407 exec total=407373 (39/sec) pending=0 reproducing=0 
2026/07/21 14:17:48 candidates=0 corpus=93 coverage=6407 exec total=407738 (39/sec) pending=0 reproducing=0 
2026/07/21 14:17:58 candidates=0 corpus=93 coverage=6407 exec total=408212 (39/sec) pending=0 reproducing=0 
2026/07/21 14:18:08 candidates=0 corpus=93 coverage=6407 exec total=408583 (39/sec) pending=0 reproducing=0 
2026/07/21 14:18:18 candidates=0 corpus=93 coverage=6407 exec total=408949 (39/sec) pending=0 reproducing=0 
2026/07/21 14:18:28 candidates=0 corpus=93 coverage=6407 exec total=409437 (39/sec) pending=0 reproducing=0 
2026/07/21 14:18:38 candidates=0 corpus=93 coverage=6407 exec total=409812 (39/sec) pending=0 reproducing=0 
2026/07/21 14:18:48 candidates=0 corpus=93 coverage=6407 exec total=410191 (39/sec) pending=0 reproducing=0 
2026/07/21 14:18:58 candidates=0 corpus=93 coverage=6407 exec total=410641 (39/sec) pending=0 reproducing=0 
2026/07/21 14:19:08 candidates=0 corpus=93 coverage=6407 exec total=411030 (39/sec) pending=0 reproducing=0 
2026/07/21 14:19:18 candidates=0 corpus=93 coverage=6407 exec total=411409 (39/sec) pending=0 reproducing=0 
2026/07/21 14:19:28 candidates=0 corpus=93 coverage=6407 exec total=411841 (39/sec) pending=0 reproducing=0 
2026/07/21 14:19:38 candidates=0 corpus=93 coverage=6407 exec total=412253 (39/sec) pending=0 reproducing=0 
2026/07/21 14:19:48 candidates=0 corpus=93 coverage=6407 exec total=412636 (39/sec) pending=0 reproducing=0 
2026/07/21 14:19:58 candidates=0 corpus=93 coverage=6407 exec total=413041 (39/sec) pending=0 reproducing=0 
2026/07/21 14:20:08 candidates=0 corpus=93 coverage=6407 exec total=413503 (39/sec) pending=0 reproducing=0 
2026/07/21 14:20:18 candidates=0 corpus=93 coverage=6407 exec total=413874 (39/sec) pending=0 reproducing=0 
2026/07/21 14:20:28 candidates=0 corpus=93 coverage=6407 exec total=414251 (39/sec) pending=0 reproducing=0 
2026/07/21 14:20:38 candidates=0 corpus=93 coverage=6407 exec total=414737 (39/sec) pending=0 reproducing=0 
2026/07/21 14:20:48 candidates=0 corpus=93 coverage=6407 exec total=415101 (39/sec) pending=0 reproducing=0 
2026/07/21 14:20:58 candidates=0 corpus=93 coverage=6407 exec total=415479 (39/sec) pending=0 reproducing=0 
2026/07/21 14:21:08 candidates=0 corpus=93 coverage=6407 exec total=415961 (39/sec) pending=0 reproducing=0 
2026/07/21 14:21:18 candidates=0 corpus=93 coverage=6407 exec total=416336 (39/sec) pending=0 reproducing=0 
2026/07/21 14:21:28 candidates=0 corpus=93 coverage=6407 exec total=416687 (39/sec) pending=0 reproducing=0 
2026/07/21 14:21:38 candidates=0 corpus=93 coverage=6407 exec total=417161 (39/sec) pending=0 reproducing=0 
2026/07/21 14:21:48 candidates=0 corpus=93 coverage=6407 exec total=417522 (39/sec) pending=0 reproducing=0 
2026/07/21 14:21:58 candidates=0 corpus=93 coverage=6407 exec total=417857 (39/sec) pending=0 reproducing=0 
2026/07/21 14:22:08 candidates=0 corpus=93 coverage=6407 exec total=418326 (39/sec) pending=0 reproducing=0 
2026/07/21 14:22:18 candidates=0 corpus=93 coverage=6407 exec total=418677 (39/sec) pending=0 reproducing=0 
2026/07/21 14:22:28 candidates=0 corpus=93 coverage=6407 exec total=419056 (39/sec) pending=0 reproducing=0 
2026/07/21 14:22:38 candidates=0 corpus=93 coverage=6407 exec total=419534 (39/sec) pending=0 reproducing=0 
2026/07/21 14:22:48 candidates=0 corpus=93 coverage=6407 exec total=419892 (39/sec) pending=0 reproducing=0 
2026/07/21 14:22:58 candidates=0 corpus=93 coverage=6407 exec total=420253 (39/sec) pending=0 reproducing=0 
2026/07/21 14:23:08 candidates=0 corpus=93 coverage=6407 exec total=420745 (39/sec) pending=0 reproducing=0 
2026/07/21 14:23:18 candidates=0 corpus=93 coverage=6407 exec total=421117 (39/sec) pending=0 reproducing=0 
2026/07/21 14:23:28 candidates=0 corpus=93 coverage=6407 exec total=421502 (39/sec) pending=0 reproducing=0 
2026/07/21 14:23:38 candidates=0 corpus=93 coverage=6407 exec total=421978 (39/sec) pending=0 reproducing=0 
2026/07/21 14:23:48 candidates=0 corpus=93 coverage=6407 exec total=422347 (39/sec) pending=0 reproducing=0 
2026/07/21 14:23:58 candidates=0 corpus=93 coverage=6407 exec total=422700 (39/sec) pending=0 reproducing=0 
2026/07/21 14:24:08 candidates=0 corpus=93 coverage=6407 exec total=423170 (39/sec) pending=0 reproducing=0 
2026/07/21 14:24:18 candidates=0 corpus=93 coverage=6407 exec total=423524 (39/sec) pending=0 reproducing=0 
2026/07/21 14:24:28 candidates=0 corpus=93 coverage=6407 exec total=423910 (39/sec) pending=0 reproducing=0 
2026/07/21 14:24:38 candidates=0 corpus=93 coverage=6407 exec total=424397 (39/sec) pending=0 reproducing=0 
2026/07/21 14:24:48 candidates=0 corpus=93 coverage=6407 exec total=424749 (39/sec) pending=0 reproducing=0 
2026/07/21 14:24:58 candidates=0 corpus=93 coverage=6407 exec total=425110 (39/sec) pending=0 reproducing=0 
2026/07/21 14:25:08 candidates=0 corpus=93 coverage=6407 exec total=425540 (39/sec) pending=0 reproducing=0 
2026/07/21 14:25:18 candidates=0 corpus=93 coverage=6407 exec total=425904 (39/sec) pending=0 reproducing=0 
2026/07/21 14:25:28 candidates=0 corpus=93 coverage=6407 exec total=426264 (39/sec) pending=0 reproducing=0 
2026/07/21 14:25:38 candidates=0 corpus=93 coverage=6407 exec total=426748 (39/sec) pending=0 reproducing=0 
2026/07/21 14:25:48 candidates=0 corpus=93 coverage=6407 exec total=427118 (39/sec) pending=0 reproducing=0 
2026/07/21 14:25:58 candidates=0 corpus=93 coverage=6407 exec total=427504 (39/sec) pending=0 reproducing=0 
2026/07/21 14:26:08 candidates=0 corpus=93 coverage=6407 exec total=427980 (39/sec) pending=0 reproducing=0 
2026/07/21 14:26:18 candidates=0 corpus=93 coverage=6407 exec total=428334 (39/sec) pending=0 reproducing=0 
2026/07/21 14:26:28 candidates=0 corpus=93 coverage=6407 exec total=428681 (39/sec) pending=0 reproducing=0 
2026/07/21 14:26:38 candidates=0 corpus=93 coverage=6407 exec total=429146 (39/sec) pending=0 reproducing=0 
2026/07/21 14:26:48 candidates=0 corpus=93 coverage=6407 exec total=429515 (39/sec) pending=0 reproducing=0 
2026/07/21 14:26:58 candidates=0 corpus=93 coverage=6407 exec total=429884 (39/sec) pending=0 reproducing=0 
2026/07/21 14:27:08 candidates=0 corpus=93 coverage=6407 exec total=430356 (39/sec) pending=0 reproducing=0 
2026/07/21 14:27:18 candidates=0 corpus=93 coverage=6407 exec total=430733 (39/sec) pending=0 reproducing=0 
2026/07/21 14:27:28 candidates=0 corpus=93 coverage=6407 exec total=431099 (39/sec) pending=0 reproducing=0 
2026/07/21 14:27:34 VM 0: running for 1h0m0.000425619s, restarting
2026/07/21 14:27:38 candidates=0 corpus=93 coverage=6407 exec total=431368 (39/sec) pending=0 reproducing=0 
2026/07/21 14:27:48 candidates=0 corpus=93 coverage=6407 exec total=431368 (39/sec) pending=0 reproducing=0 
2026/07/21 14:27:58 candidates=0 corpus=93 coverage=6407 exec total=431793 (39/sec) pending=0 reproducing=0 
2026/07/21 14:28:08 candidates=0 corpus=93 coverage=6407 exec total=432154 (39/sec) pending=0 reproducing=0 
2026/07/21 14:28:18 candidates=0 corpus=93 coverage=6407 exec total=432568 (39/sec) pending=0 reproducing=0 
2026/07/21 14:28:28 candidates=0 corpus=93 coverage=6407 exec total=432982 (39/sec) pending=0 reproducing=0 
2026/07/21 14:28:38 candidates=0 corpus=93 coverage=6407 exec total=433355 (39/sec) pending=0 reproducing=0 
2026/07/21 14:28:48 candidates=0 corpus=93 coverage=6407 exec total=433768 (39/sec) pending=0 reproducing=0 
2026/07/21 14:28:58 candidates=0 corpus=93 coverage=6407 exec total=434199 (39/sec) pending=0 reproducing=0 
2026/07/21 14:29:08 candidates=0 corpus=93 coverage=6407 exec total=434563 (39/sec) pending=0 reproducing=0 
2026/07/21 14:29:18 candidates=0 corpus=93 coverage=6407 exec total=434968 (39/sec) pending=0 reproducing=0 
2026/07/21 14:29:28 candidates=0 corpus=93 coverage=6407 exec total=435406 (39/sec) pending=0 reproducing=0 
2026/07/21 14:29:38 candidates=0 corpus=93 coverage=6407 exec total=435786 (39/sec) pending=0 reproducing=0 
2026/07/21 14:29:48 candidates=0 corpus=93 coverage=6407 exec total=436168 (39/sec) pending=0 reproducing=0 
2026/07/21 14:29:58 candidates=0 corpus=93 coverage=6407 exec total=436635 (39/sec) pending=0 reproducing=0 
2026/07/21 14:30:08 candidates=0 corpus=93 coverage=6407 exec total=436992 (39/sec) pending=0 reproducing=0 
2026/07/21 14:30:18 candidates=0 corpus=93 coverage=6407 exec total=437368 (39/sec) pending=0 reproducing=0 
2026/07/21 14:30:28 candidates=0 corpus=93 coverage=6407 exec total=437833 (39/sec) pending=0 reproducing=0 
2026/07/21 14:30:38 candidates=0 corpus=93 coverage=6407 exec total=438206 (39/sec) pending=0 reproducing=0 
2026/07/21 14:30:48 candidates=0 corpus=93 coverage=6407 exec total=438568 (39/sec) pending=0 reproducing=0 
2026/07/21 14:30:58 candidates=0 corpus=93 coverage=6407 exec total=439028 (39/sec) pending=0 reproducing=0 
2026/07/21 14:31:08 candidates=0 corpus=93 coverage=6407 exec total=439384 (39/sec) pending=0 reproducing=0 
2026/07/21 14:31:18 candidates=0 corpus=93 coverage=6407 exec total=439768 (39/sec) pending=0 reproducing=0 
2026/07/21 14:31:28 candidates=0 corpus=93 coverage=6407 exec total=440201 (39/sec) pending=0 reproducing=0 
