2026/07/29 18:35:30 serving rpc on tcp://34197
2026/07/29 18:35:30 serving http on http://0.0.0.0:56752
2026/07/29 18:35:31 skipped 38 seeds
2026/07/29 18:35:45 [ERROR] kernel build has changed; instance module gpu_sched differs from canonical
2026/07/29 18:35:45 [ERROR] kernel build has changed; instance module drm_buddy differs from canonical
2026/07/29 18:35:45 [ERROR] kernel build has changed; instance module amdxcp differs from canonical
2026/07/29 18:35:45 [ERROR] kernel build has changed; instance module drm_suballoc_helper differs from canonical
2026/07/29 18:35:45 [ERROR] kernel build has changed; instance module drm_exec differs from canonical
2026/07/29 18:35:45 [ERROR] kernel build has changed; instance module video differs from canonical
2026/07/29 18:35:45 [ERROR] kernel build has changed; instance module ttm differs from canonical
2026/07/29 18:35:45 [ERROR] kernel build has changed; instance module drm_ttm_helper differs from canonical
2026/07/29 18:35:45 [ERROR] kernel build has changed; instance module i2c_algo_bit differs from canonical
2026/07/29 18:35:45 [ERROR] kernel build has changed; instance module amdgpu differs from canonical
2026/07/29 18:35:45 [ERROR] kernel build has changed; instance module i2c_phytium_core differs from canonical
2026/07/29 18:35:45 [ERROR] kernel build has changed; instance module xhci_pci_renesas differs from canonical
2026/07/29 18:35:45 [ERROR] kernel build has changed; instance module snd_hda_codec_hdmi differs from canonical
2026/07/29 18:35:45 [ERROR] kernel build has changed; instance module i2c_phytium_platform differs from canonical
2026/07/29 18:35:45 [ERROR] kernel build has changed; instance module xhci_pci differs from canonical
2026/07/29 18:35:45 [ERROR] kernel build has changed; instance module snd_intel_dspcfg differs from canonical
2026/07/29 18:35:45 [ERROR] kernel build has changed; instance module snd_hda_intel differs from canonical
2026/07/29 18:35:45 [ERROR] kernel build has changed; instance module overlay differs from canonical
2026/07/29 18:35:45 [ERROR] kernel build has changed; instance module xfrm_algo differs from canonical
2026/07/29 18:35:45 [ERROR] kernel build has changed; instance module xt_addrtype differs from canonical
2026/07/29 18:35:45 [ERROR] kernel build has changed; instance module br_netfilter differs from canonical
2026/07/29 18:35:45 [ERROR] kernel build has changed; instance module xfrm_user differs from canonical
2026/07/29 18:35:45 [ERROR] kernel build has changed; instance module nfnetlink differs from canonical
2026/07/29 18:35:45 [ERROR] kernel build has changed; instance module nf_conntrack_netlink differs from canonical
2026/07/29 18:35:45 [ERROR] kernel build has changed; instance module xt_MASQUERADE differs from canonical
2026/07/29 18:35:45 [ERROR] kernel build has changed; instance module xt_conntrack differs from canonical
2026/07/29 18:35:45 [ERROR] kernel build has changed; instance module cfg80211 differs from canonical
2026/07/29 18:35:45 [ERROR] kernel build has changed; instance module xt_tcpudp differs from canonical
2026/07/29 18:35:46 machine check:
transitively disabled the following syscalls (missing resource [creating syscalls]):
close$binfmt                                : fd_binfmt [openat$binfmt]
close$fd_v4l2_buffer                        : fd_v4l2_buffer [ioctl$VIDIOC_QUERYBUF_DMABUF]
close$ibv_device                            : fd_rdma [openat$uverbs0]

BinFmtMisc              : write(/proc/sys/fs/binfmt_misc/register) failed
Comparisons             : call 0 failed with errno 998
Coverage                : enabled
DelayKcovMmap           : enabled
DevlinkPCI              : PCI device 0000:00:10.0 is not available
ExtraCoverage           : disabled by user
Fault                   : CONFIG_FAULT_INJECTION is not enabled
KCSAN                   : write(/sys/kernel/debug/kcsan, on) failed
KcovResetIoctl          : kernel does not support ioctl(KCOV_RESET_TRACE)
LRWPANEmulation         : netlink_query_family_id failed
Leak                    : failed to write(kmemleak, "scan=off")
MemoryDump              : disabled by user
NetDevices              : enabled
NetInjection            : enabled
NicVF                   : PCI device 0000:00:11.0 is not available
SandboxAndroid          : setcon: could not write entire context. wrote=-1, expected=30 (errno 22: Invalid argument). . process exited with status 67.
SandboxNamespace        : enabled
SandboxNone             : enabled
SandboxSetuid           : enabled
Swap                    : enabled
USBEmulation            : failed to chmod /dev/raw-gadget
VhciInjection           : open /dev/vhci failed.  (errno 2: No such file or directory).
WifiEmulation           : netlink_query_family_id failed.  (errno 2: No such file or directory).
syscalls                : 63/8065

2026/07/29 18:35:46 corpus                  : 65 (65 seeds), 0 to be reminimized, 0 to be resmashed
2026/07/29 18:35:50 candidates=31 corpus=0 coverage=0 exec total=64 (182/min) pending=0 reproducing=0 
2026/07/29 18:36:00 candidates=19 corpus=0 coverage=0 exec total=87 (168/min) pending=0 reproducing=0 
2026/07/29 18:36:10 candidates=10 corpus=0 coverage=0 exec total=103 (150/min) pending=0 reproducing=0 
2026/07/29 18:36:20 candidates=5 corpus=0 coverage=0 exec total=109 (128/min) pending=0 reproducing=0 
2026/07/29 18:36:30 candidates=0 corpus=0 coverage=0 exec total=447 (439/min) pending=0 reproducing=0 
2026/07/29 18:36:40 candidates=0 corpus=0 coverage=0 exec total=799 (11/sec) pending=0 reproducing=0 
2026/07/29 18:36:50 candidates=0 corpus=6 coverage=7112 exec total=1098 (13/sec) pending=0 reproducing=0 
2026/07/29 18:37:00 candidates=0 corpus=13 coverage=8403 exec total=1430 (15/sec) pending=0 reproducing=0 
2026/07/29 18:37:10 candidates=0 corpus=24 coverage=8620 exec total=1711 (16/sec) pending=0 reproducing=0 
2026/07/29 18:37:20 candidates=0 corpus=26 coverage=8642 exec total=1765 (15/sec) pending=0 reproducing=0 
2026/07/29 18:37:28 initializing coverage information...
2026/07/29 18:37:30 candidates=0 corpus=28 coverage=8703 exec total=1786 (14/sec) pending=0 reproducing=0 
2026/07/29 18:37:40 candidates=0 corpus=29 coverage=9146 exec total=1826 (13/sec) pending=0 reproducing=0 
2026/07/29 18:37:50 candidates=0 corpus=29 coverage=9146 exec total=1832 (12/sec) pending=0 reproducing=0 
2026/07/29 18:38:00 candidates=0 corpus=31 coverage=9148 exec total=1922 (12/sec) pending=0 reproducing=0 
2026/07/29 18:38:10 candidates=0 corpus=34 coverage=9166 exec total=1964 (12/sec) pending=0 reproducing=0 
2026/07/29 18:38:20 candidates=0 corpus=35 coverage=9167 exec total=1973 (11/sec) pending=0 reproducing=0 
2026/07/29 18:38:30 candidates=0 corpus=38 coverage=9237 exec total=2037 (11/sec) pending=0 reproducing=0 
2026/07/29 18:38:40 candidates=0 corpus=42 coverage=9275 exec total=2138 (11/sec) pending=0 reproducing=0 
2026/07/29 18:38:50 candidates=0 corpus=48 coverage=9283 exec total=2284 (11/sec) pending=0 reproducing=0 
2026/07/29 18:39:00 http: superfluous response.WriteHeader call from github.com/gorilla/handlers.(*compressResponseWriter).WriteHeader (compress.go:26)
2026/07/29 18:39:00 candidates=0 corpus=57 coverage=9461 exec total=2476 (11/sec) pending=0 reproducing=0 
2026/07/29 18:39:10 candidates=0 corpus=74 coverage=10075 exec total=2914 (13/sec) pending=0 reproducing=0 
2026/07/29 18:39:20 candidates=0 corpus=75 coverage=10075 exec total=2995 (12/sec) pending=0 reproducing=0 
2026/07/29 18:39:30 candidates=0 corpus=75 coverage=10075 exec total=3001 (12/sec) pending=0 reproducing=0 
2026/07/29 18:39:40 candidates=0 corpus=91 coverage=10441 exec total=3319 (13/sec) pending=0 reproducing=0 
2026/07/29 18:39:46 starting bug reproductions (max 2 VMs, 1 repros)
2026/07/29 18:39:50 candidates=0 corpus=118 coverage=10836 exec total=3749 (14/sec) pending=0 reproducing=0 
2026/07/29 18:40:00 candidates=0 corpus=151 coverage=11353 exec total=4488 (16/sec) pending=0 reproducing=0 
2026/07/29 18:40:10 candidates=0 corpus=168 coverage=11376 exec total=4982 (17/sec) pending=0 reproducing=0 
2026/07/29 18:40:20 candidates=0 corpus=187 coverage=11433 exec total=5499 (18/sec) pending=0 reproducing=0 
2026/07/29 18:40:30 candidates=0 corpus=204 coverage=11458 exec total=5954 (19/sec) pending=0 reproducing=0 
2026/07/29 18:40:40 candidates=0 corpus=213 coverage=11487 exec total=6278 (20/sec) pending=0 reproducing=0 
2026/07/29 18:40:50 candidates=0 corpus=198 coverage=11487 exec total=6286 (19/sec) pending=0 reproducing=0 
2026/07/29 18:41:00 candidates=0 corpus=199 coverage=11490 exec total=6293 (19/sec) pending=0 reproducing=0 
2026/07/29 18:41:10 candidates=0 corpus=199 coverage=11490 exec total=6297 (18/sec) pending=0 reproducing=0 
2026/07/29 18:41:20 candidates=0 corpus=200 coverage=11494 exec total=6307 (17/sec) pending=0 reproducing=0 
2026/07/29 18:41:30 candidates=0 corpus=200 coverage=11494 exec total=6312 (17/sec) pending=0 reproducing=0 
2026/07/29 18:41:40 candidates=0 corpus=202 coverage=11501 exec total=6408 (17/sec) pending=0 reproducing=0 
2026/07/29 18:41:50 candidates=0 corpus=203 coverage=11507 exec total=6721 (17/sec) pending=0 reproducing=0 
2026/07/29 18:42:00 candidates=0 corpus=209 coverage=11531 exec total=7129 (18/sec) pending=0 reproducing=0 
2026/07/29 18:42:10 candidates=0 corpus=210 coverage=11532 exec total=7163 (17/sec) pending=0 reproducing=0 
2026/07/29 18:42:20 candidates=0 corpus=210 coverage=11532 exec total=7209 (17/sec) pending=0 reproducing=0 
2026/07/29 18:42:30 candidates=0 corpus=210 coverage=11532 exec total=7217 (17/sec) pending=0 reproducing=0 
2026/07/29 18:42:40 candidates=0 corpus=223 coverage=11562 exec total=7541 (17/sec) pending=0 reproducing=0 
2026/07/29 18:42:50 candidates=0 corpus=226 coverage=11577 exec total=7994 (18/sec) pending=0 reproducing=0 
2026/07/29 18:43:00 candidates=0 corpus=231 coverage=11582 exec total=8373 (18/sec) pending=0 reproducing=0 
2026/07/29 18:43:10 candidates=0 corpus=237 coverage=11601 exec total=8856 (19/sec) pending=0 reproducing=0 
2026/07/29 18:43:20 candidates=0 corpus=237 coverage=11601 exec total=8880 (18/sec) pending=0 reproducing=0 
2026/07/29 18:43:30 candidates=0 corpus=239 coverage=11601 exec total=8925 (18/sec) pending=0 reproducing=0 
2026/07/29 18:43:40 candidates=0 corpus=239 coverage=11601 exec total=8964 (18/sec) pending=0 reproducing=0 
2026/07/29 18:43:50 candidates=0 corpus=236 coverage=11601 exec total=8972 (17/sec) pending=0 reproducing=0 
2026/07/29 18:44:00 candidates=0 corpus=236 coverage=11601 exec total=8979 (17/sec) pending=0 reproducing=0 
2026/07/29 18:44:10 candidates=0 corpus=236 coverage=11601 exec total=8991 (17/sec) pending=0 reproducing=0 
2026/07/29 18:44:20 candidates=0 corpus=236 coverage=11601 exec total=9013 (16/sec) pending=0 reproducing=0 
2026/07/29 18:44:30 candidates=0 corpus=238 coverage=11641 exec total=9023 (16/sec) pending=0 reproducing=0 
2026/07/29 18:44:40 candidates=0 corpus=238 coverage=11641 exec total=9031 (16/sec) pending=0 reproducing=0 
2026/07/29 18:44:50 candidates=0 corpus=239 coverage=11641 exec total=9048 (16/sec) pending=0 reproducing=0 
2026/07/29 18:45:00 candidates=0 corpus=239 coverage=11641 exec total=9052 (15/sec) pending=0 reproducing=0 
2026/07/29 18:45:10 candidates=0 corpus=240 coverage=11644 exec total=9136 (15/sec) pending=0 reproducing=0 
2026/07/29 18:45:20 candidates=0 corpus=241 coverage=11645 exec total=9203 (15/sec) pending=0 reproducing=0 
2026/07/29 18:45:30 candidates=0 corpus=241 coverage=11645 exec total=9222 (15/sec) pending=0 reproducing=0 
2026/07/29 18:45:40 candidates=0 corpus=242 coverage=11646 exec total=9304 (15/sec) pending=0 reproducing=0 
2026/07/29 18:45:50 candidates=0 corpus=243 coverage=11646 exec total=9316 (15/sec) pending=0 reproducing=0 
2026/07/29 18:46:00 candidates=0 corpus=243 coverage=11646 exec total=9335 (14/sec) pending=0 reproducing=0 
2026/07/29 18:46:10 candidates=0 corpus=244 coverage=11649 exec total=9348 (14/sec) pending=0 reproducing=0 
2026/07/29 18:46:20 candidates=0 corpus=244 coverage=11649 exec total=9370 (14/sec) pending=0 reproducing=0 
2026/07/29 18:46:30 candidates=0 corpus=244 coverage=11649 exec total=9381 (14/sec) pending=0 reproducing=0 
2026/07/29 18:46:40 candidates=0 corpus=247 coverage=11663 exec total=9492 (14/sec) pending=0 reproducing=0 
2026/07/29 18:46:50 candidates=0 corpus=252 coverage=11679 exec total=9675 (14/sec) pending=0 reproducing=0 
2026/07/29 18:47:00 candidates=0 corpus=257 coverage=11713 exec total=9812 (14/sec) pending=0 reproducing=0 
2026/07/29 18:47:10 candidates=0 corpus=258 coverage=11714 exec total=9843 (14/sec) pending=0 reproducing=0 
2026/07/29 18:47:20 candidates=0 corpus=258 coverage=11714 exec total=9897 (13/sec) pending=0 reproducing=0 
2026/07/29 18:47:30 candidates=0 corpus=261 coverage=11722 exec total=10019 (13/sec) pending=0 reproducing=0 
2026/07/29 18:47:40 candidates=0 corpus=262 coverage=11724 exec total=10089 (13/sec) pending=0 reproducing=0 
2026/07/29 18:47:50 candidates=0 corpus=262 coverage=11724 exec total=10135 (13/sec) pending=0 reproducing=0 
2026/07/29 18:48:00 candidates=0 corpus=262 coverage=11724 exec total=10219 (13/sec) pending=0 reproducing=0 
2026/07/29 18:48:10 candidates=0 corpus=263 coverage=11724 exec total=10344 (13/sec) pending=0 reproducing=0 
2026/07/29 18:48:18 http: superfluous response.WriteHeader call from github.com/google/syzkaller/pkg/manager.(*HTTPServer).httpCoverCover (http.go:688)
2026/07/29 18:48:20 candidates=0 corpus=267 coverage=11737 exec total=10477 (13/sec) pending=0 reproducing=0 
2026/07/29 18:48:30 candidates=0 corpus=271 coverage=11770 exec total=10685 (13/sec) pending=0 reproducing=0 
2026/07/29 18:48:40 candidates=0 corpus=271 coverage=11770 exec total=10750 (13/sec) pending=0 reproducing=0 
2026/07/29 18:48:50 candidates=0 corpus=270 coverage=11770 exec total=10822 (13/sec) pending=0 reproducing=0 
2026/07/29 18:48:55 http: superfluous response.WriteHeader call from github.com/google/syzkaller/pkg/manager.(*HTTPServer).httpCoverCover (http.go:688)
2026/07/29 18:49:00 candidates=0 corpus=273 coverage=11773 exec total=10945 (13/sec) pending=0 reproducing=0 
2026/07/29 18:49:10 candidates=0 corpus=273 coverage=11773 exec total=11012 (13/sec) pending=0 reproducing=0 
2026/07/29 18:49:20 candidates=0 corpus=275 coverage=11780 exec total=11099 (13/sec) pending=0 reproducing=0 
2026/07/29 18:49:30 candidates=0 corpus=276 coverage=11786 exec total=11157 (13/sec) pending=0 reproducing=0 
2026/07/29 18:49:40 candidates=0 corpus=276 coverage=11786 exec total=11180 (13/sec) pending=0 reproducing=0 
2026/07/29 18:49:50 candidates=0 corpus=277 coverage=11786 exec total=11259 (13/sec) pending=0 reproducing=0 
2026/07/29 18:50:00 candidates=0 corpus=278 coverage=11793 exec total=11321 (12/sec) pending=0 reproducing=0 
2026/07/29 18:50:10 candidates=0 corpus=279 coverage=11793 exec total=11429 (12/sec) pending=0 reproducing=0 
2026/07/29 18:50:20 candidates=0 corpus=285 coverage=11801 exec total=11722 (13/sec) pending=0 reproducing=0 
2026/07/29 18:50:30 candidates=0 corpus=288 coverage=11811 exec total=11873 (13/sec) pending=0 reproducing=0 
2026/07/29 18:50:40 candidates=0 corpus=289 coverage=11812 exec total=11914 (13/sec) pending=0 reproducing=0 
2026/07/29 18:50:50 candidates=0 corpus=288 coverage=11812 exec total=11927 (12/sec) pending=0 reproducing=0 
2026/07/29 18:51:00 candidates=0 corpus=288 coverage=11812 exec total=11940 (12/sec) pending=0 reproducing=0 
2026/07/29 18:51:10 candidates=0 corpus=288 coverage=11812 exec total=11953 (12/sec) pending=0 reproducing=0 
2026/07/29 18:51:20 candidates=0 corpus=288 coverage=11812 exec total=11993 (12/sec) pending=0 reproducing=0 
2026/07/29 18:51:30 candidates=0 corpus=288 coverage=11812 exec total=12007 (12/sec) pending=0 reproducing=0 
2026/07/29 18:51:40 candidates=0 corpus=288 coverage=11812 exec total=12038 (12/sec) pending=0 reproducing=0 
2026/07/29 18:51:50 candidates=0 corpus=289 coverage=11815 exec total=12076 (12/sec) pending=0 reproducing=0 
2026/07/29 18:52:00 candidates=0 corpus=289 coverage=11815 exec total=12108 (12/sec) pending=0 reproducing=0 
2026/07/29 18:52:10 candidates=0 corpus=289 coverage=11815 exec total=12114 (12/sec) pending=0 reproducing=0 
2026/07/29 18:52:20 candidates=0 corpus=289 coverage=11815 exec total=12118 (11/sec) pending=0 reproducing=0 
2026/07/29 18:52:30 candidates=0 corpus=289 coverage=11815 exec total=12127 (11/sec) pending=0 reproducing=0 
2026/07/29 18:52:40 candidates=0 corpus=289 coverage=11815 exec total=12219 (11/sec) pending=0 reproducing=0 
2026/07/29 18:52:50 candidates=0 corpus=289 coverage=11815 exec total=12224 (11/sec) pending=0 reproducing=0 
2026/07/29 18:53:00 candidates=0 corpus=289 coverage=11815 exec total=12230 (11/sec) pending=0 reproducing=0 
2026/07/29 18:53:10 candidates=0 corpus=291 coverage=11817 exec total=12303 (11/sec) pending=0 reproducing=0 
2026/07/29 18:53:20 candidates=0 corpus=293 coverage=11817 exec total=12409 (11/sec) pending=0 reproducing=0 
2026/07/29 18:53:30 candidates=0 corpus=295 coverage=11818 exec total=12482 (11/sec) pending=0 reproducing=0 
2026/07/29 18:53:40 candidates=0 corpus=295 coverage=11818 exec total=12496 (11/sec) pending=0 reproducing=0 
2026/07/29 18:53:50 candidates=0 corpus=295 coverage=11818 exec total=12513 (11/sec) pending=0 reproducing=0 
2026/07/29 18:54:00 candidates=0 corpus=295 coverage=11818 exec total=12527 (11/sec) pending=0 reproducing=0 
2026/07/29 18:54:10 candidates=0 corpus=295 coverage=11818 exec total=12534 (11/sec) pending=0 reproducing=0 
2026/07/29 18:54:20 candidates=0 corpus=295 coverage=11818 exec total=12549 (11/sec) pending=0 reproducing=0 
2026/07/29 18:54:30 candidates=0 corpus=296 coverage=11818 exec total=12625 (11/sec) pending=0 reproducing=0 
2026/07/29 18:54:40 candidates=0 corpus=296 coverage=11818 exec total=12646 (10/sec) pending=0 reproducing=0 
2026/07/29 18:54:50 candidates=0 corpus=296 coverage=11818 exec total=12653 (10/sec) pending=0 reproducing=0 
2026/07/29 18:55:00 candidates=0 corpus=296 coverage=11818 exec total=12661 (10/sec) pending=0 reproducing=0 
2026/07/29 18:55:10 candidates=0 corpus=301 coverage=11828 exec total=12754 (10/sec) pending=0 reproducing=0 
2026/07/29 18:55:20 candidates=0 corpus=302 coverage=11828 exec total=12792 (10/sec) pending=0 reproducing=0 
2026/07/29 18:55:30 candidates=0 corpus=302 coverage=11828 exec total=12802 (10/sec) pending=0 reproducing=0 
2026/07/29 18:55:40 candidates=0 corpus=302 coverage=11828 exec total=12836 (10/sec) pending=0 reproducing=0 
2026/07/29 18:55:50 candidates=0 corpus=302 coverage=11828 exec total=12872 (10/sec) pending=0 reproducing=0 
2026/07/29 18:56:00 candidates=0 corpus=302 coverage=11828 exec total=12950 (10/sec) pending=0 reproducing=0 
2026/07/29 18:56:10 candidates=0 corpus=302 coverage=11828 exec total=12959 (10/sec) pending=0 reproducing=0 
2026/07/29 18:56:20 candidates=0 corpus=304 coverage=11830 exec total=12969 (10/sec) pending=0 reproducing=0 
2026/07/29 18:56:30 candidates=0 corpus=304 coverage=11830 exec total=12982 (10/sec) pending=0 reproducing=0 
2026/07/29 18:56:40 candidates=0 corpus=305 coverage=11833 exec total=13019 (10/sec) pending=0 reproducing=0 
2026/07/29 18:56:50 candidates=0 corpus=305 coverage=11833 exec total=13053 (10/sec) pending=0 reproducing=0 
2026/07/29 18:57:00 candidates=0 corpus=306 coverage=11839 exec total=13169 (10/sec) pending=0 reproducing=0 
2026/07/29 18:57:10 candidates=0 corpus=306 coverage=11839 exec total=13214 (10/sec) pending=0 reproducing=0 
2026/07/29 18:57:20 candidates=0 corpus=306 coverage=11839 exec total=13223 (10/sec) pending=0 reproducing=0 
2026/07/29 18:57:30 candidates=0 corpus=308 coverage=11842 exec total=13290 (10/sec) pending=0 reproducing=0 
2026/07/29 18:57:40 candidates=0 corpus=309 coverage=11843 exec total=13334 (10/sec) pending=0 reproducing=0 
2026/07/29 18:57:50 candidates=0 corpus=310 coverage=11843 exec total=13375 (598/min) pending=0 reproducing=0 
2026/07/29 18:58:00 candidates=0 corpus=310 coverage=11843 exec total=13387 (594/min) pending=0 reproducing=0 
2026/07/29 18:58:10 candidates=0 corpus=310 coverage=11843 exec total=13396 (590/min) pending=0 reproducing=0 
2026/07/29 18:58:20 candidates=0 corpus=312 coverage=11846 exec total=13468 (589/min) pending=0 reproducing=0 
2026/07/29 18:58:30 candidates=0 corpus=312 coverage=11846 exec total=13571 (589/min) pending=0 reproducing=0 
2026/07/29 18:58:40 candidates=0 corpus=315 coverage=11865 exec total=13672 (589/min) pending=0 reproducing=0 
2026/07/29 18:58:50 candidates=0 corpus=319 coverage=11872 exec total=13815 (591/min) pending=0 reproducing=0 
2026/07/29 18:59:00 candidates=0 corpus=320 coverage=11873 exec total=13901 (591/min) pending=0 reproducing=0 
2026/07/29 18:59:10 candidates=0 corpus=320 coverage=11873 exec total=13908 (587/min) pending=0 reproducing=0 
2026/07/29 18:59:20 candidates=0 corpus=321 coverage=11873 exec total=13930 (584/min) pending=0 reproducing=0 
2026/07/29 18:59:30 candidates=0 corpus=321 coverage=11873 exec total=13938 (580/min) pending=0 reproducing=0 
2026/07/29 18:59:40 candidates=0 corpus=321 coverage=11873 exec total=14011 (579/min) pending=0 reproducing=0 
2026/07/29 18:59:50 candidates=0 corpus=321 coverage=11873 exec total=14063 (577/min) pending=0 reproducing=0 
2026/07/29 19:00:00 candidates=0 corpus=322 coverage=11873 exec total=14081 (574/min) pending=0 reproducing=0 
2026/07/29 19:00:10 candidates=0 corpus=322 coverage=11873 exec total=14118 (571/min) pending=0 reproducing=0 
2026/07/29 19:00:20 candidates=0 corpus=322 coverage=11873 exec total=14149 (569/min) pending=0 reproducing=0 
2026/07/29 19:00:30 candidates=0 corpus=323 coverage=11873 exec total=14262 (570/min) pending=0 reproducing=0 
2026/07/29 19:00:40 candidates=0 corpus=324 coverage=11878 exec total=14311 (568/min) pending=0 reproducing=0 
2026/07/29 19:00:50 candidates=0 corpus=327 coverage=11880 exec total=14383 (567/min) pending=0 reproducing=0 
2026/07/29 19:01:00 candidates=0 corpus=327 coverage=11880 exec total=14430 (565/min) pending=0 reproducing=0 
2026/07/29 19:01:10 candidates=0 corpus=327 coverage=11880 exec total=14438 (562/min) pending=0 reproducing=0 
2026/07/29 19:01:20 candidates=0 corpus=327 coverage=11880 exec total=14467 (559/min) pending=0 reproducing=0 
2026/07/29 19:01:30 candidates=0 corpus=329 coverage=11895 exec total=14627 (562/min) pending=0 reproducing=0 
2026/07/29 19:01:40 candidates=0 corpus=329 coverage=11895 exec total=14737 (562/min) pending=0 reproducing=0 
2026/07/29 19:01:50 candidates=0 corpus=330 coverage=11896 exec total=14810 (562/min) pending=0 reproducing=0 
2026/07/29 19:02:00 candidates=0 corpus=331 coverage=11898 exec total=14841 (559/min) pending=0 reproducing=0 
2026/07/29 19:02:10 candidates=0 corpus=331 coverage=11898 exec total=14890 (558/min) pending=0 reproducing=0 
2026/07/29 19:02:20 candidates=0 corpus=331 coverage=11898 exec total=14923 (555/min) pending=0 reproducing=0 
2026/07/29 19:02:30 candidates=0 corpus=331 coverage=11898 exec total=14991 (554/min) pending=0 reproducing=0 
2026/07/29 19:02:40 candidates=0 corpus=332 coverage=11925 exec total=15040 (553/min) pending=0 reproducing=0 
2026/07/29 19:02:50 candidates=0 corpus=334 coverage=11933 exec total=15187 (555/min) pending=0 reproducing=0 
2026/07/29 19:03:00 candidates=0 corpus=335 coverage=11933 exec total=15361 (558/min) pending=0 reproducing=0 
2026/07/29 19:03:10 candidates=0 corpus=336 coverage=11939 exec total=15379 (555/min) pending=0 reproducing=0 
2026/07/29 19:03:20 candidates=0 corpus=337 coverage=11939 exec total=15387 (552/min) pending=0 reproducing=0 
2026/07/29 19:03:30 candidates=0 corpus=337 coverage=11939 exec total=15394 (549/min) pending=0 reproducing=0 
2026/07/29 19:03:40 candidates=0 corpus=338 coverage=11940 exec total=15467 (548/min) pending=0 reproducing=0 
2026/07/29 19:03:50 candidates=0 corpus=338 coverage=11940 exec total=15470 (545/min) pending=0 reproducing=0 
2026/07/29 19:04:00 candidates=0 corpus=338 coverage=11940 exec total=15499 (543/min) pending=0 reproducing=0 
2026/07/29 19:04:10 candidates=0 corpus=341 coverage=11944 exec total=15587 (543/min) pending=0 reproducing=0 
2026/07/29 19:04:20 candidates=0 corpus=341 coverage=11944 exec total=15621 (541/min) pending=0 reproducing=0 
2026/07/29 19:04:30 candidates=0 corpus=341 coverage=11944 exec total=15640 (539/min) pending=0 reproducing=0 
2026/07/29 19:04:40 candidates=0 corpus=344 coverage=11980 exec total=15860 (543/min) pending=0 reproducing=0 
2026/07/29 19:04:50 candidates=0 corpus=345 coverage=11985 exec total=15955 (543/min) pending=0 reproducing=0 
2026/07/29 19:05:00 candidates=0 corpus=354 coverage=12008 exec total=16323 (553/min) pending=0 reproducing=0 
2026/07/29 19:05:10 candidates=0 corpus=354 coverage=12008 exec total=16333 (550/min) pending=0 reproducing=0 
2026/07/29 19:05:20 candidates=0 corpus=356 coverage=12010 exec total=16433 (550/min) pending=0 reproducing=0 
2026/07/29 19:05:30 candidates=0 corpus=356 coverage=12010 exec total=16454 (548/min) pending=0 reproducing=0 
2026/07/29 19:05:40 candidates=0 corpus=356 coverage=12010 exec total=16460 (545/min) pending=0 reproducing=0 
2026/07/29 19:05:50 candidates=0 corpus=356 coverage=12010 exec total=16467 (542/min) pending=0 reproducing=0 
2026/07/29 19:06:00 candidates=0 corpus=356 coverage=12010 exec total=16471 (539/min) pending=0 reproducing=0 
2026/07/29 19:06:10 candidates=0 corpus=356 coverage=12010 exec total=16478 (537/min) pending=0 reproducing=0 
2026/07/29 19:06:20 candidates=0 corpus=356 coverage=12010 exec total=16503 (534/min) pending=0 reproducing=0 
2026/07/29 19:06:30 candidates=0 corpus=358 coverage=12015 exec total=16602 (535/min) pending=0 reproducing=0 
2026/07/29 19:06:40 candidates=0 corpus=361 coverage=12033 exec total=16733 (536/min) pending=0 reproducing=0 
2026/07/29 19:06:50 candidates=0 corpus=363 coverage=12038 exec total=16873 (538/min) pending=0 reproducing=0 
2026/07/29 19:07:00 candidates=0 corpus=365 coverage=12039 exec total=17021 (540/min) pending=0 reproducing=0 
2026/07/29 19:07:10 candidates=0 corpus=365 coverage=12039 exec total=17045 (537/min) pending=0 reproducing=0 
2026/07/29 19:07:20 candidates=0 corpus=366 coverage=12041 exec total=17065 (535/min) pending=0 reproducing=0 
2026/07/29 19:07:30 candidates=0 corpus=366 coverage=12041 exec total=17125 (534/min) pending=0 reproducing=0 
2026/07/29 19:07:40 candidates=0 corpus=366 coverage=12041 exec total=17165 (533/min) pending=0 reproducing=0 
2026/07/29 19:07:50 candidates=0 corpus=366 coverage=12041 exec total=17172 (530/min) pending=0 reproducing=0 
2026/07/29 19:08:00 candidates=0 corpus=367 coverage=12046 exec total=17239 (530/min) pending=0 reproducing=0 
2026/07/29 19:08:10 candidates=0 corpus=368 coverage=12048 exec total=17263 (528/min) pending=0 reproducing=0 
2026/07/29 19:08:20 candidates=0 corpus=368 coverage=12048 exec total=17309 (526/min) pending=0 reproducing=0 
2026/07/29 19:08:30 candidates=0 corpus=369 coverage=12049 exec total=17349 (525/min) pending=0 reproducing=0 
2026/07/29 19:08:40 candidates=0 corpus=369 coverage=12049 exec total=17384 (523/min) pending=0 reproducing=0 
2026/07/29 19:08:50 candidates=0 corpus=369 coverage=12054 exec total=17402 (521/min) pending=0 reproducing=0 
2026/07/29 19:09:00 candidates=0 corpus=369 coverage=12054 exec total=17450 (520/min) pending=0 reproducing=0 
2026/07/29 19:09:10 candidates=0 corpus=369 coverage=12054 exec total=17485 (519/min) pending=0 reproducing=0 
2026/07/29 19:09:20 candidates=0 corpus=369 coverage=12054 exec total=17577 (519/min) pending=0 reproducing=0 
2026/07/29 19:09:30 candidates=0 corpus=369 coverage=12054 exec total=17619 (517/min) pending=0 reproducing=0 
2026/07/29 19:09:40 candidates=0 corpus=369 coverage=12054 exec total=17640 (516/min) pending=0 reproducing=0 
2026/07/29 19:09:50 candidates=0 corpus=370 coverage=12057 exec total=17736 (516/min) pending=0 reproducing=0 
2026/07/29 19:10:00 candidates=0 corpus=370 coverage=12057 exec total=17777 (515/min) pending=0 reproducing=0 
2026/07/29 19:10:10 candidates=0 corpus=371 coverage=12080 exec total=17821 (513/min) pending=0 reproducing=0 
2026/07/29 19:10:20 candidates=0 corpus=371 coverage=12080 exec total=17844 (512/min) pending=0 reproducing=0 
2026/07/29 19:10:30 candidates=0 corpus=371 coverage=12080 exec total=17851 (509/min) pending=0 reproducing=0 
2026/07/29 19:10:40 candidates=0 corpus=371 coverage=12080 exec total=17878 (508/min) pending=0 reproducing=0 
2026/07/29 19:10:50 candidates=0 corpus=371 coverage=12080 exec total=17950 (507/min) pending=0 reproducing=0 
2026/07/29 19:11:00 candidates=0 corpus=372 coverage=12081 exec total=18086 (509/min) pending=0 reproducing=0 
2026/07/29 19:11:10 candidates=0 corpus=374 coverage=12109 exec total=18189 (509/min) pending=0 reproducing=0 
2026/07/29 19:11:20 candidates=0 corpus=379 coverage=12116 exec total=18325 (511/min) pending=0 reproducing=0 
2026/07/29 19:11:30 candidates=0 corpus=381 coverage=12118 exec total=18496 (513/min) pending=0 reproducing=0 
2026/07/29 19:11:40 candidates=0 corpus=383 coverage=12123 exec total=18591 (513/min) pending=0 reproducing=0 
2026/07/29 19:11:50 candidates=0 corpus=386 coverage=12129 exec total=18721 (515/min) pending=0 reproducing=0 
2026/07/29 19:12:00 candidates=0 corpus=386 coverage=12129 exec total=18741 (513/min) pending=0 reproducing=0 
2026/07/29 19:12:10 candidates=0 corpus=386 coverage=12129 exec total=18798 (512/min) pending=0 reproducing=0 
2026/07/29 19:12:20 candidates=0 corpus=386 coverage=12129 exec total=18848 (511/min) pending=0 reproducing=0 
2026/07/29 19:12:30 candidates=0 corpus=386 coverage=12129 exec total=18874 (509/min) pending=0 reproducing=0 
2026/07/29 19:12:40 candidates=0 corpus=388 coverage=12132 exec total=19028 (511/min) pending=0 reproducing=0 
2026/07/29 19:12:50 candidates=0 corpus=388 coverage=12132 exec total=19038 (509/min) pending=0 reproducing=0 
2026/07/29 19:13:00 candidates=0 corpus=388 coverage=12132 exec total=19058 (507/min) pending=0 reproducing=0 
2026/07/29 19:13:10 candidates=0 corpus=388 coverage=12132 exec total=19085 (506/min) pending=0 reproducing=0 
2026/07/29 19:13:20 candidates=0 corpus=388 coverage=12132 exec total=19122 (505/min) pending=0 reproducing=0 
2026/07/29 19:13:30 candidates=0 corpus=389 coverage=12132 exec total=19161 (504/min) pending=0 reproducing=0 
2026/07/29 19:13:40 candidates=0 corpus=390 coverage=12134 exec total=19270 (504/min) pending=0 reproducing=0 
2026/07/29 19:13:50 candidates=0 corpus=391 coverage=12134 exec total=19339 (504/min) pending=0 reproducing=0 
2026/07/29 19:14:00 candidates=0 corpus=391 coverage=12134 exec total=19348 (502/min) pending=0 reproducing=0 
2026/07/29 19:14:10 candidates=0 corpus=391 coverage=12134 exec total=19377 (500/min) pending=0 reproducing=0 
2026/07/29 19:14:20 candidates=0 corpus=392 coverage=12138 exec total=19421 (499/min) pending=0 reproducing=0 
2026/07/29 19:14:30 candidates=0 corpus=393 coverage=12140 exec total=19460 (498/min) pending=0 reproducing=0 
2026/07/29 19:14:40 candidates=0 corpus=393 coverage=12140 exec total=19465 (496/min) pending=0 reproducing=0 
2026/07/29 19:14:50 candidates=0 corpus=394 coverage=12140 exec total=19535 (496/min) pending=0 reproducing=0 
2026/07/29 19:15:00 candidates=0 corpus=394 coverage=12140 exec total=19584 (495/min) pending=0 reproducing=0 
2026/07/29 19:15:10 candidates=0 corpus=395 coverage=12140 exec total=19661 (495/min) pending=0 reproducing=0 
2026/07/29 19:15:20 candidates=0 corpus=396 coverage=12140 exec total=19721 (494/min) pending=0 reproducing=0 
2026/07/29 19:15:30 candidates=0 corpus=396 coverage=12140 exec total=19803 (494/min) pending=0 reproducing=0 
2026/07/29 19:15:40 candidates=0 corpus=396 coverage=12140 exec total=19825 (493/min) pending=0 reproducing=0 
2026/07/29 19:15:50 candidates=0 corpus=397 coverage=12140 exec total=19843 (491/min) pending=0 reproducing=0 
2026/07/29 19:16:00 candidates=0 corpus=398 coverage=12142 exec total=19915 (491/min) pending=0 reproducing=0 
2026/07/29 19:16:10 candidates=0 corpus=398 coverage=12142 exec total=19947 (490/min) pending=0 reproducing=0 
2026/07/29 19:16:20 candidates=0 corpus=398 coverage=12142 exec total=19953 (488/min) pending=0 reproducing=0 
2026/07/29 19:16:30 candidates=0 corpus=400 coverage=12243 exec total=19994 (487/min) pending=0 reproducing=0 
2026/07/29 19:16:40 candidates=0 corpus=400 coverage=12243 exec total=20054 (486/min) pending=0 reproducing=0 
2026/07/29 19:16:50 candidates=0 corpus=401 coverage=12243 exec total=20118 (486/min) pending=0 reproducing=0 
2026/07/29 19:17:00 candidates=0 corpus=401 coverage=12243 exec total=20213 (486/min) pending=0 reproducing=0 
2026/07/29 19:17:10 candidates=0 corpus=404 coverage=12251 exec total=20454 (490/min) pending=0 reproducing=0 
2026/07/29 19:17:20 candidates=0 corpus=404 coverage=12251 exec total=20507 (490/min) pending=0 reproducing=0 
2026/07/29 19:17:30 candidates=0 corpus=404 coverage=12251 exec total=20571 (489/min) pending=0 reproducing=0 
2026/07/29 19:17:40 candidates=0 corpus=404 coverage=12251 exec total=20595 (488/min) pending=0 reproducing=0 
2026/07/29 19:17:50 candidates=0 corpus=404 coverage=12251 exec total=20629 (487/min) pending=0 reproducing=0 
2026/07/29 19:18:00 candidates=0 corpus=404 coverage=12251 exec total=20654 (485/min) pending=0 reproducing=0 
2026/07/29 19:18:10 candidates=0 corpus=405 coverage=12251 exec total=20760 (486/min) pending=0 reproducing=0 
2026/07/29 19:18:20 candidates=0 corpus=405 coverage=12251 exec total=20806 (485/min) pending=0 reproducing=0 
2026/07/29 19:18:30 candidates=0 corpus=406 coverage=12261 exec total=20838 (484/min) pending=0 reproducing=0 
2026/07/29 19:18:40 candidates=0 corpus=407 coverage=12261 exec total=20854 (482/min) pending=0 reproducing=0 
2026/07/29 19:18:50 candidates=0 corpus=407 coverage=12261 exec total=20860 (481/min) pending=0 reproducing=0 
2026/07/29 19:19:00 candidates=0 corpus=407 coverage=12261 exec total=20879 (479/min) pending=0 reproducing=0 
2026/07/29 19:19:10 candidates=0 corpus=407 coverage=12261 exec total=20905 (478/min) pending=0 reproducing=0 
2026/07/29 19:19:20 candidates=0 corpus=407 coverage=12261 exec total=20956 (477/min) pending=0 reproducing=0 
2026/07/29 19:19:30 candidates=0 corpus=407 coverage=12261 exec total=20974 (476/min) pending=0 reproducing=0 
2026/07/29 19:19:40 candidates=0 corpus=407 coverage=12261 exec total=21005 (475/min) pending=0 reproducing=0 
2026/07/29 19:19:50 candidates=0 corpus=408 coverage=12265 exec total=21083 (475/min) pending=0 reproducing=0 
2026/07/29 19:20:00 candidates=0 corpus=408 coverage=12265 exec total=21090 (473/min) pending=0 reproducing=0 
2026/07/29 19:20:10 candidates=0 corpus=408 coverage=12265 exec total=21097 (472/min) pending=0 reproducing=0 
2026/07/29 19:20:20 candidates=0 corpus=408 coverage=12265 exec total=21105 (470/min) pending=0 reproducing=0 
2026/07/29 19:20:30 candidates=0 corpus=409 coverage=12274 exec total=21110 (468/min) pending=0 reproducing=0 
2026/07/29 19:20:40 candidates=0 corpus=409 coverage=12274 exec total=21117 (467/min) pending=0 reproducing=0 
2026/07/29 19:20:50 candidates=0 corpus=409 coverage=12276 exec total=21165 (466/min) pending=0 reproducing=0 
2026/07/29 19:21:00 candidates=0 corpus=409 coverage=12276 exec total=21193 (465/min) pending=0 reproducing=0 
2026/07/29 19:21:10 candidates=0 corpus=411 coverage=12278 exec total=21405 (468/min) pending=0 reproducing=0 
2026/07/29 19:21:20 candidates=0 corpus=411 coverage=12278 exec total=21441 (467/min) pending=0 reproducing=0 
2026/07/29 19:21:30 candidates=0 corpus=413 coverage=12279 exec total=21581 (468/min) pending=0 reproducing=0 
2026/07/29 19:21:40 candidates=0 corpus=417 coverage=12287 exec total=21713 (470/min) pending=0 reproducing=0 
2026/07/29 19:21:50 candidates=0 corpus=419 coverage=12290 exec total=21762 (469/min) pending=0 reproducing=0 
2026/07/29 19:22:00 candidates=0 corpus=419 coverage=12290 exec total=21774 (468/min) pending=0 reproducing=0 
2026/07/29 19:22:10 candidates=0 corpus=419 coverage=12290 exec total=21815 (467/min) pending=0 reproducing=0 
2026/07/29 19:22:20 candidates=0 corpus=419 coverage=12290 exec total=21825 (465/min) pending=0 reproducing=0 
2026/07/29 19:22:30 candidates=0 corpus=419 coverage=12290 exec total=21829 (464/min) pending=0 reproducing=0 
2026/07/29 19:22:40 candidates=0 corpus=419 coverage=12290 exec total=21834 (462/min) pending=0 reproducing=0 
2026/07/29 19:22:50 candidates=0 corpus=419 coverage=12290 exec total=21858 (461/min) pending=0 reproducing=0 
2026/07/29 19:23:00 candidates=0 corpus=419 coverage=12290 exec total=21867 (460/min) pending=0 reproducing=0 
2026/07/29 19:23:10 candidates=0 corpus=419 coverage=12290 exec total=21993 (461/min) pending=0 reproducing=0 
2026/07/29 19:23:20 candidates=0 corpus=420 coverage=12298 exec total=22064 (461/min) pending=0 reproducing=0 
2026/07/29 19:23:30 candidates=0 corpus=421 coverage=12304 exec total=22073 (459/min) pending=0 reproducing=0 
2026/07/29 19:23:40 candidates=0 corpus=421 coverage=12304 exec total=22082 (458/min) pending=0 reproducing=0 
2026/07/29 19:23:50 candidates=0 corpus=418 coverage=12304 exec total=22090 (456/min) pending=0 reproducing=0 
2026/07/29 19:24:00 candidates=0 corpus=418 coverage=12304 exec total=22125 (456/min) pending=0 reproducing=0 
2026/07/29 19:24:10 candidates=0 corpus=419 coverage=12304 exec total=22171 (455/min) pending=0 reproducing=0 
2026/07/29 19:24:20 candidates=0 corpus=419 coverage=12304 exec total=22229 (455/min) pending=0 reproducing=0 
2026/07/29 19:24:30 candidates=0 corpus=420 coverage=12304 exec total=22272 (454/min) pending=0 reproducing=0 
2026/07/29 19:24:40 candidates=0 corpus=420 coverage=12304 exec total=22296 (453/min) pending=0 reproducing=0 
2026/07/29 19:24:50 candidates=0 corpus=420 coverage=12304 exec total=22302 (451/min) pending=0 reproducing=0 
2026/07/29 19:25:00 candidates=0 corpus=420 coverage=12304 exec total=22310 (450/min) pending=0 reproducing=0 
2026/07/29 19:25:10 candidates=0 corpus=420 coverage=12304 exec total=22317 (449/min) pending=0 reproducing=0 
2026/07/29 19:25:20 candidates=0 corpus=420 coverage=12304 exec total=22329 (447/min) pending=0 reproducing=0 
2026/07/29 19:25:30 candidates=0 corpus=420 coverage=12304 exec total=22351 (446/min) pending=0 reproducing=0 
2026/07/29 19:25:40 candidates=0 corpus=420 coverage=12304 exec total=22403 (446/min) pending=0 reproducing=0 
2026/07/29 19:25:50 candidates=0 corpus=420 coverage=12304 exec total=22424 (445/min) pending=0 reproducing=0 
2026/07/29 19:26:00 candidates=0 corpus=421 coverage=12308 exec total=22448 (444/min) pending=0 reproducing=0 
2026/07/29 19:26:10 candidates=0 corpus=421 coverage=12308 exec total=22477 (443/min) pending=0 reproducing=0 
2026/07/29 19:26:20 candidates=0 corpus=421 coverage=12308 exec total=22517 (442/min) pending=0 reproducing=0 
2026/07/29 19:26:30 candidates=0 corpus=421 coverage=12308 exec total=22564 (442/min) pending=0 reproducing=0 
2026/07/29 19:26:40 candidates=0 corpus=422 coverage=12308 exec total=22675 (443/min) pending=0 reproducing=0 
2026/07/29 19:26:50 candidates=0 corpus=422 coverage=12308 exec total=22732 (442/min) pending=0 reproducing=0 
2026/07/29 19:27:00 candidates=0 corpus=422 coverage=12308 exec total=22774 (442/min) pending=0 reproducing=0 
2026/07/29 19:27:10 candidates=0 corpus=422 coverage=12308 exec total=22810 (441/min) pending=0 reproducing=0 
2026/07/29 19:27:20 candidates=0 corpus=422 coverage=12308 exec total=22851 (440/min) pending=0 reproducing=0 
2026/07/29 19:27:30 candidates=0 corpus=422 coverage=12308 exec total=22968 (441/min) pending=0 reproducing=0 
2026/07/29 19:27:40 candidates=0 corpus=422 coverage=12308 exec total=22971 (440/min) pending=0 reproducing=0 
2026/07/29 19:27:50 candidates=0 corpus=422 coverage=12308 exec total=22994 (439/min) pending=0 reproducing=0 
2026/07/29 19:28:00 candidates=0 corpus=422 coverage=12308 exec total=23002 (437/min) pending=0 reproducing=0 
2026/07/29 19:28:10 candidates=0 corpus=425 coverage=12314 exec total=23120 (438/min) pending=0 reproducing=0 
2026/07/29 19:28:20 candidates=0 corpus=425 coverage=12314 exec total=23166 (438/min) pending=0 reproducing=0 
2026/07/29 19:28:30 candidates=0 corpus=426 coverage=12319 exec total=23213 (437/min) pending=0 reproducing=0 
2026/07/29 19:28:40 candidates=0 corpus=427 coverage=12319 exec total=23252 (437/min) pending=0 reproducing=0 
2026/07/29 19:28:50 candidates=0 corpus=427 coverage=12319 exec total=23273 (436/min) pending=0 reproducing=0 
2026/07/29 19:29:00 candidates=0 corpus=427 coverage=12319 exec total=23297 (435/min) pending=0 reproducing=0 
2026/07/29 19:29:10 candidates=0 corpus=427 coverage=12319 exec total=23325 (434/min) pending=0 reproducing=0 
2026/07/29 19:29:20 candidates=0 corpus=427 coverage=12319 exec total=23391 (434/min) pending=0 reproducing=0 
2026/07/29 19:29:30 candidates=0 corpus=428 coverage=12328 exec total=23479 (434/min) pending=0 reproducing=0 
2026/07/29 19:29:40 candidates=0 corpus=430 coverage=12329 exec total=23559 (434/min) pending=0 reproducing=0 
2026/07/29 19:29:50 candidates=0 corpus=430 coverage=12329 exec total=23603 (434/min) pending=0 reproducing=0 
2026/07/29 19:30:00 candidates=0 corpus=430 coverage=12329 exec total=23608 (433/min) pending=0 reproducing=0 
2026/07/29 19:30:10 candidates=0 corpus=430 coverage=12329 exec total=23660 (432/min) pending=0 reproducing=0 
2026/07/29 19:30:20 candidates=0 corpus=430 coverage=12329 exec total=23678 (431/min) pending=0 reproducing=0 
2026/07/29 19:30:30 candidates=0 corpus=431 coverage=12330 exec total=23757 (431/min) pending=0 reproducing=0 
2026/07/29 19:30:40 candidates=0 corpus=432 coverage=12331 exec total=23791 (431/min) pending=0 reproducing=0 
2026/07/29 19:30:50 candidates=0 corpus=432 coverage=12331 exec total=23813 (430/min) pending=0 reproducing=0 
2026/07/29 19:31:00 candidates=0 corpus=432 coverage=12331 exec total=23849 (429/min) pending=0 reproducing=0 
2026/07/29 19:31:10 candidates=0 corpus=433 coverage=12331 exec total=23944 (430/min) pending=0 reproducing=0 
2026/07/29 19:31:20 candidates=0 corpus=434 coverage=12332 exec total=24009 (429/min) pending=0 reproducing=0 
2026/07/29 19:31:30 candidates=0 corpus=434 coverage=12332 exec total=24086 (429/min) pending=0 reproducing=0 
2026/07/29 19:31:40 candidates=0 corpus=434 coverage=12332 exec total=24092 (428/min) pending=0 reproducing=0 
2026/07/29 19:31:50 candidates=0 corpus=434 coverage=12332 exec total=24169 (428/min) pending=0 reproducing=0 
2026/07/29 19:32:00 candidates=0 corpus=434 coverage=12332 exec total=24242 (428/min) pending=0 reproducing=0 
2026/07/29 19:32:10 candidates=0 corpus=435 coverage=12337 exec total=24374 (430/min) pending=0 reproducing=0 
2026/07/29 19:32:20 candidates=0 corpus=435 coverage=12337 exec total=24378 (428/min) pending=0 reproducing=0 
2026/07/29 19:32:30 candidates=0 corpus=435 coverage=12337 exec total=24411 (428/min) pending=0 reproducing=0 
2026/07/29 19:32:40 candidates=0 corpus=435 coverage=12337 exec total=24457 (427/min) pending=0 reproducing=0 
2026/07/29 19:32:50 candidates=0 corpus=435 coverage=12337 exec total=24530 (427/min) pending=0 reproducing=0 
2026/07/29 19:33:00 candidates=0 corpus=435 coverage=12337 exec total=24574 (427/min) pending=0 reproducing=0 
2026/07/29 19:33:10 candidates=0 corpus=436 coverage=12338 exec total=24603 (426/min) pending=0 reproducing=0 
2026/07/29 19:33:20 candidates=0 corpus=437 coverage=12338 exec total=24696 (426/min) pending=0 reproducing=0 
2026/07/29 19:33:30 candidates=0 corpus=440 coverage=12343 exec total=24771 (426/min) pending=0 reproducing=0 
2026/07/29 19:33:40 candidates=0 corpus=440 coverage=12343 exec total=24800 (426/min) pending=0 reproducing=0 
2026/07/29 19:33:50 candidates=0 corpus=440 coverage=12343 exec total=24873 (426/min) pending=0 reproducing=0 
2026/07/29 19:34:00 candidates=0 corpus=440 coverage=12343 exec total=24895 (425/min) pending=0 reproducing=0 
2026/07/29 19:34:10 candidates=0 corpus=442 coverage=12353 exec total=24939 (424/min) pending=0 reproducing=0 
2026/07/29 19:34:20 candidates=0 corpus=442 coverage=12353 exec total=24991 (424/min) pending=0 reproducing=0 
2026/07/29 19:34:30 candidates=0 corpus=442 coverage=12353 exec total=25060 (424/min) pending=0 reproducing=0 
2026/07/29 19:34:40 candidates=0 corpus=442 coverage=12353 exec total=25111 (424/min) pending=0 reproducing=0 
2026/07/29 19:34:50 candidates=0 corpus=442 coverage=12353 exec total=25152 (423/min) pending=0 reproducing=0 
2026/07/29 19:35:00 candidates=0 corpus=442 coverage=12353 exec total=25206 (423/min) pending=0 reproducing=0 
2026/07/29 19:35:10 candidates=0 corpus=442 coverage=12353 exec total=25252 (423/min) pending=0 reproducing=0 
2026/07/29 19:35:20 candidates=0 corpus=442 coverage=12353 exec total=25290 (422/min) pending=0 reproducing=0 
2026/07/29 19:35:30 candidates=0 corpus=442 coverage=12353 exec total=25299 (421/min) pending=0 reproducing=0 
2026/07/29 19:35:40 candidates=0 corpus=442 coverage=12353 exec total=25309 (420/min) pending=0 reproducing=0 
2026/07/29 19:35:50 candidates=0 corpus=442 coverage=12353 exec total=25317 (419/min) pending=0 reproducing=0 
2026/07/29 19:36:00 candidates=0 corpus=442 coverage=12353 exec total=25355 (418/min) pending=0 reproducing=0 
2026/07/29 19:36:10 candidates=0 corpus=442 coverage=12353 exec total=25397 (418/min) pending=0 reproducing=0 
2026/07/29 19:36:20 candidates=0 corpus=442 coverage=12353 exec total=25504 (419/min) pending=0 reproducing=0 
2026/07/29 19:36:30 candidates=0 corpus=442 coverage=12353 exec total=25559 (418/min) pending=0 reproducing=0 
2026/07/29 19:36:40 candidates=0 corpus=442 coverage=12353 exec total=25615 (418/min) pending=0 reproducing=0 
2026/07/29 19:36:50 candidates=0 corpus=443 coverage=12354 exec total=25641 (417/min) pending=0 reproducing=0 
2026/07/29 19:37:00 candidates=0 corpus=443 coverage=12354 exec total=25675 (417/min) pending=0 reproducing=0 
2026/07/29 19:37:10 candidates=0 corpus=446 coverage=12359 exec total=25798 (418/min) pending=0 reproducing=0 
2026/07/29 19:37:20 candidates=0 corpus=447 coverage=12359 exec total=25838 (417/min) pending=0 reproducing=0 
2026/07/29 19:37:30 candidates=0 corpus=447 coverage=12359 exec total=25857 (416/min) pending=0 reproducing=0 
2026/07/29 19:37:40 candidates=0 corpus=447 coverage=12359 exec total=25861 (415/min) pending=0 reproducing=0 
2026/07/29 19:37:50 candidates=0 corpus=446 coverage=12359 exec total=25877 (415/min) pending=0 reproducing=0 
2026/07/29 19:38:00 candidates=0 corpus=446 coverage=12359 exec total=25895 (414/min) pending=0 reproducing=0 
2026/07/29 19:38:10 candidates=0 corpus=447 coverage=12360 exec total=25949 (413/min) pending=0 reproducing=0 
2026/07/29 19:38:20 candidates=0 corpus=448 coverage=12363 exec total=26005 (413/min) pending=0 reproducing=0 
2026/07/29 19:38:30 candidates=0 corpus=448 coverage=12363 exec total=26013 (412/min) pending=0 reproducing=0 
2026/07/29 19:38:40 candidates=0 corpus=448 coverage=12363 exec total=26103 (413/min) pending=0 reproducing=0 
2026/07/29 19:38:50 candidates=0 corpus=450 coverage=12364 exec total=26174 (413/min) pending=0 reproducing=0 
2026/07/29 19:39:00 candidates=0 corpus=450 coverage=12364 exec total=26199 (412/min) pending=0 reproducing=0 
2026/07/29 19:39:10 candidates=0 corpus=450 coverage=12364 exec total=26234 (411/min) pending=0 reproducing=0 
2026/07/29 19:39:20 candidates=0 corpus=450 coverage=12364 exec total=26255 (411/min) pending=0 reproducing=0 
2026/07/29 19:39:30 candidates=0 corpus=451 coverage=12364 exec total=26283 (410/min) pending=0 reproducing=0 
2026/07/29 19:39:40 candidates=0 corpus=451 coverage=12364 exec total=26343 (410/min) pending=0 reproducing=0 
2026/07/29 19:39:50 candidates=0 corpus=451 coverage=12364 exec total=26359 (409/min) pending=0 reproducing=0 
2026/07/29 19:40:00 candidates=0 corpus=452 coverage=12367 exec total=26429 (409/min) pending=0 reproducing=0 
2026/07/29 19:40:10 candidates=0 corpus=452 coverage=12367 exec total=26448 (408/min) pending=0 reproducing=0 
2026/07/29 19:40:20 candidates=0 corpus=452 coverage=12367 exec total=26507 (408/min) pending=0 reproducing=0 
2026/07/29 19:40:30 candidates=0 corpus=454 coverage=12369 exec total=26590 (408/min) pending=0 reproducing=0 
2026/07/29 19:40:40 candidates=0 corpus=454 coverage=12369 exec total=26656 (408/min) pending=0 reproducing=0 
2026/07/29 19:40:50 candidates=0 corpus=456 coverage=12374 exec total=26834 (410/min) pending=0 reproducing=0 
2026/07/29 19:41:00 candidates=0 corpus=457 coverage=12374 exec total=26851 (409/min) pending=0 reproducing=0 
2026/07/29 19:41:10 candidates=0 corpus=457 coverage=12374 exec total=26887 (409/min) pending=0 reproducing=0 
2026/07/29 19:41:20 candidates=0 corpus=459 coverage=12375 exec total=26937 (409/min) pending=0 reproducing=0 
2026/07/29 19:41:30 candidates=0 corpus=459 coverage=12375 exec total=26950 (408/min) pending=0 reproducing=0 
2026/07/29 19:41:40 candidates=0 corpus=459 coverage=12375 exec total=26969 (407/min) pending=0 reproducing=0 
2026/07/29 19:41:50 candidates=0 corpus=459 coverage=12375 exec total=26993 (406/min) pending=0 reproducing=0 
2026/07/29 19:42:00 candidates=0 corpus=459 coverage=12375 exec total=26997 (405/min) pending=0 reproducing=0 
2026/07/29 19:42:10 candidates=0 corpus=459 coverage=12375 exec total=27004 (404/min) pending=0 reproducing=0 
2026/07/29 19:42:20 candidates=0 corpus=459 coverage=12375 exec total=27015 (404/min) pending=0 reproducing=0 
2026/07/29 19:42:30 candidates=0 corpus=459 coverage=12375 exec total=27024 (403/min) pending=0 reproducing=0 
2026/07/29 19:42:40 candidates=0 corpus=459 coverage=12375 exec total=27029 (402/min) pending=0 reproducing=0 
2026/07/29 19:42:50 candidates=0 corpus=459 coverage=12375 exec total=27047 (401/min) pending=0 reproducing=0 
2026/07/29 19:43:00 candidates=0 corpus=459 coverage=12375 exec total=27080 (401/min) pending=0 reproducing=0 
2026/07/29 19:43:10 candidates=0 corpus=459 coverage=12375 exec total=27139 (400/min) pending=0 reproducing=0 
2026/07/29 19:43:20 candidates=0 corpus=459 coverage=12375 exec total=27209 (401/min) pending=0 reproducing=0 
2026/07/29 19:43:30 candidates=0 corpus=459 coverage=12375 exec total=27355 (402/min) pending=0 reproducing=0 
2026/07/29 19:43:40 candidates=0 corpus=460 coverage=12375 exec total=27421 (402/min) pending=0 reproducing=0 
2026/07/29 19:43:50 candidates=0 corpus=460 coverage=12378 exec total=27435 (401/min) pending=0 reproducing=0 
2026/07/29 19:44:00 candidates=0 corpus=460 coverage=12378 exec total=27451 (400/min) pending=0 reproducing=0 
2026/07/29 19:44:10 candidates=0 corpus=460 coverage=12378 exec total=27485 (400/min) pending=0 reproducing=0 
2026/07/29 19:44:20 candidates=0 corpus=461 coverage=12617 exec total=27500 (399/min) pending=0 reproducing=0 
2026/07/29 19:44:30 candidates=0 corpus=461 coverage=12617 exec total=27565 (399/min) pending=0 reproducing=0 
2026/07/29 19:44:40 candidates=0 corpus=462 coverage=12619 exec total=27614 (399/min) pending=0 reproducing=0 
2026/07/29 19:44:50 candidates=0 corpus=462 coverage=12619 exec total=27659 (398/min) pending=0 reproducing=0 
2026/07/29 19:45:00 candidates=0 corpus=463 coverage=12620 exec total=27768 (399/min) pending=0 reproducing=0 
2026/07/29 19:45:10 candidates=0 corpus=463 coverage=12620 exec total=27776 (398/min) pending=0 reproducing=0 
2026/07/29 19:45:20 candidates=0 corpus=463 coverage=12620 exec total=27795 (397/min) pending=0 reproducing=0 
2026/07/29 19:45:30 candidates=0 corpus=463 coverage=12620 exec total=27801 (397/min) pending=0 reproducing=0 
2026/07/29 19:45:40 candidates=0 corpus=463 coverage=12620 exec total=27874 (397/min) pending=0 reproducing=0 
2026/07/29 19:45:50 candidates=0 corpus=463 coverage=12620 exec total=27877 (396/min) pending=0 reproducing=0 
2026/07/29 19:46:00 candidates=0 corpus=463 coverage=12620 exec total=27887 (395/min) pending=0 reproducing=0 
2026/07/29 19:46:10 candidates=0 corpus=463 coverage=12620 exec total=27960 (395/min) pending=0 reproducing=0 
2026/07/29 19:46:20 candidates=0 corpus=465 coverage=12638 exec total=28054 (395/min) pending=0 reproducing=0 
2026/07/29 19:46:30 candidates=0 corpus=468 coverage=12639 exec total=28167 (396/min) pending=0 reproducing=0 
2026/07/29 19:46:40 candidates=0 corpus=468 coverage=12639 exec total=28173 (395/min) pending=0 reproducing=0 
2026/07/29 19:46:50 candidates=0 corpus=468 coverage=12639 exec total=28198 (395/min) pending=0 reproducing=0 
2026/07/29 19:47:00 candidates=0 corpus=468 coverage=12639 exec total=28287 (395/min) pending=0 reproducing=0 
2026/07/29 19:47:10 candidates=0 corpus=468 coverage=12639 exec total=28313 (394/min) pending=0 reproducing=0 
2026/07/29 19:47:20 candidates=0 corpus=468 coverage=12639 exec total=28375 (394/min) pending=0 reproducing=0 
2026/07/29 19:47:30 candidates=0 corpus=468 coverage=12639 exec total=28402 (394/min) pending=0 reproducing=0 
2026/07/29 19:47:40 candidates=0 corpus=468 coverage=12639 exec total=28454 (394/min) pending=0 reproducing=0 
2026/07/29 19:47:50 candidates=0 corpus=469 coverage=12660 exec total=28525 (394/min) pending=0 reproducing=0 
2026/07/29 19:48:00 candidates=0 corpus=469 coverage=12660 exec total=28607 (394/min) pending=0 reproducing=0 
2026/07/29 19:48:10 candidates=0 corpus=469 coverage=12660 exec total=28640 (394/min) pending=0 reproducing=0 
2026/07/29 19:48:20 candidates=0 corpus=470 coverage=12661 exec total=28691 (393/min) pending=0 reproducing=0 
2026/07/29 19:48:30 candidates=0 corpus=470 coverage=12661 exec total=28727 (393/min) pending=0 reproducing=0 
2026/07/29 19:48:40 candidates=0 corpus=470 coverage=12661 exec total=28768 (393/min) pending=0 reproducing=0 
2026/07/29 19:48:50 candidates=0 corpus=470 coverage=12661 exec total=28844 (393/min) pending=0 reproducing=0 
2026/07/29 19:49:00 candidates=0 corpus=470 coverage=12661 exec total=28898 (393/min) pending=0 reproducing=0 
2026/07/29 19:49:10 candidates=0 corpus=470 coverage=12661 exec total=28943 (392/min) pending=0 reproducing=0 
2026/07/29 19:49:20 candidates=0 corpus=470 coverage=12661 exec total=28993 (392/min) pending=0 reproducing=0 
2026/07/29 19:49:30 candidates=0 corpus=470 coverage=12661 exec total=29099 (393/min) pending=0 reproducing=0 
2026/07/29 19:49:40 candidates=0 corpus=470 coverage=12661 exec total=29124 (392/min) pending=0 reproducing=0 
2026/07/29 19:49:50 candidates=0 corpus=470 coverage=12661 exec total=29138 (391/min) pending=0 reproducing=0 
2026/07/29 19:50:00 candidates=0 corpus=470 coverage=12661 exec total=29152 (391/min) pending=0 reproducing=0 
2026/07/29 19:50:10 candidates=0 corpus=471 coverage=12665 exec total=29241 (391/min) pending=0 reproducing=0 
2026/07/29 19:50:20 candidates=0 corpus=471 coverage=12665 exec total=29272 (391/min) pending=0 reproducing=0 
2026/07/29 19:50:30 candidates=0 corpus=471 coverage=12665 exec total=29285 (390/min) pending=0 reproducing=0 
2026/07/29 19:50:40 candidates=0 corpus=472 coverage=12673 exec total=29298 (389/min) pending=0 reproducing=0 
2026/07/29 19:50:50 candidates=0 corpus=472 coverage=12673 exec total=29362 (389/min) pending=0 reproducing=0 
2026/07/29 19:51:00 candidates=0 corpus=472 coverage=12673 exec total=29431 (389/min) pending=0 reproducing=0 
2026/07/29 19:51:10 candidates=0 corpus=472 coverage=12673 exec total=29470 (389/min) pending=0 reproducing=0 
2026/07/29 19:51:20 candidates=0 corpus=473 coverage=12673 exec total=29510 (389/min) pending=0 reproducing=0 
2026/07/29 19:51:30 candidates=0 corpus=473 coverage=12673 exec total=29538 (388/min) pending=0 reproducing=0 
2026/07/29 19:51:40 candidates=0 corpus=473 coverage=12673 exec total=29568 (388/min) pending=0 reproducing=0 
2026/07/29 19:51:50 candidates=0 corpus=474 coverage=12682 exec total=29620 (387/min) pending=0 reproducing=0 
2026/07/29 19:52:00 candidates=0 corpus=474 coverage=12682 exec total=29632 (387/min) pending=0 reproducing=0 
2026/07/29 19:52:10 candidates=0 corpus=474 coverage=12682 exec total=29650 (386/min) pending=0 reproducing=0 
2026/07/29 19:52:20 candidates=0 corpus=474 coverage=12682 exec total=29665 (386/min) pending=0 reproducing=0 
2026/07/29 19:52:30 candidates=0 corpus=474 coverage=12682 exec total=29699 (385/min) pending=0 reproducing=0 
2026/07/29 19:52:40 candidates=0 corpus=474 coverage=12682 exec total=29772 (385/min) pending=0 reproducing=0 
2026/07/29 19:52:50 candidates=0 corpus=475 coverage=12686 exec total=29825 (385/min) pending=0 reproducing=0 
2026/07/29 19:53:00 candidates=0 corpus=475 coverage=12686 exec total=29856 (385/min) pending=0 reproducing=0 
2026/07/29 19:53:10 candidates=0 corpus=477 coverage=12695 exec total=29876 (384/min) pending=0 reproducing=0 
2026/07/29 19:53:20 candidates=0 corpus=477 coverage=12695 exec total=29953 (384/min) pending=0 reproducing=0 
2026/07/29 19:53:30 candidates=0 corpus=477 coverage=12695 exec total=30019 (384/min) pending=0 reproducing=0 
2026/07/29 19:53:40 candidates=0 corpus=477 coverage=12695 exec total=30058 (384/min) pending=0 reproducing=0 
2026/07/29 19:53:50 candidates=0 corpus=477 coverage=12695 exec total=30089 (384/min) pending=0 reproducing=0 
2026/07/29 19:54:00 candidates=0 corpus=479 coverage=12695 exec total=30197 (384/min) pending=0 reproducing=0 
2026/07/29 19:54:10 candidates=0 corpus=479 coverage=12695 exec total=30209 (383/min) pending=0 reproducing=0 
2026/07/29 19:54:20 candidates=0 corpus=479 coverage=12695 exec total=30221 (383/min) pending=0 reproducing=0 
2026/07/29 19:54:30 candidates=0 corpus=479 coverage=12695 exec total=30348 (384/min) pending=0 reproducing=0 
2026/07/29 19:54:40 candidates=0 corpus=479 coverage=12695 exec total=30390 (383/min) pending=0 reproducing=0 
2026/07/29 19:54:50 candidates=0 corpus=479 coverage=12695 exec total=30435 (383/min) pending=0 reproducing=0 
2026/07/29 19:55:00 candidates=0 corpus=480 coverage=12695 exec total=30465 (383/min) pending=0 reproducing=0 
2026/07/29 19:55:10 candidates=0 corpus=480 coverage=12695 exec total=30499 (382/min) pending=0 reproducing=0 
2026/07/29 19:55:20 candidates=0 corpus=480 coverage=12695 exec total=30509 (382/min) pending=0 reproducing=0 
2026/07/29 19:55:30 candidates=0 corpus=480 coverage=12695 exec total=30544 (381/min) pending=0 reproducing=0 
2026/07/29 19:55:40 candidates=0 corpus=480 coverage=12695 exec total=30626 (381/min) pending=0 reproducing=0 
2026/07/29 19:55:50 candidates=0 corpus=480 coverage=12695 exec total=30695 (382/min) pending=0 reproducing=0 
2026/07/29 19:56:00 candidates=0 corpus=480 coverage=12697 exec total=30746 (381/min) pending=0 reproducing=0 
2026/07/29 19:56:10 candidates=0 corpus=480 coverage=12697 exec total=30759 (381/min) pending=0 reproducing=0 
2026/07/29 19:56:20 candidates=0 corpus=480 coverage=12697 exec total=30812 (381/min) pending=0 reproducing=0 
2026/07/29 19:56:30 candidates=0 corpus=481 coverage=12702 exec total=30885 (381/min) pending=0 reproducing=0 
2026/07/29 19:56:40 candidates=0 corpus=483 coverage=12705 exec total=30970 (381/min) pending=0 reproducing=0 
2026/07/29 19:56:50 candidates=0 corpus=484 coverage=12705 exec total=31005 (381/min) pending=0 reproducing=0 
2026/07/29 19:57:00 candidates=0 corpus=485 coverage=12705 exec total=31030 (380/min) pending=0 reproducing=0 
2026/07/29 19:57:10 candidates=0 corpus=485 coverage=12705 exec total=31049 (380/min) pending=0 reproducing=0 
2026/07/29 19:57:20 candidates=0 corpus=485 coverage=12705 exec total=31074 (379/min) pending=0 reproducing=0 
2026/07/29 19:57:30 candidates=0 corpus=485 coverage=12705 exec total=31135 (379/min) pending=0 reproducing=0 
2026/07/29 19:57:40 candidates=0 corpus=486 coverage=12705 exec total=31145 (378/min) pending=0 reproducing=0 
2026/07/29 19:57:50 candidates=0 corpus=486 coverage=12705 exec total=31151 (378/min) pending=0 reproducing=0 
2026/07/29 19:58:00 candidates=0 corpus=487 coverage=12705 exec total=31259 (378/min) pending=0 reproducing=0 
2026/07/29 19:58:10 candidates=0 corpus=488 coverage=12705 exec total=31328 (378/min) pending=0 reproducing=0 
2026/07/29 19:58:20 candidates=0 corpus=488 coverage=12705 exec total=31393 (378/min) pending=0 reproducing=0 
2026/07/29 19:58:30 candidates=0 corpus=488 coverage=12705 exec total=31419 (378/min) pending=0 reproducing=0 
2026/07/29 19:58:40 candidates=0 corpus=488 coverage=12705 exec total=31446 (378/min) pending=0 reproducing=0 
2026/07/29 19:58:50 candidates=0 corpus=488 coverage=12705 exec total=31491 (377/min) pending=0 reproducing=0 
2026/07/29 19:59:00 candidates=0 corpus=488 coverage=12705 exec total=31518 (377/min) pending=0 reproducing=0 
2026/07/29 19:59:10 candidates=0 corpus=489 coverage=12705 exec total=31585 (377/min) pending=0 reproducing=0 
2026/07/29 19:59:20 candidates=0 corpus=489 coverage=12705 exec total=31596 (376/min) pending=0 reproducing=0 
2026/07/29 19:59:30 candidates=0 corpus=489 coverage=12705 exec total=31630 (376/min) pending=0 reproducing=0 
2026/07/29 19:59:40 candidates=0 corpus=489 coverage=12705 exec total=31696 (376/min) pending=0 reproducing=0 
2026/07/29 19:59:50 candidates=0 corpus=489 coverage=12705 exec total=31781 (376/min) pending=0 reproducing=0 
2026/07/29 20:00:00 candidates=0 corpus=490 coverage=12705 exec total=31787 (376/min) pending=0 reproducing=0 
2026/07/29 20:00:10 candidates=0 corpus=490 coverage=12705 exec total=31844 (376/min) pending=0 reproducing=0 
2026/07/29 20:00:20 candidates=0 corpus=490 coverage=12705 exec total=31858 (375/min) pending=0 reproducing=0 
2026/07/29 20:00:30 candidates=0 corpus=490 coverage=12705 exec total=31890 (375/min) pending=0 reproducing=0 
2026/07/29 20:00:40 candidates=0 corpus=490 coverage=12705 exec total=31926 (374/min) pending=0 reproducing=0 
2026/07/29 20:00:50 candidates=0 corpus=490 coverage=12705 exec total=31939 (374/min) pending=0 reproducing=0 
2026/07/29 20:01:00 candidates=0 corpus=490 coverage=12705 exec total=31973 (373/min) pending=0 reproducing=0 
2026/07/29 20:01:10 candidates=0 corpus=490 coverage=12705 exec total=31976 (373/min) pending=0 reproducing=0 
2026/07/29 20:01:20 candidates=0 corpus=490 coverage=12705 exec total=31980 (372/min) pending=0 reproducing=0 
2026/07/29 20:01:30 candidates=0 corpus=490 coverage=12705 exec total=31985 (371/min) pending=0 reproducing=0 
2026/07/29 20:01:40 candidates=0 corpus=490 coverage=12705 exec total=32011 (371/min) pending=0 reproducing=0 
2026/07/29 20:01:50 candidates=0 corpus=490 coverage=12705 exec total=32039 (371/min) pending=0 reproducing=0 
2026/07/29 20:02:00 candidates=0 corpus=490 coverage=12705 exec total=32052 (370/min) pending=0 reproducing=0 
2026/07/29 20:02:10 candidates=0 corpus=490 coverage=12705 exec total=32076 (370/min) pending=0 reproducing=0 
2026/07/29 20:02:20 candidates=0 corpus=490 coverage=12705 exec total=32097 (369/min) pending=0 reproducing=0 
2026/07/29 20:02:30 candidates=0 corpus=490 coverage=12705 exec total=32147 (369/min) pending=0 reproducing=0 
2026/07/29 20:02:40 candidates=0 corpus=490 coverage=12705 exec total=32237 (369/min) pending=0 reproducing=0 
2026/07/29 20:02:50 candidates=0 corpus=491 coverage=12706 exec total=32420 (371/min) pending=0 reproducing=0 
2026/07/29 20:03:00 candidates=0 corpus=491 coverage=12706 exec total=32439 (370/min) pending=0 reproducing=0 
2026/07/29 20:03:10 candidates=0 corpus=491 coverage=12706 exec total=32495 (370/min) pending=0 reproducing=0 
2026/07/29 20:03:20 candidates=0 corpus=491 coverage=12706 exec total=32518 (370/min) pending=0 reproducing=0 
2026/07/29 20:03:30 candidates=0 corpus=491 coverage=12706 exec total=32559 (369/min) pending=0 reproducing=0 
2026/07/29 20:03:40 candidates=0 corpus=491 coverage=12706 exec total=32580 (369/min) pending=0 reproducing=0 
2026/07/29 20:03:50 candidates=0 corpus=491 coverage=12706 exec total=32631 (369/min) pending=0 reproducing=0 
2026/07/29 20:04:00 candidates=0 corpus=491 coverage=12706 exec total=32666 (369/min) pending=0 reproducing=0 
2026/07/29 20:04:10 candidates=0 corpus=491 coverage=12706 exec total=32701 (368/min) pending=0 reproducing=0 
2026/07/29 20:04:20 candidates=0 corpus=494 coverage=12730 exec total=32881 (370/min) pending=0 reproducing=0 
2026/07/29 20:04:30 candidates=0 corpus=494 coverage=12730 exec total=32904 (369/min) pending=0 reproducing=0 
2026/07/29 20:04:40 candidates=0 corpus=495 coverage=12734 exec total=32988 (369/min) pending=0 reproducing=0 
2026/07/29 20:04:50 candidates=0 corpus=495 coverage=12734 exec total=33019 (369/min) pending=0 reproducing=0 
2026/07/29 20:05:00 candidates=0 corpus=495 coverage=12734 exec total=33033 (369/min) pending=0 reproducing=0 
2026/07/29 20:05:10 candidates=0 corpus=495 coverage=12734 exec total=33037 (368/min) pending=0 reproducing=0 
2026/07/29 20:05:20 candidates=0 corpus=495 coverage=12734 exec total=33043 (367/min) pending=0 reproducing=0 
2026/07/29 20:05:30 candidates=0 corpus=495 coverage=12734 exec total=33084 (367/min) pending=0 reproducing=0 
2026/07/29 20:05:40 candidates=0 corpus=495 coverage=12734 exec total=33090 (366/min) pending=0 reproducing=0 
2026/07/29 20:05:50 candidates=0 corpus=495 coverage=12734 exec total=33166 (367/min) pending=0 reproducing=0 
2026/07/29 20:06:00 candidates=0 corpus=495 coverage=12734 exec total=33179 (366/min) pending=0 reproducing=0 
2026/07/29 20:06:10 candidates=0 corpus=496 coverage=12735 exec total=33215 (366/min) pending=0 reproducing=0 
2026/07/29 20:06:20 candidates=0 corpus=496 coverage=12735 exec total=33231 (365/min) pending=0 reproducing=0 
2026/07/29 20:06:30 candidates=0 corpus=496 coverage=12735 exec total=33275 (365/min) pending=0 reproducing=0 
2026/07/29 20:06:40 candidates=0 corpus=496 coverage=12735 exec total=33324 (365/min) pending=0 reproducing=0 
2026/07/29 20:06:50 candidates=0 corpus=496 coverage=12735 exec total=33391 (365/min) pending=0 reproducing=0 
2026/07/29 20:07:00 candidates=0 corpus=496 coverage=12735 exec total=33432 (365/min) pending=0 reproducing=0 
2026/07/29 20:07:10 candidates=0 corpus=496 coverage=12735 exec total=33495 (365/min) pending=0 reproducing=0 
2026/07/29 20:07:20 candidates=0 corpus=496 coverage=12735 exec total=33512 (364/min) pending=0 reproducing=0 
2026/07/29 20:07:30 candidates=0 corpus=496 coverage=12735 exec total=33567 (364/min) pending=0 reproducing=0 
2026/07/29 20:07:40 candidates=0 corpus=496 coverage=12735 exec total=33621 (364/min) pending=0 reproducing=0 
2026/07/29 20:07:50 candidates=0 corpus=496 coverage=12735 exec total=33640 (364/min) pending=0 reproducing=0 
2026/07/29 20:08:00 candidates=0 corpus=496 coverage=12735 exec total=33649 (363/min) pending=0 reproducing=0 
2026/07/29 20:08:10 candidates=0 corpus=496 coverage=12735 exec total=33654 (363/min) pending=0 reproducing=0 
2026/07/29 20:08:20 candidates=0 corpus=496 coverage=12735 exec total=33708 (363/min) pending=0 reproducing=0 
2026/07/29 20:08:30 candidates=0 corpus=497 coverage=12735 exec total=33797 (363/min) pending=0 reproducing=0 
2026/07/29 20:08:40 candidates=0 corpus=499 coverage=12741 exec total=34113 (366/min) pending=0 reproducing=0 
2026/07/29 20:08:50 candidates=0 corpus=500 coverage=12746 exec total=34161 (365/min) pending=0 reproducing=0 
2026/07/29 20:09:00 candidates=0 corpus=500 coverage=12746 exec total=34167 (365/min) pending=0 reproducing=0 
2026/07/29 20:09:10 candidates=0 corpus=500 coverage=12746 exec total=34174 (364/min) pending=0 reproducing=0 
2026/07/29 20:09:20 candidates=0 corpus=500 coverage=12746 exec total=34178 (364/min) pending=0 reproducing=0 
2026/07/29 20:09:30 candidates=0 corpus=500 coverage=12746 exec total=34184 (363/min) pending=0 reproducing=0 
2026/07/29 20:09:40 candidates=0 corpus=500 coverage=12746 exec total=34188 (362/min) pending=0 reproducing=0 
2026/07/29 20:09:50 candidates=0 corpus=500 coverage=12746 exec total=34354 (364/min) pending=0 reproducing=0 
2026/07/29 20:10:00 candidates=0 corpus=501 coverage=12746 exec total=34387 (363/min) pending=0 reproducing=0 
2026/07/29 20:10:10 candidates=0 corpus=501 coverage=12746 exec total=34464 (363/min) pending=0 reproducing=0 
2026/07/29 20:10:20 candidates=0 corpus=501 coverage=12746 exec total=34473 (363/min) pending=0 reproducing=0 
2026/07/29 20:10:30 candidates=0 corpus=501 coverage=12746 exec total=34513 (363/min) pending=0 reproducing=0 
2026/07/29 20:10:40 candidates=0 corpus=501 coverage=12746 exec total=34521 (362/min) pending=0 reproducing=0 
2026/07/29 20:10:50 candidates=0 corpus=501 coverage=12746 exec total=34557 (362/min) pending=0 reproducing=0 
2026/07/29 20:11:00 candidates=0 corpus=501 coverage=12746 exec total=34594 (362/min) pending=0 reproducing=0 
2026/07/29 20:11:10 candidates=0 corpus=503 coverage=12746 exec total=34747 (363/min) pending=0 reproducing=0 
2026/07/29 20:11:20 candidates=0 corpus=503 coverage=12746 exec total=34811 (363/min) pending=0 reproducing=0 
2026/07/29 20:11:30 candidates=0 corpus=503 coverage=12746 exec total=34840 (362/min) pending=0 reproducing=0 
2026/07/29 20:11:40 candidates=0 corpus=505 coverage=12749 exec total=34922 (363/min) pending=0 reproducing=0 
2026/07/29 20:11:50 candidates=0 corpus=505 coverage=12750 exec total=35035 (363/min) pending=0 reproducing=0 
2026/07/29 20:12:00 candidates=0 corpus=505 coverage=12750 exec total=35067 (363/min) pending=0 reproducing=0 
2026/07/29 20:12:10 candidates=0 corpus=505 coverage=12750 exec total=35162 (363/min) pending=0 reproducing=0 
2026/07/29 20:12:20 candidates=0 corpus=506 coverage=12755 exec total=35204 (363/min) pending=0 reproducing=0 
2026/07/29 20:12:30 candidates=0 corpus=506 coverage=12755 exec total=35233 (363/min) pending=0 reproducing=0 
2026/07/29 20:12:40 candidates=0 corpus=506 coverage=12755 exec total=35291 (363/min) pending=0 reproducing=0 
2026/07/29 20:12:50 candidates=0 corpus=506 coverage=12755 exec total=35396 (363/min) pending=0 reproducing=0 
2026/07/29 20:13:00 candidates=0 corpus=506 coverage=12755 exec total=35468 (363/min) pending=0 reproducing=0 
2026/07/29 20:13:10 candidates=0 corpus=506 coverage=12755 exec total=35489 (363/min) pending=0 reproducing=0 
2026/07/29 20:13:20 candidates=0 corpus=508 coverage=12761 exec total=35603 (363/min) pending=0 reproducing=0 
2026/07/29 20:13:30 candidates=0 corpus=508 coverage=12761 exec total=35641 (363/min) pending=0 reproducing=0 
2026/07/29 20:13:40 candidates=0 corpus=508 coverage=12761 exec total=35647 (363/min) pending=0 reproducing=0 
2026/07/29 20:13:50 candidates=0 corpus=508 coverage=12761 exec total=35671 (362/min) pending=0 reproducing=0 
2026/07/29 20:14:00 candidates=0 corpus=508 coverage=12761 exec total=35683 (362/min) pending=0 reproducing=0 
2026/07/29 20:14:10 candidates=0 corpus=508 coverage=12761 exec total=35705 (361/min) pending=0 reproducing=0 
2026/07/29 20:14:20 candidates=0 corpus=508 coverage=12761 exec total=35721 (361/min) pending=0 reproducing=0 
2026/07/29 20:14:30 candidates=0 corpus=508 coverage=12761 exec total=35763 (361/min) pending=0 reproducing=0 
2026/07/29 20:14:40 candidates=0 corpus=508 coverage=12761 exec total=35781 (360/min) pending=0 reproducing=0 
2026/07/29 20:14:50 candidates=0 corpus=508 coverage=12761 exec total=35819 (360/min) pending=0 reproducing=0 
2026/07/29 20:15:00 candidates=0 corpus=508 coverage=12761 exec total=35920 (360/min) pending=0 reproducing=0 
2026/07/29 20:15:10 candidates=0 corpus=509 coverage=12762 exec total=35965 (360/min) pending=0 reproducing=0 
2026/07/29 20:15:20 candidates=0 corpus=510 coverage=12764 exec total=35978 (360/min) pending=0 reproducing=0 
2026/07/29 20:15:30 candidates=0 corpus=510 coverage=12764 exec total=35996 (359/min) pending=0 reproducing=0 
2026/07/29 20:15:40 candidates=0 corpus=510 coverage=12764 exec total=36005 (359/min) pending=0 reproducing=0 
2026/07/29 20:15:50 candidates=0 corpus=510 coverage=12764 exec total=36012 (358/min) pending=0 reproducing=0 
2026/07/29 20:16:00 candidates=0 corpus=510 coverage=12764 exec total=36018 (358/min) pending=0 reproducing=0 
2026/07/29 20:16:10 candidates=0 corpus=511 coverage=12766 exec total=36090 (358/min) pending=0 reproducing=0 
2026/07/29 20:16:20 candidates=0 corpus=511 coverage=12766 exec total=36239 (359/min) pending=0 reproducing=0 
2026/07/29 20:16:30 candidates=0 corpus=511 coverage=12766 exec total=36278 (359/min) pending=0 reproducing=0 
2026/07/29 20:16:40 candidates=0 corpus=511 coverage=12766 exec total=36375 (359/min) pending=0 reproducing=0 
2026/07/29 20:16:50 candidates=0 corpus=511 coverage=12766 exec total=36493 (360/min) pending=0 reproducing=0 
2026/07/29 20:17:00 candidates=0 corpus=511 coverage=12766 exec total=36549 (360/min) pending=0 reproducing=0 
2026/07/29 20:17:10 candidates=0 corpus=511 coverage=12766 exec total=36575 (359/min) pending=0 reproducing=0 
2026/07/29 20:17:20 candidates=0 corpus=511 coverage=12766 exec total=36591 (359/min) pending=0 reproducing=0 
2026/07/29 20:17:30 candidates=0 corpus=511 coverage=12766 exec total=36631 (359/min) pending=0 reproducing=0 
2026/07/29 20:17:40 candidates=0 corpus=511 coverage=12766 exec total=36641 (358/min) pending=0 reproducing=0 
2026/07/29 20:17:50 candidates=0 corpus=511 coverage=12766 exec total=36666 (358/min) pending=0 reproducing=0 
2026/07/29 20:18:00 candidates=0 corpus=511 coverage=12766 exec total=36686 (357/min) pending=0 reproducing=0 
2026/07/29 20:18:10 candidates=0 corpus=511 coverage=12766 exec total=36703 (357/min) pending=0 reproducing=0 
2026/07/29 20:18:20 candidates=0 corpus=511 coverage=12766 exec total=36749 (357/min) pending=0 reproducing=0 
2026/07/29 20:18:30 candidates=0 corpus=511 coverage=12766 exec total=36764 (356/min) pending=0 reproducing=0 
2026/07/29 20:18:40 candidates=0 corpus=511 coverage=12766 exec total=36776 (356/min) pending=0 reproducing=0 
2026/07/29 20:18:50 candidates=0 corpus=511 coverage=12766 exec total=36792 (355/min) pending=0 reproducing=0 
2026/07/29 20:19:00 candidates=0 corpus=512 coverage=12766 exec total=37054 (357/min) pending=0 reproducing=0 
2026/07/29 20:19:10 candidates=0 corpus=512 coverage=12766 exec total=37071 (357/min) pending=0 reproducing=0 
2026/07/29 20:19:20 candidates=0 corpus=512 coverage=12766 exec total=37144 (357/min) pending=0 reproducing=0 
2026/07/29 20:19:30 candidates=0 corpus=512 coverage=12766 exec total=37239 (358/min) pending=0 reproducing=0 
2026/07/29 20:19:40 candidates=0 corpus=513 coverage=12776 exec total=37274 (357/min) pending=0 reproducing=0 
2026/07/29 20:19:50 candidates=0 corpus=513 coverage=12776 exec total=37291 (357/min) pending=0 reproducing=0 
2026/07/29 20:20:00 candidates=0 corpus=513 coverage=12776 exec total=37297 (356/min) pending=0 reproducing=0 
2026/07/29 20:20:10 candidates=0 corpus=513 coverage=12776 exec total=37308 (356/min) pending=0 reproducing=0 
2026/07/29 20:20:20 candidates=0 corpus=513 coverage=12776 exec total=37320 (355/min) pending=0 reproducing=0 
2026/07/29 20:20:30 candidates=0 corpus=513 coverage=12776 exec total=37349 (355/min) pending=0 reproducing=0 
2026/07/29 20:20:40 candidates=0 corpus=513 coverage=12776 exec total=37415 (355/min) pending=0 reproducing=0 
2026/07/29 20:20:50 candidates=0 corpus=513 coverage=12776 exec total=37454 (355/min) pending=0 reproducing=0 
2026/07/29 20:21:00 candidates=0 corpus=514 coverage=12776 exec total=37544 (355/min) pending=0 reproducing=0 
2026/07/29 20:21:10 candidates=0 corpus=514 coverage=12776 exec total=37642 (356/min) pending=0 reproducing=0 
2026/07/29 20:21:20 candidates=0 corpus=514 coverage=12776 exec total=37701 (356/min) pending=0 reproducing=0 
2026/07/29 20:21:30 candidates=0 corpus=514 coverage=12776 exec total=37727 (355/min) pending=0 reproducing=0 
2026/07/29 20:21:40 candidates=0 corpus=514 coverage=12776 exec total=37739 (355/min) pending=0 reproducing=0 
2026/07/29 20:21:50 candidates=0 corpus=514 coverage=12776 exec total=37773 (355/min) pending=0 reproducing=0 
2026/07/29 20:22:00 candidates=0 corpus=515 coverage=12777 exec total=37845 (355/min) pending=0 reproducing=0 
2026/07/29 20:22:10 candidates=0 corpus=515 coverage=12777 exec total=37902 (355/min) pending=0 reproducing=0 
2026/07/29 20:22:20 candidates=0 corpus=515 coverage=12777 exec total=37923 (354/min) pending=0 reproducing=0 
2026/07/29 20:22:30 candidates=0 corpus=515 coverage=12777 exec total=37995 (355/min) pending=0 reproducing=0 
2026/07/29 20:22:40 candidates=0 corpus=515 coverage=12777 exec total=38053 (355/min) pending=0 reproducing=0 
2026/07/29 20:22:50 candidates=0 corpus=515 coverage=12777 exec total=38076 (354/min) pending=0 reproducing=0 
2026/07/29 20:23:00 candidates=0 corpus=515 coverage=12777 exec total=38114 (354/min) pending=0 reproducing=0 
2026/07/29 20:23:10 candidates=0 corpus=515 coverage=12777 exec total=38116 (353/min) pending=0 reproducing=0 
2026/07/29 20:23:20 candidates=0 corpus=516 coverage=12777 exec total=38223 (354/min) pending=0 reproducing=0 
2026/07/29 20:23:30 candidates=0 corpus=517 coverage=12778 exec total=38359 (355/min) pending=0 reproducing=0 
2026/07/29 20:23:40 candidates=0 corpus=517 coverage=12778 exec total=38367 (354/min) pending=0 reproducing=0 
2026/07/29 20:23:50 candidates=0 corpus=517 coverage=12778 exec total=38378 (354/min) pending=0 reproducing=0 
2026/07/29 20:24:00 candidates=0 corpus=517 coverage=12778 exec total=38436 (354/min) pending=0 reproducing=0 
2026/07/29 20:24:10 candidates=0 corpus=517 coverage=12778 exec total=38460 (353/min) pending=0 reproducing=0 
2026/07/29 20:24:20 candidates=0 corpus=517 coverage=12778 exec total=38507 (353/min) pending=0 reproducing=0 
2026/07/29 20:24:30 candidates=0 corpus=517 coverage=12778 exec total=38617 (354/min) pending=0 reproducing=0 
2026/07/29 20:24:40 candidates=0 corpus=517 coverage=12778 exec total=38637 (353/min) pending=0 reproducing=0 
2026/07/29 20:24:50 candidates=0 corpus=518 coverage=12779 exec total=38696 (353/min) pending=0 reproducing=0 
2026/07/29 20:25:00 candidates=0 corpus=518 coverage=12779 exec total=38740 (353/min) pending=0 reproducing=0 
2026/07/29 20:25:10 candidates=0 corpus=518 coverage=12779 exec total=38828 (354/min) pending=0 reproducing=0 
2026/07/29 20:25:20 candidates=0 corpus=519 coverage=12780 exec total=38915 (354/min) pending=0 reproducing=0 
2026/07/29 20:25:30 candidates=0 corpus=521 coverage=12780 exec total=39008 (354/min) pending=0 reproducing=0 
2026/07/29 20:25:40 candidates=0 corpus=522 coverage=12782 exec total=39087 (354/min) pending=0 reproducing=0 
2026/07/29 20:25:50 candidates=0 corpus=522 coverage=12782 exec total=39133 (354/min) pending=0 reproducing=0 
2026/07/29 20:26:00 candidates=0 corpus=522 coverage=12782 exec total=39176 (354/min) pending=0 reproducing=0 
2026/07/29 20:26:10 candidates=0 corpus=522 coverage=12782 exec total=39203 (354/min) pending=0 reproducing=0 
2026/07/29 20:26:20 candidates=0 corpus=522 coverage=12782 exec total=39222 (353/min) pending=0 reproducing=0 
2026/07/29 20:26:30 candidates=0 corpus=522 coverage=12782 exec total=39229 (353/min) pending=0 reproducing=0 
2026/07/29 20:26:40 candidates=0 corpus=522 coverage=12782 exec total=39232 (352/min) pending=0 reproducing=0 
2026/07/29 20:26:50 candidates=0 corpus=522 coverage=12782 exec total=39239 (352/min) pending=0 reproducing=0 
2026/07/29 20:27:00 candidates=0 corpus=522 coverage=12782 exec total=39246 (351/min) pending=0 reproducing=0 
2026/07/29 20:27:10 candidates=0 corpus=522 coverage=12782 exec total=39303 (351/min) pending=0 reproducing=0 
2026/07/29 20:27:20 candidates=0 corpus=522 coverage=12782 exec total=39406 (352/min) pending=0 reproducing=0 
2026/07/29 20:27:30 candidates=0 corpus=524 coverage=12787 exec total=39530 (352/min) pending=0 reproducing=0 
2026/07/29 20:27:40 candidates=0 corpus=524 coverage=12787 exec total=39588 (352/min) pending=0 reproducing=0 
2026/07/29 20:27:50 candidates=0 corpus=524 coverage=12787 exec total=39617 (352/min) pending=0 reproducing=0 
2026/07/29 20:28:00 candidates=0 corpus=524 coverage=12787 exec total=39681 (352/min) pending=0 reproducing=0 
2026/07/29 20:28:10 candidates=0 corpus=524 coverage=12787 exec total=39703 (352/min) pending=0 reproducing=0 
2026/07/29 20:28:20 candidates=0 corpus=524 coverage=12787 exec total=39781 (352/min) pending=0 reproducing=0 
2026/07/29 20:28:30 candidates=0 corpus=524 coverage=12787 exec total=39906 (353/min) pending=0 reproducing=0 
2026/07/29 20:28:40 candidates=0 corpus=524 coverage=12787 exec total=40004 (353/min) pending=0 reproducing=0 
2026/07/29 20:28:50 candidates=0 corpus=524 coverage=12787 exec total=40083 (353/min) pending=0 reproducing=0 
2026/07/29 20:29:00 candidates=0 corpus=524 coverage=12787 exec total=40121 (353/min) pending=0 reproducing=0 
2026/07/29 20:29:10 candidates=0 corpus=524 coverage=12787 exec total=40143 (353/min) pending=0 reproducing=0 
2026/07/29 20:29:20 candidates=0 corpus=524 coverage=12787 exec total=40168 (352/min) pending=0 reproducing=0 
2026/07/29 20:29:30 candidates=0 corpus=524 coverage=12787 exec total=40171 (352/min) pending=0 reproducing=0 
2026/07/29 20:29:40 candidates=0 corpus=524 coverage=12787 exec total=40181 (351/min) pending=0 reproducing=0 
2026/07/29 20:29:50 candidates=0 corpus=524 coverage=12787 exec total=40210 (351/min) pending=0 reproducing=0 
2026/07/29 20:30:00 candidates=0 corpus=524 coverage=12787 exec total=40227 (351/min) pending=0 reproducing=0 
2026/07/29 20:30:10 candidates=0 corpus=524 coverage=12787 exec total=40232 (350/min) pending=0 reproducing=0 
2026/07/29 20:30:20 candidates=0 corpus=524 coverage=12787 exec total=40238 (350/min) pending=0 reproducing=0 
2026/07/29 20:30:30 candidates=0 corpus=525 coverage=12787 exec total=40282 (350/min) pending=0 reproducing=0 
2026/07/29 20:30:40 candidates=0 corpus=526 coverage=12787 exec total=40350 (350/min) pending=0 reproducing=0 
2026/07/29 20:30:50 candidates=0 corpus=526 coverage=12787 exec total=40390 (350/min) pending=0 reproducing=0 
2026/07/29 20:31:00 candidates=0 corpus=526 coverage=12787 exec total=40394 (349/min) pending=0 reproducing=0 
2026/07/29 20:31:10 candidates=0 corpus=526 coverage=12787 exec total=40433 (349/min) pending=0 reproducing=0 
2026/07/29 20:31:20 candidates=0 corpus=526 coverage=12787 exec total=40488 (349/min) pending=0 reproducing=0 
2026/07/29 20:31:30 candidates=0 corpus=526 coverage=12787 exec total=40495 (349/min) pending=0 reproducing=0 
2026/07/29 20:31:40 candidates=0 corpus=527 coverage=12788 exec total=40539 (348/min) pending=0 reproducing=0 
2026/07/29 20:31:50 candidates=0 corpus=527 coverage=12788 exec total=40551 (348/min) pending=0 reproducing=0 
2026/07/29 20:32:00 candidates=0 corpus=527 coverage=12788 exec total=40562 (348/min) pending=0 reproducing=0 
2026/07/29 20:32:10 candidates=0 corpus=527 coverage=12788 exec total=40585 (347/min) pending=0 reproducing=0 
2026/07/29 20:32:20 candidates=0 corpus=527 coverage=12788 exec total=40617 (347/min) pending=0 reproducing=0 
2026/07/29 20:32:30 candidates=0 corpus=528 coverage=12789 exec total=40642 (347/min) pending=0 reproducing=0 
2026/07/29 20:32:40 candidates=0 corpus=528 coverage=12789 exec total=40654 (346/min) pending=0 reproducing=0 
2026/07/29 20:32:50 candidates=0 corpus=528 coverage=12789 exec total=40777 (347/min) pending=0 reproducing=0 
2026/07/29 20:33:00 candidates=0 corpus=528 coverage=12789 exec total=40805 (347/min) pending=0 reproducing=0 
2026/07/29 20:33:10 candidates=0 corpus=528 coverage=12789 exec total=40863 (347/min) pending=0 reproducing=0 
2026/07/29 20:33:20 candidates=0 corpus=528 coverage=12789 exec total=40926 (347/min) pending=0 reproducing=0 
2026/07/29 20:33:30 candidates=0 corpus=528 coverage=12789 exec total=40980 (347/min) pending=0 reproducing=0 
2026/07/29 20:33:40 candidates=0 corpus=528 coverage=12789 exec total=41024 (347/min) pending=0 reproducing=0 
2026/07/29 20:33:50 candidates=0 corpus=528 coverage=12789 exec total=41095 (347/min) pending=0 reproducing=0 
2026/07/29 20:34:00 candidates=0 corpus=528 coverage=12789 exec total=41131 (347/min) pending=0 reproducing=0 
2026/07/29 20:34:10 candidates=0 corpus=528 coverage=12789 exec total=41156 (346/min) pending=0 reproducing=0 
2026/07/29 20:34:20 candidates=0 corpus=528 coverage=12789 exec total=41175 (346/min) pending=0 reproducing=0 
2026/07/29 20:34:30 candidates=0 corpus=528 coverage=12789 exec total=41195 (346/min) pending=0 reproducing=0 
2026/07/29 20:34:40 candidates=0 corpus=528 coverage=12789 exec total=41220 (345/min) pending=0 reproducing=0 
2026/07/29 20:34:50 candidates=0 corpus=528 coverage=12789 exec total=41233 (345/min) pending=0 reproducing=0 
2026/07/29 20:35:00 candidates=0 corpus=529 coverage=12789 exec total=41291 (345/min) pending=0 reproducing=0 
2026/07/29 20:35:10 candidates=0 corpus=529 coverage=12789 exec total=41427 (346/min) pending=0 reproducing=0 
2026/07/29 20:35:20 candidates=0 corpus=529 coverage=12789 exec total=41496 (346/min) pending=0 reproducing=0 
2026/07/29 20:35:30 candidates=0 corpus=529 coverage=12789 exec total=41517 (345/min) pending=0 reproducing=0 
2026/07/29 20:35:40 candidates=0 corpus=529 coverage=12789 exec total=41530 (345/min) pending=0 reproducing=0 
2026/07/29 20:35:50 candidates=0 corpus=529 coverage=12789 exec total=41550 (345/min) pending=0 reproducing=0 
2026/07/29 20:36:00 candidates=0 corpus=529 coverage=12789 exec total=41573 (344/min) pending=0 reproducing=0 
2026/07/29 20:36:10 candidates=0 corpus=529 coverage=12789 exec total=41585 (344/min) pending=0 reproducing=0 
2026/07/29 20:36:20 candidates=0 corpus=530 coverage=12800 exec total=41639 (344/min) pending=0 reproducing=0 
2026/07/29 20:36:30 candidates=0 corpus=530 coverage=12800 exec total=41692 (344/min) pending=0 reproducing=0 
2026/07/29 20:36:40 candidates=0 corpus=530 coverage=12800 exec total=41739 (344/min) pending=0 reproducing=0 
2026/07/29 20:36:50 candidates=0 corpus=530 coverage=12800 exec total=41825 (344/min) pending=0 reproducing=0 
2026/07/29 20:37:00 candidates=0 corpus=530 coverage=12800 exec total=41901 (344/min) pending=0 reproducing=0 
2026/07/29 20:37:10 candidates=0 corpus=531 coverage=12802 exec total=41999 (345/min) pending=0 reproducing=0 
2026/07/29 20:37:20 candidates=0 corpus=531 coverage=12802 exec total=42096 (345/min) pending=0 reproducing=0 
2026/07/29 20:37:30 candidates=0 corpus=531 coverage=12802 exec total=42120 (345/min) pending=0 reproducing=0 
2026/07/29 20:37:40 candidates=0 corpus=531 coverage=12802 exec total=42137 (344/min) pending=0 reproducing=0 
2026/07/29 20:37:50 candidates=0 corpus=531 coverage=12802 exec total=42163 (344/min) pending=0 reproducing=0 
2026/07/29 20:38:00 candidates=0 corpus=531 coverage=12802 exec total=42221 (344/min) pending=0 reproducing=0 
2026/07/29 20:38:10 candidates=0 corpus=531 coverage=12802 exec total=42307 (344/min) pending=0 reproducing=0 
2026/07/29 20:38:20 candidates=0 corpus=532 coverage=12806 exec total=42355 (344/min) pending=0 reproducing=0 
2026/07/29 20:38:30 candidates=0 corpus=532 coverage=12806 exec total=42402 (344/min) pending=0 reproducing=0 
2026/07/29 20:38:40 candidates=0 corpus=532 coverage=12806 exec total=42478 (344/min) pending=0 reproducing=0 
2026/07/29 20:38:50 candidates=0 corpus=532 coverage=12806 exec total=42521 (344/min) pending=0 reproducing=0 
2026/07/29 20:39:00 candidates=0 corpus=532 coverage=12806 exec total=42570 (344/min) pending=0 reproducing=0 
2026/07/29 20:39:10 candidates=0 corpus=532 coverage=12806 exec total=42621 (344/min) pending=0 reproducing=0 
2026/07/29 20:39:20 candidates=0 corpus=532 coverage=12806 exec total=42638 (344/min) pending=0 reproducing=0 
2026/07/29 20:39:30 candidates=0 corpus=532 coverage=12806 exec total=42689 (344/min) pending=0 reproducing=0 
2026/07/29 20:39:40 candidates=0 corpus=532 coverage=12806 exec total=42737 (344/min) pending=0 reproducing=0 
2026/07/29 20:39:50 candidates=0 corpus=532 coverage=12806 exec total=42778 (344/min) pending=0 reproducing=0 
2026/07/29 20:40:00 candidates=0 corpus=532 coverage=12806 exec total=42834 (344/min) pending=0 reproducing=0 
2026/07/29 20:40:10 candidates=0 corpus=532 coverage=12806 exec total=42865 (343/min) pending=0 reproducing=0 
2026/07/29 20:40:20 candidates=0 corpus=533 coverage=12809 exec total=42929 (343/min) pending=0 reproducing=0 
2026/07/29 20:40:30 candidates=0 corpus=533 coverage=12809 exec total=42965 (343/min) pending=0 reproducing=0 
2026/07/29 20:40:40 candidates=0 corpus=533 coverage=12809 exec total=42987 (343/min) pending=0 reproducing=0 
2026/07/29 20:40:50 candidates=0 corpus=533 coverage=12809 exec total=42992 (342/min) pending=0 reproducing=0 
2026/07/29 20:41:00 candidates=0 corpus=533 coverage=12809 exec total=43009 (342/min) pending=0 reproducing=0 
2026/07/29 20:41:10 candidates=0 corpus=533 coverage=12809 exec total=43014 (342/min) pending=0 reproducing=0 
2026/07/29 20:41:20 candidates=0 corpus=533 coverage=12809 exec total=43057 (342/min) pending=0 reproducing=0 
2026/07/29 20:41:30 candidates=0 corpus=533 coverage=12809 exec total=43126 (342/min) pending=0 reproducing=0 
2026/07/29 20:41:40 candidates=0 corpus=534 coverage=12809 exec total=43180 (342/min) pending=0 reproducing=0 
2026/07/29 20:41:50 candidates=0 corpus=535 coverage=12811 exec total=43242 (342/min) pending=0 reproducing=0 
2026/07/29 20:42:00 candidates=0 corpus=535 coverage=12811 exec total=43250 (341/min) pending=0 reproducing=0 
2026/07/29 20:42:10 candidates=0 corpus=535 coverage=12811 exec total=43259 (341/min) pending=0 reproducing=0 
2026/07/29 20:42:20 candidates=0 corpus=535 coverage=12811 exec total=43279 (341/min) pending=0 reproducing=0 
2026/07/29 20:42:30 candidates=0 corpus=535 coverage=12811 exec total=43295 (340/min) pending=0 reproducing=0 
2026/07/29 20:42:40 candidates=0 corpus=536 coverage=12811 exec total=43398 (341/min) pending=0 reproducing=0 
2026/07/29 20:42:50 candidates=0 corpus=536 coverage=12811 exec total=43451 (341/min) pending=0 reproducing=0 
2026/07/29 20:43:00 candidates=0 corpus=536 coverage=12811 exec total=43498 (341/min) pending=0 reproducing=0 
2026/07/29 20:43:10 candidates=0 corpus=536 coverage=12811 exec total=43565 (341/min) pending=0 reproducing=0 
2026/07/29 20:43:20 candidates=0 corpus=537 coverage=12813 exec total=43645 (341/min) pending=0 reproducing=0 
2026/07/29 20:43:30 candidates=0 corpus=537 coverage=12813 exec total=43697 (341/min) pending=0 reproducing=0 
2026/07/29 20:43:40 candidates=0 corpus=537 coverage=12813 exec total=43741 (341/min) pending=0 reproducing=0 
2026/07/29 20:43:50 candidates=0 corpus=537 coverage=12813 exec total=43748 (340/min) pending=0 reproducing=0 
2026/07/29 20:44:00 candidates=0 corpus=537 coverage=12813 exec total=43770 (340/min) pending=0 reproducing=0 
2026/07/29 20:44:10 candidates=0 corpus=537 coverage=12813 exec total=43799 (340/min) pending=0 reproducing=0 
2026/07/29 20:44:20 candidates=0 corpus=537 coverage=12813 exec total=43816 (340/min) pending=0 reproducing=0 
2026/07/29 20:44:30 candidates=0 corpus=537 coverage=12813 exec total=43888 (340/min) pending=0 reproducing=0 
2026/07/29 20:44:40 candidates=0 corpus=537 coverage=12813 exec total=43969 (340/min) pending=0 reproducing=0 
2026/07/29 20:44:50 candidates=0 corpus=538 coverage=12814 exec total=44027 (340/min) pending=0 reproducing=0 
2026/07/29 20:45:00 candidates=0 corpus=539 coverage=12815 exec total=44046 (340/min) pending=0 reproducing=0 
2026/07/29 20:45:10 candidates=0 corpus=539 coverage=12815 exec total=44072 (339/min) pending=0 reproducing=0 
2026/07/29 20:45:20 candidates=0 corpus=539 coverage=12815 exec total=44094 (339/min) pending=0 reproducing=0 
2026/07/29 20:45:30 candidates=0 corpus=539 coverage=12815 exec total=44113 (339/min) pending=0 reproducing=0 
2026/07/29 20:45:40 candidates=0 corpus=540 coverage=12816 exec total=44228 (339/min) pending=0 reproducing=0 
2026/07/29 20:45:50 candidates=0 corpus=538 coverage=12816 exec total=44250 (339/min) pending=0 reproducing=0 
2026/07/29 20:46:00 candidates=0 corpus=538 coverage=12816 exec total=44300 (339/min) pending=0 reproducing=0 
2026/07/29 20:46:10 candidates=0 corpus=538 coverage=12816 exec total=44393 (339/min) pending=0 reproducing=0 
2026/07/29 20:46:20 candidates=0 corpus=538 coverage=12816 exec total=44432 (339/min) pending=0 reproducing=0 
2026/07/29 20:46:30 candidates=0 corpus=538 coverage=12816 exec total=44470 (339/min) pending=0 reproducing=0 
2026/07/29 20:46:40 candidates=0 corpus=538 coverage=12816 exec total=44494 (339/min) pending=0 reproducing=0 
2026/07/29 20:46:50 candidates=0 corpus=538 coverage=12816 exec total=44525 (338/min) pending=0 reproducing=0 
2026/07/29 20:47:00 candidates=0 corpus=538 coverage=12816 exec total=44621 (339/min) pending=0 reproducing=0 
2026/07/29 20:47:10 candidates=0 corpus=538 coverage=12816 exec total=44629 (338/min) pending=0 reproducing=0 
2026/07/29 20:47:20 candidates=0 corpus=538 coverage=12817 exec total=44716 (339/min) pending=0 reproducing=0 
2026/07/29 20:47:30 candidates=0 corpus=538 coverage=12817 exec total=44726 (338/min) pending=0 reproducing=0 
2026/07/29 20:47:40 candidates=0 corpus=538 coverage=12817 exec total=44757 (338/min) pending=0 reproducing=0 
2026/07/29 20:47:50 candidates=0 corpus=538 coverage=12817 exec total=44820 (338/min) pending=0 reproducing=0 
2026/07/29 20:48:00 candidates=0 corpus=538 coverage=12817 exec total=44854 (338/min) pending=0 reproducing=0 
2026/07/29 20:48:10 candidates=0 corpus=538 coverage=12817 exec total=44894 (338/min) pending=0 reproducing=0 
2026/07/29 20:48:20 candidates=0 corpus=538 coverage=12817 exec total=44952 (338/min) pending=0 reproducing=0 
2026/07/29 20:48:30 candidates=0 corpus=538 coverage=12817 exec total=44958 (337/min) pending=0 reproducing=0 
2026/07/29 20:48:40 candidates=0 corpus=538 coverage=12817 exec total=44970 (337/min) pending=0 reproducing=0 
2026/07/29 20:48:50 candidates=0 corpus=539 coverage=12819 exec total=45155 (338/min) pending=0 reproducing=0 
2026/07/29 20:49:00 candidates=0 corpus=539 coverage=12819 exec total=45203 (338/min) pending=0 reproducing=0 
2026/07/29 20:49:10 candidates=0 corpus=539 coverage=12819 exec total=45271 (338/min) pending=0 reproducing=0 
2026/07/29 20:49:20 candidates=0 corpus=539 coverage=12819 exec total=45322 (338/min) pending=0 reproducing=0 
2026/07/29 20:49:30 candidates=0 corpus=539 coverage=12819 exec total=45345 (338/min) pending=0 reproducing=0 
2026/07/29 20:49:40 candidates=0 corpus=539 coverage=12819 exec total=45449 (338/min) pending=0 reproducing=0 
2026/07/29 20:49:50 candidates=0 corpus=539 coverage=12819 exec total=45514 (338/min) pending=0 reproducing=0 
2026/07/29 20:50:00 candidates=0 corpus=540 coverage=12819 exec total=45565 (338/min) pending=0 reproducing=0 
2026/07/29 20:50:10 candidates=0 corpus=540 coverage=12819 exec total=45629 (338/min) pending=0 reproducing=0 
2026/07/29 20:50:20 candidates=0 corpus=540 coverage=12819 exec total=45703 (338/min) pending=0 reproducing=0 
2026/07/29 20:50:30 candidates=0 corpus=540 coverage=12819 exec total=45715 (338/min) pending=0 reproducing=0 
2026/07/29 20:50:40 candidates=0 corpus=540 coverage=12819 exec total=45756 (338/min) pending=0 reproducing=0 
2026/07/29 20:50:50 candidates=0 corpus=540 coverage=12819 exec total=45830 (338/min) pending=0 reproducing=0 
2026/07/29 20:51:00 candidates=0 corpus=540 coverage=12819 exec total=45864 (338/min) pending=0 reproducing=0 
2026/07/29 20:51:10 candidates=0 corpus=541 coverage=12820 exec total=46008 (339/min) pending=0 reproducing=0 
2026/07/29 20:51:20 candidates=0 corpus=541 coverage=12820 exec total=46088 (339/min) pending=0 reproducing=0 
2026/07/29 20:51:30 candidates=0 corpus=541 coverage=12820 exec total=46132 (339/min) pending=0 reproducing=0 
2026/07/29 20:51:40 candidates=0 corpus=541 coverage=12820 exec total=46143 (338/min) pending=0 reproducing=0 
2026/07/29 20:51:50 candidates=0 corpus=541 coverage=12820 exec total=46167 (338/min) pending=0 reproducing=0 
2026/07/29 20:52:00 candidates=0 corpus=542 coverage=12824 exec total=46264 (338/min) pending=0 reproducing=0 
2026/07/29 20:52:10 candidates=0 corpus=543 coverage=12824 exec total=46427 (339/min) pending=0 reproducing=0 
2026/07/29 20:52:20 candidates=0 corpus=543 coverage=12824 exec total=46460 (339/min) pending=0 reproducing=0 
2026/07/29 20:52:30 candidates=0 corpus=543 coverage=12824 exec total=46497 (339/min) pending=0 reproducing=0 
2026/07/29 20:52:40 candidates=0 corpus=544 coverage=12829 exec total=46571 (339/min) pending=0 reproducing=0 
2026/07/29 20:52:50 candidates=0 corpus=545 coverage=12844 exec total=46706 (340/min) pending=0 reproducing=0 
2026/07/29 20:53:00 candidates=0 corpus=545 coverage=12844 exec total=46741 (339/min) pending=0 reproducing=0 
2026/07/29 20:53:10 candidates=0 corpus=545 coverage=12844 exec total=46773 (339/min) pending=0 reproducing=0 
2026/07/29 20:53:20 candidates=0 corpus=545 coverage=12844 exec total=46794 (339/min) pending=0 reproducing=0 
2026/07/29 20:53:30 candidates=0 corpus=545 coverage=12844 exec total=46835 (339/min) pending=0 reproducing=0 
2026/07/29 20:53:40 candidates=0 corpus=545 coverage=12844 exec total=46843 (338/min) pending=0 reproducing=0 
2026/07/29 20:53:50 candidates=0 corpus=545 coverage=12844 exec total=46882 (338/min) pending=0 reproducing=0 
2026/07/29 20:54:00 candidates=0 corpus=545 coverage=12844 exec total=46886 (338/min) pending=0 reproducing=0 
2026/07/29 20:54:10 candidates=0 corpus=545 coverage=12844 exec total=46891 (338/min) pending=0 reproducing=0 
2026/07/29 20:54:20 candidates=0 corpus=545 coverage=12844 exec total=46898 (337/min) pending=0 reproducing=0 
2026/07/29 20:54:30 candidates=0 corpus=545 coverage=12844 exec total=47013 (338/min) pending=0 reproducing=0 
2026/07/29 20:54:40 candidates=0 corpus=547 coverage=12845 exec total=47146 (338/min) pending=0 reproducing=0 
2026/07/29 20:54:50 candidates=0 corpus=548 coverage=12845 exec total=47178 (338/min) pending=0 reproducing=0 
2026/07/29 20:55:00 candidates=0 corpus=549 coverage=12846 exec total=47189 (338/min) pending=0 reproducing=0 
2026/07/29 20:55:10 candidates=0 corpus=549 coverage=12846 exec total=47209 (337/min) pending=0 reproducing=0 
2026/07/29 20:55:20 candidates=0 corpus=549 coverage=12846 exec total=47238 (337/min) pending=0 reproducing=0 
2026/07/29 20:55:30 candidates=0 corpus=549 coverage=12846 exec total=47303 (337/min) pending=0 reproducing=0 
2026/07/29 20:55:40 candidates=0 corpus=549 coverage=12846 exec total=47353 (337/min) pending=0 reproducing=0 
2026/07/29 20:55:50 candidates=0 corpus=549 coverage=12846 exec total=47429 (337/min) pending=0 reproducing=0 
2026/07/29 20:56:00 candidates=0 corpus=549 coverage=12846 exec total=47434 (337/min) pending=0 reproducing=0 
2026/07/29 20:56:10 candidates=0 corpus=549 coverage=12846 exec total=47464 (337/min) pending=0 reproducing=0 
2026/07/29 20:56:20 candidates=0 corpus=549 coverage=12846 exec total=47487 (337/min) pending=0 reproducing=0 
2026/07/29 20:56:30 candidates=0 corpus=549 coverage=12846 exec total=47519 (336/min) pending=0 reproducing=0 
2026/07/29 20:56:40 candidates=0 corpus=549 coverage=12846 exec total=47576 (336/min) pending=0 reproducing=0 
2026/07/29 20:56:50 candidates=0 corpus=549 coverage=12846 exec total=47615 (336/min) pending=0 reproducing=0 
2026/07/29 20:57:00 candidates=0 corpus=549 coverage=12846 exec total=47640 (336/min) pending=0 reproducing=0 
2026/07/29 20:57:10 candidates=0 corpus=549 coverage=12846 exec total=47729 (336/min) pending=0 reproducing=0 
2026/07/29 20:57:20 candidates=0 corpus=549 coverage=12846 exec total=47769 (336/min) pending=0 reproducing=0 
2026/07/29 20:57:30 candidates=0 corpus=549 coverage=12846 exec total=47776 (336/min) pending=0 reproducing=0 
2026/07/29 20:57:40 candidates=0 corpus=549 coverage=12846 exec total=47802 (336/min) pending=0 reproducing=0 
2026/07/29 20:57:50 candidates=0 corpus=549 coverage=12846 exec total=47838 (336/min) pending=0 reproducing=0 
2026/07/29 20:58:00 candidates=0 corpus=549 coverage=12846 exec total=47881 (335/min) pending=0 reproducing=0 
2026/07/29 20:58:10 candidates=0 corpus=549 coverage=12846 exec total=47922 (335/min) pending=0 reproducing=0 
2026/07/29 20:58:20 candidates=0 corpus=549 coverage=12846 exec total=47991 (335/min) pending=0 reproducing=0 
2026/07/29 20:58:30 candidates=0 corpus=549 coverage=12846 exec total=48033 (335/min) pending=0 reproducing=0 
2026/07/29 20:58:40 candidates=0 corpus=549 coverage=12846 exec total=48049 (335/min) pending=0 reproducing=0 
2026/07/29 20:58:50 candidates=0 corpus=549 coverage=12846 exec total=48060 (335/min) pending=0 reproducing=0 
2026/07/29 20:59:00 candidates=0 corpus=549 coverage=12846 exec total=48102 (335/min) pending=0 reproducing=0 
2026/07/29 20:59:10 candidates=0 corpus=549 coverage=12846 exec total=48184 (335/min) pending=0 reproducing=0 
2026/07/29 20:59:20 candidates=0 corpus=549 coverage=12846 exec total=48215 (335/min) pending=0 reproducing=0 
2026/07/29 20:59:30 candidates=0 corpus=549 coverage=12846 exec total=48230 (334/min) pending=0 reproducing=0 
2026/07/29 20:59:40 candidates=0 corpus=550 coverage=12847 exec total=48247 (334/min) pending=0 reproducing=0 
2026/07/29 20:59:50 candidates=0 corpus=550 coverage=12847 exec total=48282 (334/min) pending=0 reproducing=0 
2026/07/29 21:00:00 candidates=0 corpus=550 coverage=12847 exec total=48304 (334/min) pending=0 reproducing=0 
2026/07/29 21:00:10 candidates=0 corpus=550 coverage=12847 exec total=48332 (334/min) pending=0 reproducing=0 
2026/07/29 21:00:20 candidates=0 corpus=550 coverage=12847 exec total=48431 (334/min) pending=0 reproducing=0 
2026/07/29 21:00:30 candidates=0 corpus=550 coverage=12847 exec total=48480 (334/min) pending=0 reproducing=0 
2026/07/29 21:00:40 candidates=0 corpus=550 coverage=12847 exec total=48488 (333/min) pending=0 reproducing=0 
2026/07/29 21:00:50 candidates=0 corpus=550 coverage=12847 exec total=48495 (333/min) pending=0 reproducing=0 
2026/07/29 21:01:00 candidates=0 corpus=550 coverage=12847 exec total=48504 (333/min) pending=0 reproducing=0 
2026/07/29 21:01:10 candidates=0 corpus=551 coverage=12847 exec total=48525 (333/min) pending=0 reproducing=0 
2026/07/29 21:01:20 candidates=0 corpus=551 coverage=12847 exec total=48544 (332/min) pending=0 reproducing=0 
2026/07/29 21:01:30 candidates=0 corpus=551 coverage=12847 exec total=48571 (332/min) pending=0 reproducing=0 
2026/07/29 21:01:40 candidates=0 corpus=551 coverage=12847 exec total=48593 (332/min) pending=0 reproducing=0 
2026/07/29 21:01:50 candidates=0 corpus=551 coverage=12847 exec total=48670 (332/min) pending=0 reproducing=0 
2026/07/29 21:02:00 candidates=0 corpus=551 coverage=12847 exec total=48700 (332/min) pending=0 reproducing=0 
2026/07/29 21:02:10 candidates=0 corpus=551 coverage=12847 exec total=48754 (332/min) pending=0 reproducing=0 
2026/07/29 21:02:20 candidates=0 corpus=552 coverage=12852 exec total=48806 (332/min) pending=0 reproducing=0 
2026/07/29 21:02:30 candidates=0 corpus=552 coverage=12852 exec total=48818 (332/min) pending=0 reproducing=0 
2026/07/29 21:02:40 candidates=0 corpus=552 coverage=12852 exec total=48838 (331/min) pending=0 reproducing=0 
2026/07/29 21:02:50 candidates=0 corpus=552 coverage=12852 exec total=48866 (331/min) pending=0 reproducing=0 
2026/07/29 21:03:00 candidates=0 corpus=552 coverage=12852 exec total=48883 (331/min) pending=0 reproducing=0 
2026/07/29 21:03:10 candidates=0 corpus=552 coverage=12852 exec total=48937 (331/min) pending=0 reproducing=0 
2026/07/29 21:03:20 candidates=0 corpus=552 coverage=12852 exec total=48951 (331/min) pending=0 reproducing=0 
2026/07/29 21:03:30 candidates=0 corpus=552 coverage=12852 exec total=48962 (330/min) pending=0 reproducing=0 
2026/07/29 21:03:40 candidates=0 corpus=552 coverage=12852 exec total=48967 (330/min) pending=0 reproducing=0 
2026/07/29 21:03:50 candidates=0 corpus=552 coverage=12852 exec total=48969 (330/min) pending=0 reproducing=0 
2026/07/29 21:04:00 candidates=0 corpus=552 coverage=12852 exec total=48997 (329/min) pending=0 reproducing=0 
2026/07/29 21:04:10 candidates=0 corpus=552 coverage=12852 exec total=49010 (329/min) pending=0 reproducing=0 
2026/07/29 21:04:20 candidates=0 corpus=552 coverage=12852 exec total=49040 (329/min) pending=0 reproducing=0 
2026/07/29 21:04:30 candidates=0 corpus=552 coverage=12852 exec total=49054 (329/min) pending=0 reproducing=0 
2026/07/29 21:04:40 candidates=0 corpus=552 coverage=12852 exec total=49065 (328/min) pending=0 reproducing=0 
2026/07/29 21:04:50 candidates=0 corpus=552 coverage=12852 exec total=49109 (328/min) pending=0 reproducing=0 
2026/07/29 21:05:00 candidates=0 corpus=552 coverage=12852 exec total=49128 (328/min) pending=0 reproducing=0 
2026/07/29 21:05:10 candidates=0 corpus=552 coverage=12852 exec total=49175 (328/min) pending=0 reproducing=0 
2026/07/29 21:05:20 candidates=0 corpus=552 coverage=12852 exec total=49190 (328/min) pending=0 reproducing=0 
2026/07/29 21:05:30 candidates=0 corpus=552 coverage=12852 exec total=49255 (328/min) pending=0 reproducing=0 
2026/07/29 21:05:40 candidates=0 corpus=552 coverage=12852 exec total=49319 (328/min) pending=0 reproducing=0 
2026/07/29 21:05:50 candidates=0 corpus=552 coverage=12852 exec total=49361 (328/min) pending=0 reproducing=0 
2026/07/29 21:06:00 candidates=0 corpus=552 coverage=12852 exec total=49415 (328/min) pending=0 reproducing=0 
2026/07/29 21:06:10 candidates=0 corpus=552 coverage=12852 exec total=49452 (328/min) pending=0 reproducing=0 
2026/07/29 21:06:20 candidates=0 corpus=552 coverage=12852 exec total=49472 (327/min) pending=0 reproducing=0 
2026/07/29 21:06:30 candidates=0 corpus=552 coverage=12852 exec total=49507 (327/min) pending=0 reproducing=0 
2026/07/29 21:06:40 candidates=0 corpus=552 coverage=12852 exec total=49582 (327/min) pending=0 reproducing=0 
2026/07/29 21:06:50 candidates=0 corpus=552 coverage=12852 exec total=49671 (328/min) pending=0 reproducing=0 
2026/07/29 21:07:00 candidates=0 corpus=553 coverage=12853 exec total=49738 (328/min) pending=0 reproducing=0 
2026/07/29 21:07:10 candidates=0 corpus=553 coverage=12853 exec total=49748 (327/min) pending=0 reproducing=0 
2026/07/29 21:07:20 candidates=0 corpus=554 coverage=12855 exec total=49802 (327/min) pending=0 reproducing=0 
2026/07/29 21:07:30 candidates=0 corpus=554 coverage=12855 exec total=49895 (328/min) pending=0 reproducing=0 
2026/07/29 21:07:40 candidates=0 corpus=554 coverage=12855 exec total=49931 (328/min) pending=0 reproducing=0 
2026/07/29 21:07:50 candidates=0 corpus=554 coverage=12855 exec total=49949 (327/min) pending=0 reproducing=0 
2026/07/29 21:08:00 candidates=0 corpus=554 coverage=12855 exec total=50040 (328/min) pending=0 reproducing=0 
2026/07/29 21:08:10 candidates=0 corpus=554 coverage=12855 exec total=50049 (327/min) pending=0 reproducing=0 
2026/07/29 21:08:20 candidates=0 corpus=554 coverage=12855 exec total=50086 (327/min) pending=0 reproducing=0 
2026/07/29 21:08:30 candidates=0 corpus=554 coverage=12855 exec total=50122 (327/min) pending=0 reproducing=0 
2026/07/29 21:08:40 candidates=0 corpus=554 coverage=12855 exec total=50152 (327/min) pending=0 reproducing=0 
2026/07/29 21:08:50 candidates=0 corpus=554 coverage=12855 exec total=50162 (327/min) pending=0 reproducing=0 
2026/07/29 21:09:00 candidates=0 corpus=554 coverage=12855 exec total=50170 (326/min) pending=0 reproducing=0 
2026/07/29 21:09:10 candidates=0 corpus=554 coverage=12855 exec total=50206 (326/min) pending=0 reproducing=0 
2026/07/29 21:09:20 candidates=0 corpus=554 coverage=12855 exec total=50224 (326/min) pending=0 reproducing=0 
2026/07/29 21:09:30 candidates=0 corpus=554 coverage=12855 exec total=50254 (326/min) pending=0 reproducing=0 
2026/07/29 21:09:40 candidates=0 corpus=554 coverage=12855 exec total=50291 (326/min) pending=0 reproducing=0 
2026/07/29 21:09:50 candidates=0 corpus=554 coverage=12855 exec total=50354 (326/min) pending=0 reproducing=0 
2026/07/29 21:10:00 candidates=0 corpus=554 coverage=12855 exec total=50370 (325/min) pending=0 reproducing=0 
2026/07/29 21:10:10 candidates=0 corpus=555 coverage=12856 exec total=50417 (325/min) pending=0 reproducing=0 
2026/07/29 21:10:20 candidates=0 corpus=556 coverage=12858 exec total=50507 (326/min) pending=0 reproducing=0 
2026/07/29 21:10:30 candidates=0 corpus=556 coverage=12858 exec total=50535 (325/min) pending=0 reproducing=0 
2026/07/29 21:10:40 candidates=0 corpus=556 coverage=12858 exec total=50588 (325/min) pending=0 reproducing=0 
2026/07/29 21:10:50 candidates=0 corpus=556 coverage=12858 exec total=50641 (325/min) pending=0 reproducing=0 
2026/07/29 21:11:00 candidates=0 corpus=557 coverage=12858 exec total=50721 (326/min) pending=0 reproducing=0 
2026/07/29 21:11:10 candidates=0 corpus=557 coverage=12858 exec total=50731 (325/min) pending=0 reproducing=0 
2026/07/29 21:11:20 candidates=0 corpus=557 coverage=12858 exec total=50772 (325/min) pending=0 reproducing=0 
2026/07/29 21:11:30 candidates=0 corpus=557 coverage=12858 exec total=50777 (325/min) pending=0 reproducing=0 
2026/07/29 21:11:40 candidates=0 corpus=557 coverage=12858 exec total=50794 (325/min) pending=0 reproducing=0 
2026/07/29 21:11:50 candidates=0 corpus=557 coverage=12858 exec total=50800 (324/min) pending=0 reproducing=0 
2026/07/29 21:12:00 candidates=0 corpus=557 coverage=12858 exec total=50822 (324/min) pending=0 reproducing=0 
2026/07/29 21:12:10 candidates=0 corpus=557 coverage=12858 exec total=50847 (324/min) pending=0 reproducing=0 
2026/07/29 21:12:20 candidates=0 corpus=557 coverage=12858 exec total=50894 (324/min) pending=0 reproducing=0 
2026/07/29 21:12:30 candidates=0 corpus=557 coverage=12858 exec total=50901 (324/min) pending=0 reproducing=0 
2026/07/29 21:12:40 candidates=0 corpus=557 coverage=12858 exec total=50933 (324/min) pending=0 reproducing=0 
2026/07/29 21:12:50 candidates=0 corpus=557 coverage=12858 exec total=50990 (324/min) pending=0 reproducing=0 
2026/07/29 21:13:00 candidates=0 corpus=557 coverage=12858 exec total=51005 (323/min) pending=0 reproducing=0 
2026/07/29 21:13:10 candidates=0 corpus=557 coverage=12858 exec total=51032 (323/min) pending=0 reproducing=0 
2026/07/29 21:13:20 candidates=0 corpus=557 coverage=12858 exec total=51058 (323/min) pending=0 reproducing=0 
2026/07/29 21:13:30 candidates=0 corpus=557 coverage=12858 exec total=51070 (323/min) pending=0 reproducing=0 
2026/07/29 21:13:40 candidates=0 corpus=557 coverage=12858 exec total=51100 (323/min) pending=0 reproducing=0 
2026/07/29 21:13:50 candidates=0 corpus=557 coverage=12858 exec total=51109 (322/min) pending=0 reproducing=0 
2026/07/29 21:14:00 candidates=0 corpus=557 coverage=12858 exec total=51183 (322/min) pending=0 reproducing=0 
2026/07/29 21:14:10 candidates=0 corpus=557 coverage=12858 exec total=51206 (322/min) pending=0 reproducing=0 
2026/07/29 21:14:20 candidates=0 corpus=557 coverage=12858 exec total=51212 (322/min) pending=0 reproducing=0 
2026/07/29 21:14:30 candidates=0 corpus=557 coverage=12858 exec total=51215 (322/min) pending=0 reproducing=0 
2026/07/29 21:14:40 candidates=0 corpus=557 coverage=12858 exec total=51223 (321/min) pending=0 reproducing=0 
2026/07/29 21:14:50 candidates=0 corpus=557 coverage=12858 exec total=51228 (321/min) pending=0 reproducing=0 
2026/07/29 21:15:00 candidates=0 corpus=557 coverage=12858 exec total=51270 (321/min) pending=0 reproducing=0 
2026/07/29 21:15:10 candidates=0 corpus=557 coverage=12858 exec total=51313 (321/min) pending=0 reproducing=0 
2026/07/29 21:15:20 candidates=0 corpus=557 coverage=12858 exec total=51361 (321/min) pending=0 reproducing=0 
2026/07/29 21:15:30 candidates=0 corpus=557 coverage=12858 exec total=51388 (321/min) pending=0 reproducing=0 
2026/07/29 21:15:40 candidates=0 corpus=557 coverage=12858 exec total=51466 (321/min) pending=0 reproducing=0 
2026/07/29 21:15:50 candidates=0 corpus=557 coverage=12858 exec total=51516 (321/min) pending=0 reproducing=0 
2026/07/29 21:16:00 candidates=0 corpus=557 coverage=12858 exec total=51537 (321/min) pending=0 reproducing=0 
2026/07/29 21:16:10 candidates=0 corpus=557 coverage=12858 exec total=51563 (320/min) pending=0 reproducing=0 
2026/07/29 21:16:20 candidates=0 corpus=557 coverage=12858 exec total=51578 (320/min) pending=0 reproducing=0 
2026/07/29 21:16:30 candidates=0 corpus=557 coverage=12858 exec total=51600 (320/min) pending=0 reproducing=0 
2026/07/29 21:16:40 candidates=0 corpus=557 coverage=12858 exec total=51640 (320/min) pending=0 reproducing=0 
2026/07/29 21:16:50 candidates=0 corpus=557 coverage=12858 exec total=51672 (320/min) pending=0 reproducing=0 
2026/07/29 21:17:00 candidates=0 corpus=557 coverage=12858 exec total=51724 (320/min) pending=0 reproducing=0 
2026/07/29 21:17:10 candidates=0 corpus=557 coverage=12858 exec total=51744 (320/min) pending=0 reproducing=0 
2026/07/29 21:17:20 candidates=0 corpus=557 coverage=12858 exec total=51761 (319/min) pending=0 reproducing=0 
2026/07/29 21:17:30 candidates=0 corpus=557 coverage=12858 exec total=51854 (320/min) pending=0 reproducing=0 
2026/07/29 21:17:40 candidates=0 corpus=557 coverage=12858 exec total=51861 (319/min) pending=0 reproducing=0 
2026/07/29 21:17:50 candidates=0 corpus=557 coverage=12858 exec total=51880 (319/min) pending=0 reproducing=0 
2026/07/29 21:18:00 candidates=0 corpus=557 coverage=12858 exec total=51953 (319/min) pending=0 reproducing=0 
2026/07/29 21:18:10 candidates=0 corpus=557 coverage=12858 exec total=51975 (319/min) pending=0 reproducing=0 
2026/07/29 21:18:20 candidates=0 corpus=557 coverage=12858 exec total=52016 (319/min) pending=0 reproducing=0 
2026/07/29 21:18:30 candidates=0 corpus=557 coverage=12858 exec total=52030 (319/min) pending=0 reproducing=0 
2026/07/29 21:18:40 candidates=0 corpus=557 coverage=12858 exec total=52081 (319/min) pending=0 reproducing=0 
2026/07/29 21:18:50 candidates=0 corpus=557 coverage=12858 exec total=52090 (318/min) pending=0 reproducing=0 
2026/07/29 21:19:00 candidates=0 corpus=557 coverage=12858 exec total=52125 (318/min) pending=0 reproducing=0 
2026/07/29 21:19:10 candidates=0 corpus=557 coverage=12858 exec total=52151 (318/min) pending=0 reproducing=0 
2026/07/29 21:19:20 candidates=0 corpus=557 coverage=12858 exec total=52176 (318/min) pending=0 reproducing=0 
2026/07/29 21:19:30 candidates=0 corpus=557 coverage=12858 exec total=52230 (318/min) pending=0 reproducing=0 
2026/07/29 21:19:40 candidates=0 corpus=557 coverage=12858 exec total=52289 (318/min) pending=0 reproducing=0 
2026/07/29 21:19:50 candidates=0 corpus=557 coverage=12858 exec total=52312 (318/min) pending=0 reproducing=0 
2026/07/29 21:20:00 candidates=0 corpus=557 coverage=12858 exec total=52341 (318/min) pending=0 reproducing=0 
2026/07/29 21:20:10 candidates=0 corpus=557 coverage=12858 exec total=52383 (318/min) pending=0 reproducing=0 
2026/07/29 21:20:20 candidates=0 corpus=557 coverage=12858 exec total=52470 (318/min) pending=0 reproducing=0 
2026/07/29 21:20:30 candidates=0 corpus=557 coverage=12858 exec total=52499 (318/min) pending=0 reproducing=0 
2026/07/29 21:20:40 candidates=0 corpus=558 coverage=12858 exec total=52532 (318/min) pending=0 reproducing=0 
2026/07/29 21:20:50 candidates=0 corpus=558 coverage=12858 exec total=52574 (317/min) pending=0 reproducing=0 
2026/07/29 21:21:00 candidates=0 corpus=558 coverage=12858 exec total=52594 (317/min) pending=0 reproducing=0 
2026/07/29 21:21:10 candidates=0 corpus=558 coverage=12858 exec total=52665 (317/min) pending=0 reproducing=0 
2026/07/29 21:21:20 candidates=0 corpus=558 coverage=12858 exec total=52717 (317/min) pending=0 reproducing=0 
2026/07/29 21:21:30 candidates=0 corpus=558 coverage=12858 exec total=52793 (317/min) pending=0 reproducing=0 
2026/07/29 21:21:40 candidates=0 corpus=558 coverage=12858 exec total=52811 (317/min) pending=0 reproducing=0 
2026/07/29 21:21:50 candidates=0 corpus=558 coverage=12858 exec total=52830 (317/min) pending=0 reproducing=0 
2026/07/29 21:22:00 candidates=0 corpus=558 coverage=12858 exec total=52852 (317/min) pending=0 reproducing=0 
2026/07/29 21:22:10 candidates=0 corpus=558 coverage=12858 exec total=52911 (317/min) pending=0 reproducing=0 
2026/07/29 21:22:20 candidates=0 corpus=558 coverage=12858 exec total=52968 (317/min) pending=0 reproducing=0 
2026/07/29 21:22:30 candidates=0 corpus=558 coverage=12858 exec total=52999 (317/min) pending=0 reproducing=0 
2026/07/29 21:22:40 candidates=0 corpus=558 coverage=12858 exec total=53019 (317/min) pending=0 reproducing=0 
2026/07/29 21:22:50 candidates=0 corpus=558 coverage=12858 exec total=53062 (317/min) pending=0 reproducing=0 
2026/07/29 21:23:00 candidates=0 corpus=558 coverage=12858 exec total=53067 (316/min) pending=0 reproducing=0 
2026/07/29 21:23:10 candidates=0 corpus=558 coverage=12858 exec total=53074 (316/min) pending=0 reproducing=0 
2026/07/29 21:23:20 candidates=0 corpus=558 coverage=12858 exec total=53082 (316/min) pending=0 reproducing=0 
2026/07/29 21:23:30 candidates=0 corpus=558 coverage=12858 exec total=53086 (315/min) pending=0 reproducing=0 
2026/07/29 21:23:40 candidates=0 corpus=558 coverage=12858 exec total=53105 (315/min) pending=0 reproducing=0 
2026/07/29 21:23:50 candidates=0 corpus=558 coverage=12858 exec total=53145 (315/min) pending=0 reproducing=0 
2026/07/29 21:24:00 candidates=0 corpus=558 coverage=12858 exec total=53163 (315/min) pending=0 reproducing=0 
2026/07/29 21:24:10 candidates=0 corpus=558 coverage=12858 exec total=53192 (315/min) pending=0 reproducing=0 
2026/07/29 21:24:20 candidates=0 corpus=558 coverage=12858 exec total=53211 (315/min) pending=0 reproducing=0 
2026/07/29 21:24:30 candidates=0 corpus=558 coverage=12858 exec total=53290 (315/min) pending=0 reproducing=0 
2026/07/29 21:24:40 candidates=0 corpus=559 coverage=12859 exec total=53413 (315/min) pending=0 reproducing=0 
2026/07/29 21:24:50 candidates=0 corpus=559 coverage=12859 exec total=53487 (315/min) pending=0 reproducing=0 
2026/07/29 21:25:00 candidates=0 corpus=559 coverage=12859 exec total=53508 (315/min) pending=0 reproducing=0 
2026/07/29 21:25:10 candidates=0 corpus=561 coverage=12911 exec total=53615 (315/min) pending=0 reproducing=0 
2026/07/29 21:25:20 candidates=0 corpus=561 coverage=12911 exec total=53640 (315/min) pending=0 reproducing=0 
2026/07/29 21:25:30 candidates=0 corpus=563 coverage=12911 exec total=53757 (316/min) pending=0 reproducing=0 
2026/07/29 21:25:40 candidates=0 corpus=563 coverage=12911 exec total=53838 (316/min) pending=0 reproducing=0 
2026/07/29 21:25:50 candidates=0 corpus=563 coverage=12911 exec total=53869 (316/min) pending=0 reproducing=0 
2026/07/29 21:26:00 candidates=0 corpus=563 coverage=12911 exec total=53898 (316/min) pending=0 reproducing=0 
2026/07/29 21:26:10 candidates=0 corpus=563 coverage=12911 exec total=53923 (315/min) pending=0 reproducing=0 
2026/07/29 21:26:20 candidates=0 corpus=563 coverage=12911 exec total=53938 (315/min) pending=0 reproducing=0 
2026/07/29 21:26:30 candidates=0 corpus=563 coverage=12911 exec total=53960 (315/min) pending=0 reproducing=0 
2026/07/29 21:26:40 candidates=0 corpus=563 coverage=12911 exec total=53999 (315/min) pending=0 reproducing=0 
2026/07/29 21:26:50 candidates=0 corpus=563 coverage=12911 exec total=54088 (315/min) pending=0 reproducing=0 
2026/07/29 21:27:00 candidates=0 corpus=563 coverage=12911 exec total=54102 (315/min) pending=0 reproducing=0 
2026/07/29 21:27:10 candidates=0 corpus=564 coverage=12914 exec total=54226 (315/min) pending=0 reproducing=0 
2026/07/29 21:27:20 candidates=0 corpus=564 coverage=12914 exec total=54254 (315/min) pending=0 reproducing=0 
2026/07/29 21:27:30 candidates=0 corpus=564 coverage=12914 exec total=54277 (315/min) pending=0 reproducing=0 
2026/07/29 21:27:40 candidates=0 corpus=565 coverage=12915 exec total=54327 (315/min) pending=0 reproducing=0 
2026/07/29 21:27:50 candidates=0 corpus=565 coverage=12915 exec total=54361 (315/min) pending=0 reproducing=0 
2026/07/29 21:28:00 candidates=0 corpus=565 coverage=12915 exec total=54388 (315/min) pending=0 reproducing=0 
2026/07/29 21:28:10 candidates=0 corpus=565 coverage=12915 exec total=54413 (315/min) pending=0 reproducing=0 
2026/07/29 21:28:20 candidates=0 corpus=566 coverage=12918 exec total=54444 (314/min) pending=0 reproducing=0 
2026/07/29 21:28:30 candidates=0 corpus=566 coverage=12918 exec total=54458 (314/min) pending=0 reproducing=0 
2026/07/29 21:28:40 candidates=0 corpus=566 coverage=12918 exec total=54556 (315/min) pending=0 reproducing=0 
2026/07/29 21:28:50 candidates=0 corpus=566 coverage=12918 exec total=54583 (314/min) pending=0 reproducing=0 
2026/07/29 21:29:00 candidates=0 corpus=567 coverage=12920 exec total=54654 (314/min) pending=0 reproducing=0 
2026/07/29 21:29:10 candidates=0 corpus=568 coverage=12921 exec total=54720 (315/min) pending=0 reproducing=0 
2026/07/29 21:29:20 candidates=0 corpus=568 coverage=12921 exec total=54737 (314/min) pending=0 reproducing=0 
2026/07/29 21:29:30 candidates=0 corpus=568 coverage=12921 exec total=54775 (314/min) pending=0 reproducing=0 
2026/07/29 21:29:40 candidates=0 corpus=568 coverage=12921 exec total=54852 (314/min) pending=0 reproducing=0 
2026/07/29 21:29:50 candidates=0 corpus=569 coverage=12922 exec total=54925 (315/min) pending=0 reproducing=0 
2026/07/29 21:30:00 candidates=0 corpus=569 coverage=12922 exec total=55010 (315/min) pending=0 reproducing=0 
2026/07/29 21:30:10 candidates=0 corpus=569 coverage=12922 exec total=55060 (315/min) pending=0 reproducing=0 
2026/07/29 21:30:20 candidates=0 corpus=570 coverage=12923 exec total=55087 (315/min) pending=0 reproducing=0 
2026/07/29 21:30:30 candidates=0 corpus=570 coverage=12923 exec total=55107 (314/min) pending=0 reproducing=0 
2026/07/29 21:30:40 candidates=0 corpus=572 coverage=12927 exec total=55152 (314/min) pending=0 reproducing=0 
2026/07/29 21:30:50 candidates=0 corpus=572 coverage=12927 exec total=55168 (314/min) pending=0 reproducing=0 
2026/07/29 21:31:00 candidates=0 corpus=572 coverage=12927 exec total=55174 (314/min) pending=0 reproducing=0 
2026/07/29 21:31:10 candidates=0 corpus=572 coverage=12927 exec total=55180 (314/min) pending=0 reproducing=0 
2026/07/29 21:31:20 candidates=0 corpus=572 coverage=12927 exec total=55202 (313/min) pending=0 reproducing=0 
2026/07/29 21:31:30 candidates=0 corpus=572 coverage=12927 exec total=55218 (313/min) pending=0 reproducing=0 
2026/07/29 21:31:40 candidates=0 corpus=572 coverage=12927 exec total=55267 (313/min) pending=0 reproducing=0 
2026/07/29 21:31:50 candidates=0 corpus=572 coverage=12927 exec total=55294 (313/min) pending=0 reproducing=0 
2026/07/29 21:32:00 candidates=0 corpus=572 coverage=12927 exec total=55323 (313/min) pending=0 reproducing=0 
2026/07/29 21:32:10 candidates=0 corpus=572 coverage=12927 exec total=55352 (313/min) pending=0 reproducing=0 
2026/07/29 21:32:20 candidates=0 corpus=572 coverage=12927 exec total=55362 (313/min) pending=0 reproducing=0 
2026/07/29 21:32:30 candidates=0 corpus=572 coverage=12927 exec total=55383 (312/min) pending=0 reproducing=0 
2026/07/29 21:32:40 candidates=0 corpus=572 coverage=12927 exec total=55420 (312/min) pending=0 reproducing=0 
2026/07/29 21:32:50 candidates=0 corpus=572 coverage=12927 exec total=55427 (312/min) pending=0 reproducing=0 
2026/07/29 21:33:00 candidates=0 corpus=572 coverage=12927 exec total=55477 (312/min) pending=0 reproducing=0 
2026/07/29 21:33:10 candidates=0 corpus=572 coverage=12927 exec total=55502 (312/min) pending=0 reproducing=0 
2026/07/29 21:33:20 candidates=0 corpus=572 coverage=12927 exec total=55516 (312/min) pending=0 reproducing=0 
2026/07/29 21:33:30 candidates=0 corpus=572 coverage=12927 exec total=55534 (311/min) pending=0 reproducing=0 
2026/07/29 21:33:40 candidates=0 corpus=572 coverage=12927 exec total=55561 (311/min) pending=0 reproducing=0 
2026/07/29 21:33:50 candidates=0 corpus=572 coverage=12927 exec total=55633 (311/min) pending=0 reproducing=0 
2026/07/29 21:34:00 candidates=0 corpus=572 coverage=12927 exec total=55726 (312/min) pending=0 reproducing=0 
2026/07/29 21:34:10 candidates=0 corpus=572 coverage=12927 exec total=55750 (312/min) pending=0 reproducing=0 
2026/07/29 21:34:20 candidates=0 corpus=572 coverage=12927 exec total=55814 (312/min) pending=0 reproducing=0 
2026/07/29 21:34:30 candidates=0 corpus=572 coverage=12927 exec total=55853 (311/min) pending=0 reproducing=0 
2026/07/29 21:34:40 candidates=0 corpus=572 coverage=12927 exec total=55912 (312/min) pending=0 reproducing=0 
2026/07/29 21:34:50 candidates=0 corpus=572 coverage=12927 exec total=55973 (312/min) pending=0 reproducing=0 
2026/07/29 21:35:00 candidates=0 corpus=572 coverage=12927 exec total=56029 (312/min) pending=0 reproducing=0 
2026/07/29 21:35:10 candidates=0 corpus=572 coverage=12927 exec total=56067 (312/min) pending=0 reproducing=0 
2026/07/29 21:35:20 candidates=0 corpus=572 coverage=12927 exec total=56122 (312/min) pending=0 reproducing=0 
2026/07/29 21:35:30 candidates=0 corpus=572 coverage=12927 exec total=56181 (312/min) pending=0 reproducing=0 
2026/07/29 21:35:40 candidates=0 corpus=572 coverage=12927 exec total=56222 (312/min) pending=0 reproducing=0 
2026/07/29 21:35:42 VM 0: running for 3h0m0.000667137s, restarting
2026/07/29 21:35:44 VM 1: running for 3h0m0.000607192s, restarting
2026/07/29 21:35:50 candidates=0 corpus=572 coverage=12927 exec total=56222 (311/min) pending=0 reproducing=0 
2026/07/29 21:35:58 [ERROR] kernel build has changed; instance module gpu_sched differs from canonical
2026/07/29 21:35:58 [ERROR] kernel build has changed; instance module drm_buddy differs from canonical
2026/07/29 21:35:58 [ERROR] kernel build has changed; instance module amdxcp differs from canonical
2026/07/29 21:35:58 [ERROR] kernel build has changed; instance module drm_suballoc_helper differs from canonical
2026/07/29 21:35:58 [ERROR] kernel build has changed; instance module drm_exec differs from canonical
2026/07/29 21:35:58 [ERROR] kernel build has changed; instance module video differs from canonical
2026/07/29 21:35:58 [ERROR] kernel build has changed; instance module ttm differs from canonical
2026/07/29 21:35:58 [ERROR] kernel build has changed; instance module drm_ttm_helper differs from canonical
2026/07/29 21:35:58 [ERROR] kernel build has changed; instance module i2c_algo_bit differs from canonical
2026/07/29 21:35:58 [ERROR] kernel build has changed; instance module amdgpu differs from canonical
2026/07/29 21:35:58 [ERROR] kernel build has changed; instance module i2c_phytium_core differs from canonical
2026/07/29 21:35:58 [ERROR] kernel build has changed; instance module xhci_pci_renesas differs from canonical
2026/07/29 21:35:58 [ERROR] kernel build has changed; instance module snd_hda_codec_hdmi differs from canonical
2026/07/29 21:35:58 [ERROR] kernel build has changed; instance module i2c_phytium_platform differs from canonical
2026/07/29 21:35:58 [ERROR] kernel build has changed; instance module xhci_pci differs from canonical
2026/07/29 21:35:58 [ERROR] kernel build has changed; instance module snd_intel_dspcfg differs from canonical
2026/07/29 21:35:58 [ERROR] kernel build has changed; instance module snd_hda_intel differs from canonical
2026/07/29 21:35:58 [ERROR] kernel build has changed; instance module overlay differs from canonical
2026/07/29 21:35:58 [ERROR] kernel build has changed; instance module xfrm_algo differs from canonical
2026/07/29 21:35:58 [ERROR] kernel build has changed; instance module xt_addrtype differs from canonical
2026/07/29 21:35:58 [ERROR] kernel build has changed; instance module br_netfilter differs from canonical
2026/07/29 21:35:58 [ERROR] kernel build has changed; instance module xfrm_user differs from canonical
2026/07/29 21:35:58 [ERROR] kernel build has changed; instance module nfnetlink differs from canonical
2026/07/29 21:35:58 [ERROR] kernel build has changed; instance module nf_conntrack_netlink differs from canonical
2026/07/29 21:35:58 [ERROR] kernel build has changed; instance module xt_MASQUERADE differs from canonical
2026/07/29 21:35:58 [ERROR] kernel build has changed; instance module xt_conntrack differs from canonical
2026/07/29 21:35:58 [ERROR] kernel build has changed; instance module cfg80211 differs from canonical
2026/07/29 21:35:58 [ERROR] kernel build has changed; instance module xt_tcpudp differs from canonical
2026/07/29 21:36:00 candidates=0 corpus=572 coverage=12927 exec total=56230 (311/min) pending=0 reproducing=0 
2026/07/29 21:36:10 candidates=0 corpus=572 coverage=12927 exec total=56232 (311/min) pending=0 reproducing=0 
2026/07/29 21:36:20 candidates=0 corpus=572 coverage=12927 exec total=56246 (311/min) pending=0 reproducing=0 
2026/07/29 21:36:30 candidates=0 corpus=572 coverage=12927 exec total=56295 (310/min) pending=0 reproducing=0 
2026/07/29 21:36:40 candidates=0 corpus=572 coverage=12927 exec total=56339 (310/min) pending=0 reproducing=0 
2026/07/29 21:36:50 candidates=0 corpus=572 coverage=12927 exec total=56356 (310/min) pending=0 reproducing=0 
2026/07/29 21:37:00 candidates=0 corpus=572 coverage=12927 exec total=56370 (310/min) pending=0 reproducing=0 
2026/07/29 21:37:10 candidates=0 corpus=572 coverage=12927 exec total=56396 (310/min) pending=0 reproducing=0 
2026/07/29 21:37:20 candidates=0 corpus=573 coverage=12927 exec total=56434 (310/min) pending=0 reproducing=0 
2026/07/29 21:37:30 candidates=0 corpus=573 coverage=12927 exec total=56474 (310/min) pending=0 reproducing=0 
2026/07/29 21:37:40 candidates=0 corpus=573 coverage=12927 exec total=56486 (310/min) pending=0 reproducing=0 
2026/07/29 21:37:50 candidates=0 corpus=571 coverage=12927 exec total=56510 (309/min) pending=0 reproducing=0 
2026/07/29 21:38:00 candidates=0 corpus=571 coverage=12927 exec total=56557 (309/min) pending=0 reproducing=0 
2026/07/29 21:38:10 candidates=0 corpus=571 coverage=12927 exec total=56575 (309/min) pending=0 reproducing=0 
2026/07/29 21:38:20 candidates=0 corpus=571 coverage=12927 exec total=56610 (309/min) pending=0 reproducing=0 
2026/07/29 21:38:30 candidates=0 corpus=571 coverage=12927 exec total=56624 (309/min) pending=0 reproducing=0 
2026/07/29 21:38:40 candidates=0 corpus=571 coverage=12927 exec total=56694 (309/min) pending=0 reproducing=0 
2026/07/29 21:38:50 candidates=0 corpus=571 coverage=12927 exec total=56718 (309/min) pending=0 reproducing=0 
2026/07/29 21:39:00 candidates=0 corpus=571 coverage=12927 exec total=56725 (309/min) pending=0 reproducing=0 
2026/07/29 21:39:10 candidates=0 corpus=571 coverage=12927 exec total=56791 (309/min) pending=0 reproducing=0 
2026/07/29 21:39:20 candidates=0 corpus=571 coverage=12927 exec total=56853 (309/min) pending=0 reproducing=0 
2026/07/29 21:39:30 candidates=0 corpus=571 coverage=12927 exec total=56887 (309/min) pending=0 reproducing=0 
2026/07/29 21:39:40 candidates=0 corpus=572 coverage=12935 exec total=56932 (309/min) pending=0 reproducing=0 
2026/07/29 21:39:50 candidates=0 corpus=573 coverage=12953 exec total=56961 (308/min) pending=0 reproducing=0 
2026/07/29 21:40:00 candidates=0 corpus=573 coverage=12953 exec total=56979 (308/min) pending=0 reproducing=0 
2026/07/29 21:40:10 candidates=0 corpus=573 coverage=12953 exec total=57043 (308/min) pending=0 reproducing=0 
2026/07/29 21:40:20 candidates=0 corpus=573 coverage=12953 exec total=57079 (308/min) pending=0 reproducing=0 
2026/07/29 21:40:30 candidates=0 corpus=574 coverage=12953 exec total=57128 (308/min) pending=0 reproducing=0 
2026/07/29 21:40:40 candidates=0 corpus=575 coverage=12953 exec total=57151 (308/min) pending=0 reproducing=0 
2026/07/29 21:40:50 candidates=0 corpus=575 coverage=12953 exec total=57175 (308/min) pending=0 reproducing=0 
2026/07/29 21:41:00 candidates=0 corpus=575 coverage=12953 exec total=57238 (308/min) pending=0 reproducing=0 
2026/07/29 21:41:10 candidates=0 corpus=575 coverage=12953 exec total=57281 (308/min) pending=0 reproducing=0 
2026/07/29 21:41:20 candidates=0 corpus=575 coverage=12953 exec total=57319 (308/min) pending=0 reproducing=0 
2026/07/29 21:41:30 candidates=0 corpus=575 coverage=12953 exec total=57385 (308/min) pending=0 reproducing=0 
2026/07/29 21:41:40 candidates=0 corpus=575 coverage=12953 exec total=57431 (308/min) pending=0 reproducing=0 
2026/07/29 21:41:50 candidates=0 corpus=575 coverage=12953 exec total=57476 (308/min) pending=0 reproducing=0 
2026/07/29 21:42:00 candidates=0 corpus=575 coverage=12953 exec total=57520 (308/min) pending=0 reproducing=0 
2026/07/29 21:42:10 candidates=0 corpus=575 coverage=12953 exec total=57572 (308/min) pending=0 reproducing=0 
2026/07/29 21:42:20 candidates=0 corpus=575 coverage=12953 exec total=57589 (308/min) pending=0 reproducing=0 
2026/07/29 21:42:30 candidates=0 corpus=575 coverage=12953 exec total=57596 (307/min) pending=0 reproducing=0 
2026/07/29 21:42:40 candidates=0 corpus=575 coverage=12953 exec total=57602 (307/min) pending=0 reproducing=0 
2026/07/29 21:42:50 candidates=0 corpus=575 coverage=12953 exec total=57608 (307/min) pending=0 reproducing=0 
2026/07/29 21:43:00 candidates=0 corpus=575 coverage=12953 exec total=57635 (307/min) pending=0 reproducing=0 
2026/07/29 21:43:10 candidates=0 corpus=575 coverage=12953 exec total=57640 (307/min) pending=0 reproducing=0 
2026/07/29 21:43:20 candidates=0 corpus=575 coverage=12953 exec total=57656 (306/min) pending=0 reproducing=0 
2026/07/29 21:43:30 candidates=0 corpus=575 coverage=12953 exec total=57693 (306/min) pending=0 reproducing=0 
2026/07/29 21:43:40 candidates=0 corpus=575 coverage=12953 exec total=57707 (306/min) pending=0 reproducing=0 
2026/07/29 21:43:50 candidates=0 corpus=575 coverage=12953 exec total=57734 (306/min) pending=0 reproducing=0 
2026/07/29 21:44:00 candidates=0 corpus=575 coverage=12953 exec total=57758 (306/min) pending=0 reproducing=0 
2026/07/29 21:44:10 candidates=0 corpus=575 coverage=12953 exec total=57785 (306/min) pending=0 reproducing=0 
2026/07/29 21:44:20 candidates=0 corpus=575 coverage=12953 exec total=57806 (306/min) pending=0 reproducing=0 
2026/07/29 21:44:30 candidates=0 corpus=575 coverage=12953 exec total=57833 (305/min) pending=0 reproducing=0 
2026/07/29 21:44:40 candidates=0 corpus=575 coverage=12953 exec total=57854 (305/min) pending=0 reproducing=0 
2026/07/29 21:44:50 candidates=0 corpus=575 coverage=12953 exec total=57875 (305/min) pending=0 reproducing=0 
2026/07/29 21:45:00 candidates=0 corpus=575 coverage=12953 exec total=57877 (305/min) pending=0 reproducing=0 
2026/07/29 21:45:10 candidates=0 corpus=575 coverage=12953 exec total=57883 (305/min) pending=0 reproducing=0 
2026/07/29 21:45:20 candidates=0 corpus=575 coverage=12953 exec total=57894 (304/min) pending=0 reproducing=0 
2026/07/29 21:45:30 candidates=0 corpus=575 coverage=12953 exec total=57927 (304/min) pending=0 reproducing=0 
2026/07/29 21:45:40 candidates=0 corpus=575 coverage=12953 exec total=57974 (304/min) pending=0 reproducing=0 
2026/07/29 21:45:50 candidates=0 corpus=575 coverage=12953 exec total=58003 (304/min) pending=0 reproducing=0 
2026/07/29 21:46:00 candidates=0 corpus=575 coverage=12953 exec total=58042 (304/min) pending=0 reproducing=0 
2026/07/29 21:46:10 candidates=0 corpus=575 coverage=12953 exec total=58056 (304/min) pending=0 reproducing=0 
2026/07/29 21:46:20 candidates=0 corpus=575 coverage=12953 exec total=58070 (304/min) pending=0 reproducing=0 
2026/07/29 21:46:30 candidates=0 corpus=575 coverage=12953 exec total=58136 (304/min) pending=0 reproducing=0 
2026/07/29 21:46:40 candidates=0 corpus=575 coverage=12953 exec total=58164 (304/min) pending=0 reproducing=0 
2026/07/29 21:46:50 candidates=0 corpus=576 coverage=12953 exec total=58215 (304/min) pending=0 reproducing=0 
2026/07/29 21:47:00 candidates=0 corpus=576 coverage=12953 exec total=58257 (304/min) pending=0 reproducing=0 
2026/07/29 21:47:10 candidates=0 corpus=576 coverage=12953 exec total=58305 (304/min) pending=0 reproducing=0 
2026/07/29 21:47:20 candidates=0 corpus=576 coverage=12953 exec total=58330 (304/min) pending=0 reproducing=0 
2026/07/29 21:47:30 candidates=0 corpus=576 coverage=12953 exec total=58381 (304/min) pending=0 reproducing=0 
2026/07/29 21:47:40 candidates=0 corpus=576 coverage=12953 exec total=58402 (303/min) pending=0 reproducing=0 
2026/07/29 21:47:50 candidates=0 corpus=576 coverage=12953 exec total=58469 (303/min) pending=0 reproducing=0 
2026/07/29 21:48:00 candidates=0 corpus=576 coverage=12953 exec total=58554 (304/min) pending=0 reproducing=0 
2026/07/29 21:48:10 candidates=0 corpus=576 coverage=12953 exec total=58597 (304/min) pending=0 reproducing=0 
2026/07/29 21:48:20 candidates=0 corpus=576 coverage=12953 exec total=58605 (303/min) pending=0 reproducing=0 
2026/07/29 21:48:30 candidates=0 corpus=576 coverage=12953 exec total=58612 (303/min) pending=0 reproducing=0 
2026/07/29 21:48:40 candidates=0 corpus=576 coverage=12953 exec total=58616 (303/min) pending=0 reproducing=0 
2026/07/29 21:48:50 candidates=0 corpus=576 coverage=12953 exec total=58657 (303/min) pending=0 reproducing=0 
2026/07/29 21:49:00 candidates=0 corpus=576 coverage=12953 exec total=58666 (303/min) pending=0 reproducing=0 
2026/07/29 21:49:10 candidates=0 corpus=576 coverage=12953 exec total=58672 (302/min) pending=0 reproducing=0 
2026/07/29 21:49:20 candidates=0 corpus=576 coverage=12953 exec total=58726 (302/min) pending=0 reproducing=0 
2026/07/29 21:49:30 candidates=0 corpus=577 coverage=12955 exec total=58775 (302/min) pending=0 reproducing=0 
2026/07/29 21:49:40 candidates=0 corpus=577 coverage=12955 exec total=58802 (302/min) pending=0 reproducing=0 
2026/07/29 21:49:50 candidates=0 corpus=577 coverage=12955 exec total=58819 (302/min) pending=0 reproducing=0 
2026/07/29 21:50:00 candidates=0 corpus=577 coverage=12955 exec total=58861 (302/min) pending=0 reproducing=0 
2026/07/29 21:50:10 candidates=0 corpus=577 coverage=12955 exec total=58882 (302/min) pending=0 reproducing=0 
2026/07/29 21:50:20 candidates=0 corpus=577 coverage=12955 exec total=58901 (302/min) pending=0 reproducing=0 
2026/07/29 21:50:30 candidates=0 corpus=577 coverage=12955 exec total=58910 (302/min) pending=0 reproducing=0 
2026/07/29 21:50:40 candidates=0 corpus=577 coverage=12955 exec total=58995 (302/min) pending=0 reproducing=0 
2026/07/29 21:50:50 candidates=0 corpus=577 coverage=12955 exec total=59028 (302/min) pending=0 reproducing=0 
2026/07/29 21:51:00 candidates=0 corpus=577 coverage=12955 exec total=59061 (302/min) pending=0 reproducing=0 
2026/07/29 21:51:10 candidates=0 corpus=577 coverage=12955 exec total=59111 (302/min) pending=0 reproducing=0 
2026/07/29 21:51:20 candidates=0 corpus=578 coverage=12956 exec total=59163 (302/min) pending=0 reproducing=0 
2026/07/29 21:51:30 candidates=0 corpus=579 coverage=12983 exec total=59203 (302/min) pending=0 reproducing=0 
2026/07/29 21:51:40 candidates=0 corpus=579 coverage=12983 exec total=59221 (301/min) pending=0 reproducing=0 
2026/07/29 21:51:50 candidates=0 corpus=579 coverage=12983 exec total=59246 (301/min) pending=0 reproducing=0 
2026/07/29 21:52:00 candidates=0 corpus=579 coverage=12983 exec total=59305 (301/min) pending=0 reproducing=0 
2026/07/29 21:52:10 candidates=0 corpus=579 coverage=12983 exec total=59362 (301/min) pending=0 reproducing=0 
2026/07/29 21:52:20 candidates=0 corpus=580 coverage=12987 exec total=59441 (301/min) pending=0 reproducing=0 
2026/07/29 21:52:30 candidates=0 corpus=581 coverage=12994 exec total=59478 (301/min) pending=0 reproducing=0 
2026/07/29 21:52:40 candidates=0 corpus=581 coverage=12994 exec total=59493 (301/min) pending=0 reproducing=0 
2026/07/29 21:52:50 candidates=0 corpus=581 coverage=12994 exec total=59510 (301/min) pending=0 reproducing=0 
2026/07/29 21:53:00 candidates=0 corpus=581 coverage=12994 exec total=59546 (301/min) pending=0 reproducing=0 
2026/07/29 21:53:10 candidates=0 corpus=581 coverage=12994 exec total=59551 (301/min) pending=0 reproducing=0 
2026/07/29 21:53:20 candidates=0 corpus=581 coverage=12994 exec total=59571 (301/min) pending=0 reproducing=0 
2026/07/29 21:53:30 candidates=0 corpus=581 coverage=12994 exec total=59595 (300/min) pending=0 reproducing=0 
2026/07/29 21:53:40 candidates=0 corpus=581 coverage=12994 exec total=59607 (300/min) pending=0 reproducing=0 
2026/07/29 21:53:50 candidates=0 corpus=582 coverage=12994 exec total=59716 (301/min) pending=0 reproducing=0 
2026/07/29 21:54:00 candidates=0 corpus=582 coverage=12994 exec total=59735 (300/min) pending=0 reproducing=0 
2026/07/29 21:54:10 candidates=0 corpus=582 coverage=12994 exec total=59745 (300/min) pending=0 reproducing=0 
2026/07/29 21:54:20 candidates=0 corpus=582 coverage=12994 exec total=59847 (300/min) pending=0 reproducing=0 
2026/07/29 21:54:30 candidates=0 corpus=582 coverage=12994 exec total=59908 (301/min) pending=0 reproducing=0 
2026/07/29 21:54:40 candidates=0 corpus=582 coverage=12994 exec total=59938 (300/min) pending=0 reproducing=0 
2026/07/29 21:54:50 candidates=0 corpus=582 coverage=12994 exec total=59974 (300/min) pending=0 reproducing=0 
2026/07/29 21:55:00 candidates=0 corpus=582 coverage=12994 exec total=60009 (300/min) pending=0 reproducing=0 
2026/07/29 21:55:10 candidates=0 corpus=582 coverage=12994 exec total=60075 (300/min) pending=0 reproducing=0 
2026/07/29 21:55:20 candidates=0 corpus=582 coverage=12994 exec total=60084 (300/min) pending=0 reproducing=0 
2026/07/29 21:55:30 candidates=0 corpus=582 coverage=12994 exec total=60091 (300/min) pending=0 reproducing=0 
2026/07/29 21:55:40 candidates=0 corpus=582 coverage=12994 exec total=60097 (300/min) pending=0 reproducing=0 
2026/07/29 21:55:50 candidates=0 corpus=582 coverage=12994 exec total=60114 (300/min) pending=0 reproducing=0 
2026/07/29 21:56:00 candidates=0 corpus=583 coverage=13284 exec total=60155 (300/min) pending=0 reproducing=0 
2026/07/29 21:56:10 candidates=0 corpus=583 coverage=13284 exec total=60250 (300/min) pending=0 reproducing=0 
2026/07/29 21:56:20 candidates=0 corpus=584 coverage=13284 exec total=60285 (300/min) pending=0 reproducing=0 
2026/07/29 21:56:30 candidates=0 corpus=584 coverage=13284 exec total=60318 (300/min) pending=0 reproducing=0 
2026/07/29 21:56:40 candidates=0 corpus=584 coverage=13284 exec total=60352 (299/min) pending=0 reproducing=0 
2026/07/29 21:56:50 candidates=0 corpus=584 coverage=13284 exec total=60387 (299/min) pending=0 reproducing=0 
2026/07/29 21:57:00 candidates=0 corpus=584 coverage=13284 exec total=60423 (299/min) pending=0 reproducing=0 
2026/07/29 21:57:10 candidates=0 corpus=585 coverage=13284 exec total=60504 (299/min) pending=0 reproducing=0 
2026/07/29 21:57:20 candidates=0 corpus=585 coverage=13284 exec total=60549 (299/min) pending=0 reproducing=0 
2026/07/29 21:57:30 candidates=0 corpus=585 coverage=13284 exec total=60616 (300/min) pending=0 reproducing=0 
2026/07/29 21:57:40 candidates=0 corpus=585 coverage=13284 exec total=60627 (299/min) pending=0 reproducing=0 
2026/07/29 21:57:50 candidates=0 corpus=586 coverage=13284 exec total=60661 (299/min) pending=0 reproducing=0 
2026/07/29 21:58:00 candidates=0 corpus=586 coverage=13284 exec total=60677 (299/min) pending=0 reproducing=0 
2026/07/29 21:58:10 candidates=0 corpus=586 coverage=13284 exec total=60739 (299/min) pending=0 reproducing=0 
2026/07/29 21:58:20 candidates=0 corpus=586 coverage=13284 exec total=60764 (299/min) pending=0 reproducing=0 
2026/07/29 21:58:30 candidates=0 corpus=586 coverage=13284 exec total=60784 (299/min) pending=0 reproducing=0 
2026/07/29 21:58:40 candidates=0 corpus=586 coverage=13284 exec total=60847 (299/min) pending=0 reproducing=0 
2026/07/29 21:58:50 candidates=0 corpus=586 coverage=13284 exec total=60887 (299/min) pending=0 reproducing=0 
2026/07/29 21:59:00 candidates=0 corpus=586 coverage=13284 exec total=60903 (299/min) pending=0 reproducing=0 
2026/07/29 21:59:10 candidates=0 corpus=586 coverage=13284 exec total=60926 (299/min) pending=0 reproducing=0 
2026/07/29 21:59:20 candidates=0 corpus=586 coverage=13284 exec total=60945 (298/min) pending=0 reproducing=0 
2026/07/29 21:59:30 candidates=0 corpus=586 coverage=13284 exec total=60952 (298/min) pending=0 reproducing=0 
2026/07/29 21:59:40 candidates=0 corpus=586 coverage=13284 exec total=60955 (298/min) pending=0 reproducing=0 
2026/07/29 21:59:50 candidates=0 corpus=586 coverage=13284 exec total=60964 (298/min) pending=0 reproducing=0 
2026/07/29 22:00:00 candidates=0 corpus=586 coverage=13284 exec total=60981 (298/min) pending=0 reproducing=0 
2026/07/29 22:00:10 candidates=0 corpus=586 coverage=13284 exec total=61031 (298/min) pending=0 reproducing=0 
2026/07/29 22:00:20 candidates=0 corpus=587 coverage=13287 exec total=61132 (298/min) pending=0 reproducing=0 
2026/07/29 22:00:30 candidates=0 corpus=587 coverage=13287 exec total=61157 (298/min) pending=0 reproducing=0 
2026/07/29 22:00:40 candidates=0 corpus=587 coverage=13287 exec total=61171 (298/min) pending=0 reproducing=0 
2026/07/29 22:00:50 candidates=0 corpus=587 coverage=13287 exec total=61196 (298/min) pending=0 reproducing=0 
2026/07/29 22:01:00 candidates=0 corpus=587 coverage=13287 exec total=61214 (297/min) pending=0 reproducing=0 
2026/07/29 22:01:10 candidates=0 corpus=587 coverage=13287 exec total=61266 (297/min) pending=0 reproducing=0 
2026/07/29 22:01:20 candidates=0 corpus=587 coverage=13287 exec total=61308 (297/min) pending=0 reproducing=0 
2026/07/29 22:01:30 candidates=0 corpus=588 coverage=13291 exec total=61349 (297/min) pending=0 reproducing=0 
2026/07/29 22:01:40 candidates=0 corpus=588 coverage=13291 exec total=61379 (297/min) pending=0 reproducing=0 
2026/07/29 22:01:50 candidates=0 corpus=588 coverage=13291 exec total=61448 (297/min) pending=0 reproducing=0 
2026/07/29 22:02:00 candidates=0 corpus=589 coverage=13292 exec total=61477 (297/min) pending=0 reproducing=0 
2026/07/29 22:02:10 candidates=0 corpus=589 coverage=13292 exec total=61527 (297/min) pending=0 reproducing=0 
2026/07/29 22:02:20 candidates=0 corpus=590 coverage=13292 exec total=61577 (297/min) pending=0 reproducing=0 
2026/07/29 22:02:30 candidates=0 corpus=590 coverage=13292 exec total=61594 (297/min) pending=0 reproducing=0 
2026/07/29 22:02:40 candidates=0 corpus=590 coverage=13292 exec total=61638 (297/min) pending=0 reproducing=0 
2026/07/29 22:02:50 candidates=0 corpus=589 coverage=13292 exec total=61702 (297/min) pending=0 reproducing=0 
2026/07/29 22:03:00 candidates=0 corpus=589 coverage=13292 exec total=61737 (297/min) pending=0 reproducing=0 
2026/07/29 22:03:10 candidates=0 corpus=589 coverage=13292 exec total=61773 (297/min) pending=0 reproducing=0 
2026/07/29 22:03:20 candidates=0 corpus=589 coverage=13292 exec total=61781 (297/min) pending=0 reproducing=0 
2026/07/29 22:03:30 candidates=0 corpus=589 coverage=13292 exec total=61803 (297/min) pending=0 reproducing=0 
2026/07/29 22:03:40 candidates=0 corpus=589 coverage=13292 exec total=61813 (296/min) pending=0 reproducing=0 
2026/07/29 22:03:50 candidates=0 corpus=589 coverage=13292 exec total=61846 (296/min) pending=0 reproducing=0 
2026/07/29 22:04:00 candidates=0 corpus=589 coverage=13292 exec total=61862 (296/min) pending=0 reproducing=0 
2026/07/29 22:04:10 candidates=0 corpus=589 coverage=13292 exec total=61891 (296/min) pending=0 reproducing=0 
2026/07/29 22:04:20 candidates=0 corpus=589 coverage=13292 exec total=61947 (296/min) pending=0 reproducing=0 
2026/07/29 22:04:30 candidates=0 corpus=589 coverage=13292 exec total=61970 (296/min) pending=0 reproducing=0 
2026/07/29 22:04:40 candidates=0 corpus=589 coverage=13292 exec total=62004 (296/min) pending=0 reproducing=0 
2026/07/29 22:04:50 candidates=0 corpus=589 coverage=13292 exec total=62020 (296/min) pending=0 reproducing=0 
2026/07/29 22:05:00 candidates=0 corpus=589 coverage=13292 exec total=62060 (296/min) pending=0 reproducing=0 
2026/07/29 22:05:10 candidates=0 corpus=589 coverage=13292 exec total=62065 (295/min) pending=0 reproducing=0 
2026/07/29 22:05:20 candidates=0 corpus=589 coverage=13292 exec total=62077 (295/min) pending=0 reproducing=0 
2026/07/29 22:05:30 candidates=0 corpus=589 coverage=13292 exec total=62097 (295/min) pending=0 reproducing=0 
2026/07/29 22:05:40 candidates=0 corpus=589 coverage=13292 exec total=62127 (295/min) pending=0 reproducing=0 
2026/07/29 22:05:50 candidates=0 corpus=589 coverage=13292 exec total=62157 (295/min) pending=0 reproducing=0 
2026/07/29 22:06:00 candidates=0 corpus=589 coverage=13292 exec total=62162 (295/min) pending=0 reproducing=0 
2026/07/29 22:06:10 candidates=0 corpus=589 coverage=13292 exec total=62183 (295/min) pending=0 reproducing=0 
2026/07/29 22:06:20 candidates=0 corpus=589 coverage=13292 exec total=62196 (294/min) pending=0 reproducing=0 
2026/07/29 22:06:30 candidates=0 corpus=589 coverage=13292 exec total=62232 (294/min) pending=0 reproducing=0 
2026/07/29 22:06:40 candidates=0 corpus=589 coverage=13292 exec total=62237 (294/min) pending=0 reproducing=0 
2026/07/29 22:06:50 candidates=0 corpus=589 coverage=13292 exec total=62318 (294/min) pending=0 reproducing=0 
2026/07/29 22:07:00 candidates=0 corpus=589 coverage=13292 exec total=62358 (294/min) pending=0 reproducing=0 
2026/07/29 22:07:10 candidates=0 corpus=589 coverage=13292 exec total=62445 (294/min) pending=0 reproducing=0 
2026/07/29 22:07:20 candidates=0 corpus=590 coverage=13297 exec total=62488 (294/min) pending=0 reproducing=0 
2026/07/29 22:07:30 candidates=0 corpus=590 coverage=13297 exec total=62521 (294/min) pending=0 reproducing=0 
2026/07/29 22:07:40 candidates=0 corpus=590 coverage=13297 exec total=62553 (294/min) pending=0 reproducing=0 
2026/07/29 22:07:50 candidates=0 corpus=590 coverage=13297 exec total=62561 (294/min) pending=0 reproducing=0 
2026/07/29 22:08:00 candidates=0 corpus=590 coverage=13297 exec total=62585 (294/min) pending=0 reproducing=0 
2026/07/29 22:08:10 candidates=0 corpus=590 coverage=13297 exec total=62623 (294/min) pending=0 reproducing=0 
2026/07/29 22:08:20 candidates=0 corpus=590 coverage=13297 exec total=62639 (294/min) pending=0 reproducing=0 
2026/07/29 22:08:30 candidates=0 corpus=590 coverage=13297 exec total=62659 (294/min) pending=0 reproducing=0 
2026/07/29 22:08:40 candidates=0 corpus=590 coverage=13297 exec total=62712 (294/min) pending=0 reproducing=0 
2026/07/29 22:08:50 candidates=0 corpus=590 coverage=13297 exec total=62757 (294/min) pending=0 reproducing=0 
2026/07/29 22:09:00 candidates=0 corpus=590 coverage=13297 exec total=62764 (293/min) pending=0 reproducing=0 
2026/07/29 22:09:10 candidates=0 corpus=590 coverage=13297 exec total=62786 (293/min) pending=0 reproducing=0 
2026/07/29 22:09:20 candidates=0 corpus=590 coverage=13297 exec total=62810 (293/min) pending=0 reproducing=0 
2026/07/29 22:09:30 candidates=0 corpus=590 coverage=13297 exec total=62846 (293/min) pending=0 reproducing=0 
2026/07/29 22:09:40 candidates=0 corpus=590 coverage=13297 exec total=62916 (293/min) pending=0 reproducing=0 
2026/07/29 22:09:50 candidates=0 corpus=590 coverage=13297 exec total=62960 (293/min) pending=0 reproducing=0 
2026/07/29 22:10:00 candidates=0 corpus=591 coverage=13299 exec total=62989 (293/min) pending=0 reproducing=0 
2026/07/29 22:10:10 candidates=0 corpus=591 coverage=13299 exec total=63007 (293/min) pending=0 reproducing=0 
2026/07/29 22:10:20 candidates=0 corpus=591 coverage=13299 exec total=63026 (293/min) pending=0 reproducing=0 
2026/07/29 22:10:30 candidates=0 corpus=591 coverage=13299 exec total=63036 (293/min) pending=0 reproducing=0 
2026/07/29 22:10:40 candidates=0 corpus=591 coverage=13299 exec total=63072 (293/min) pending=0 reproducing=0 
2026/07/29 22:10:50 candidates=0 corpus=591 coverage=13299 exec total=63107 (293/min) pending=0 reproducing=0 
2026/07/29 22:11:00 candidates=0 corpus=591 coverage=13299 exec total=63126 (292/min) pending=0 reproducing=0 
2026/07/29 22:11:10 candidates=0 corpus=591 coverage=13299 exec total=63153 (292/min) pending=0 reproducing=0 
2026/07/29 22:11:20 candidates=0 corpus=591 coverage=13299 exec total=63169 (292/min) pending=0 reproducing=0 
2026/07/29 22:11:30 candidates=0 corpus=591 coverage=13299 exec total=63204 (292/min) pending=0 reproducing=0 
2026/07/29 22:11:40 candidates=0 corpus=591 coverage=13299 exec total=63236 (292/min) pending=0 reproducing=0 
2026/07/29 22:11:50 candidates=0 corpus=591 coverage=13299 exec total=63311 (292/min) pending=0 reproducing=0 
2026/07/29 22:12:00 candidates=0 corpus=591 coverage=13299 exec total=63349 (292/min) pending=0 reproducing=0 
2026/07/29 22:12:10 candidates=0 corpus=591 coverage=13299 exec total=63367 (292/min) pending=0 reproducing=0 
2026/07/29 22:12:20 candidates=0 corpus=591 coverage=13299 exec total=63376 (292/min) pending=0 reproducing=0 
2026/07/29 22:12:30 candidates=0 corpus=591 coverage=13299 exec total=63395 (292/min) pending=0 reproducing=0 
2026/07/29 22:12:40 candidates=0 corpus=591 coverage=13299 exec total=63427 (292/min) pending=0 reproducing=0 
2026/07/29 22:12:50 candidates=0 corpus=591 coverage=13299 exec total=63450 (291/min) pending=0 reproducing=0 
2026/07/29 22:13:00 candidates=0 corpus=591 coverage=13299 exec total=63528 (292/min) pending=0 reproducing=0 
2026/07/29 22:13:10 candidates=0 corpus=591 coverage=13299 exec total=63578 (292/min) pending=0 reproducing=0 
2026/07/29 22:13:20 candidates=0 corpus=591 coverage=13299 exec total=63605 (291/min) pending=0 reproducing=0 
2026/07/29 22:13:30 candidates=0 corpus=591 coverage=13299 exec total=63656 (291/min) pending=0 reproducing=0 
2026/07/29 22:13:40 candidates=0 corpus=592 coverage=13299 exec total=63686 (291/min) pending=0 reproducing=0 
2026/07/29 22:13:50 candidates=0 corpus=592 coverage=13299 exec total=63778 (292/min) pending=0 reproducing=0 
2026/07/29 22:14:00 candidates=0 corpus=592 coverage=13299 exec total=63821 (292/min) pending=0 reproducing=0 
2026/07/29 22:14:10 candidates=0 corpus=592 coverage=13299 exec total=63840 (291/min) pending=0 reproducing=0 
2026/07/29 22:14:20 candidates=0 corpus=592 coverage=13299 exec total=63877 (291/min) pending=0 reproducing=0 
2026/07/29 22:14:30 candidates=0 corpus=592 coverage=13299 exec total=63945 (291/min) pending=0 reproducing=0 
2026/07/29 22:14:40 candidates=0 corpus=593 coverage=13299 exec total=63985 (291/min) pending=0 reproducing=0 
2026/07/29 22:14:50 candidates=0 corpus=594 coverage=13300 exec total=64022 (291/min) pending=0 reproducing=0 
2026/07/29 22:15:00 candidates=0 corpus=594 coverage=13300 exec total=64039 (291/min) pending=0 reproducing=0 
2026/07/29 22:15:10 candidates=0 corpus=594 coverage=13300 exec total=64076 (291/min) pending=0 reproducing=0 
2026/07/29 22:15:20 candidates=0 corpus=594 coverage=13300 exec total=64106 (291/min) pending=0 reproducing=0 
2026/07/29 22:15:30 candidates=0 corpus=594 coverage=13300 exec total=64148 (291/min) pending=0 reproducing=0 
2026/07/29 22:15:40 candidates=0 corpus=594 coverage=13300 exec total=64178 (291/min) pending=0 reproducing=0 
2026/07/29 22:15:50 candidates=0 corpus=595 coverage=13300 exec total=64215 (291/min) pending=0 reproducing=0 
2026/07/29 22:16:00 candidates=0 corpus=595 coverage=13300 exec total=64294 (291/min) pending=0 reproducing=0 
2026/07/29 22:16:10 candidates=0 corpus=595 coverage=13300 exec total=64325 (291/min) pending=0 reproducing=0 
2026/07/29 22:16:20 candidates=0 corpus=595 coverage=13300 exec total=64352 (291/min) pending=0 reproducing=0 
2026/07/29 22:16:30 candidates=0 corpus=595 coverage=13300 exec total=64382 (291/min) pending=0 reproducing=0 
2026/07/29 22:16:40 candidates=0 corpus=596 coverage=13310 exec total=64466 (291/min) pending=0 reproducing=0 
2026/07/29 22:16:50 candidates=0 corpus=596 coverage=13310 exec total=64480 (291/min) pending=0 reproducing=0 
2026/07/29 22:17:00 candidates=0 corpus=596 coverage=13310 exec total=64562 (291/min) pending=0 reproducing=0 
2026/07/29 22:17:10 candidates=0 corpus=596 coverage=13310 exec total=64659 (291/min) pending=0 reproducing=0 
2026/07/29 22:17:20 candidates=0 corpus=596 coverage=13310 exec total=64687 (291/min) pending=0 reproducing=0 
2026/07/29 22:17:30 candidates=0 corpus=596 coverage=13310 exec total=64711 (291/min) pending=0 reproducing=0 
2026/07/29 22:17:40 candidates=0 corpus=596 coverage=13310 exec total=64719 (291/min) pending=0 reproducing=0 
2026/07/29 22:17:50 candidates=0 corpus=596 coverage=13310 exec total=64726 (291/min) pending=0 reproducing=0 
2026/07/29 22:18:00 candidates=0 corpus=596 coverage=13310 exec total=64753 (291/min) pending=0 reproducing=0 
2026/07/29 22:18:10 candidates=0 corpus=596 coverage=13310 exec total=64791 (290/min) pending=0 reproducing=0 
2026/07/29 22:18:20 candidates=0 corpus=596 coverage=13310 exec total=64796 (290/min) pending=0 reproducing=0 
2026/07/29 22:18:30 candidates=0 corpus=596 coverage=13310 exec total=64800 (290/min) pending=0 reproducing=0 
2026/07/29 22:18:40 candidates=0 corpus=596 coverage=13310 exec total=64808 (290/min) pending=0 reproducing=0 
2026/07/29 22:18:50 candidates=0 corpus=596 coverage=13310 exec total=64814 (290/min) pending=0 reproducing=0 
2026/07/29 22:19:00 candidates=0 corpus=596 coverage=13310 exec total=64819 (289/min) pending=0 reproducing=0 
2026/07/29 22:19:10 candidates=0 corpus=596 coverage=13310 exec total=64831 (289/min) pending=0 reproducing=0 
2026/07/29 22:19:20 candidates=0 corpus=596 coverage=13310 exec total=64877 (289/min) pending=0 reproducing=0 
2026/07/29 22:19:30 candidates=0 corpus=596 coverage=13310 exec total=64905 (289/min) pending=0 reproducing=0 
2026/07/29 22:19:40 candidates=0 corpus=596 coverage=13310 exec total=64945 (289/min) pending=0 reproducing=0 
2026/07/29 22:19:50 candidates=0 corpus=596 coverage=13310 exec total=64994 (289/min) pending=0 reproducing=0 
2026/07/29 22:20:00 candidates=0 corpus=596 coverage=13310 exec total=65053 (289/min) pending=0 reproducing=0 
2026/07/29 22:20:10 candidates=0 corpus=596 coverage=13310 exec total=65063 (289/min) pending=0 reproducing=0 
2026/07/29 22:20:20 candidates=0 corpus=596 coverage=13310 exec total=65088 (289/min) pending=0 reproducing=0 
2026/07/29 22:20:30 candidates=0 corpus=596 coverage=13310 exec total=65137 (289/min) pending=0 reproducing=0 
2026/07/29 22:20:40 candidates=0 corpus=596 coverage=13310 exec total=65143 (289/min) pending=0 reproducing=0 
2026/07/29 22:20:50 candidates=0 corpus=596 coverage=13310 exec total=65152 (289/min) pending=0 reproducing=0 
2026/07/29 22:21:00 candidates=0 corpus=596 coverage=13310 exec total=65174 (288/min) pending=0 reproducing=0 
2026/07/29 22:21:10 candidates=0 corpus=596 coverage=13310 exec total=65192 (288/min) pending=0 reproducing=0 
2026/07/29 22:21:20 candidates=0 corpus=596 coverage=13310 exec total=65221 (288/min) pending=0 reproducing=0 
2026/07/29 22:21:30 candidates=0 corpus=596 coverage=13310 exec total=65251 (288/min) pending=0 reproducing=0 
2026/07/29 22:21:40 candidates=0 corpus=596 coverage=13310 exec total=65268 (288/min) pending=0 reproducing=0 
2026/07/29 22:21:50 candidates=0 corpus=596 coverage=13310 exec total=65279 (288/min) pending=0 reproducing=0 
2026/07/29 22:22:00 candidates=0 corpus=596 coverage=13310 exec total=65332 (288/min) pending=0 reproducing=0 
2026/07/29 22:22:10 candidates=0 corpus=596 coverage=13310 exec total=65337 (288/min) pending=0 reproducing=0 
2026/07/29 22:22:20 candidates=0 corpus=596 coverage=13310 exec total=65406 (288/min) pending=0 reproducing=0 
2026/07/29 22:22:30 candidates=0 corpus=597 coverage=13310 exec total=65478 (288/min) pending=0 reproducing=0 
2026/07/29 22:22:40 candidates=0 corpus=597 coverage=13310 exec total=65501 (288/min) pending=0 reproducing=0 
2026/07/29 22:22:50 candidates=0 corpus=597 coverage=13310 exec total=65507 (288/min) pending=0 reproducing=0 
2026/07/29 22:23:00 candidates=0 corpus=597 coverage=13310 exec total=65540 (288/min) pending=0 reproducing=0 
2026/07/29 22:23:10 candidates=0 corpus=597 coverage=13310 exec total=65567 (287/min) pending=0 reproducing=0 
2026/07/29 22:23:20 candidates=0 corpus=597 coverage=13310 exec total=65680 (288/min) pending=0 reproducing=0 
2026/07/29 22:23:30 candidates=0 corpus=597 coverage=13310 exec total=65688 (288/min) pending=0 reproducing=0 
2026/07/29 22:23:40 candidates=0 corpus=597 coverage=13310 exec total=65696 (287/min) pending=0 reproducing=0 
2026/07/29 22:23:50 candidates=0 corpus=597 coverage=13310 exec total=65704 (287/min) pending=0 reproducing=0 
2026/07/29 22:24:00 candidates=0 corpus=597 coverage=13310 exec total=65741 (287/min) pending=0 reproducing=0 
2026/07/29 22:24:10 candidates=0 corpus=597 coverage=13310 exec total=65773 (287/min) pending=0 reproducing=0 
2026/07/29 22:24:20 candidates=0 corpus=598 coverage=13310 exec total=65784 (287/min) pending=0 reproducing=0 
2026/07/29 22:24:30 candidates=0 corpus=598 coverage=13310 exec total=65802 (287/min) pending=0 reproducing=0 
2026/07/29 22:24:40 candidates=0 corpus=598 coverage=13310 exec total=65833 (287/min) pending=0 reproducing=0 
2026/07/29 22:24:50 candidates=0 corpus=599 coverage=13323 exec total=65851 (287/min) pending=0 reproducing=0 
2026/07/29 22:25:00 candidates=0 corpus=599 coverage=13323 exec total=65864 (286/min) pending=0 reproducing=0 
2026/07/29 22:25:10 candidates=0 corpus=599 coverage=13323 exec total=65903 (286/min) pending=0 reproducing=0 
2026/07/29 22:25:20 candidates=0 corpus=599 coverage=13323 exec total=65919 (286/min) pending=0 reproducing=0 
2026/07/29 22:25:30 candidates=0 corpus=599 coverage=13323 exec total=65922 (286/min) pending=0 reproducing=0 
2026/07/29 22:25:40 candidates=0 corpus=599 coverage=13323 exec total=65928 (286/min) pending=0 reproducing=0 
2026/07/29 22:25:50 candidates=0 corpus=599 coverage=13323 exec total=65934 (286/min) pending=0 reproducing=0 
2026/07/29 22:26:00 candidates=0 corpus=599 coverage=13323 exec total=65963 (286/min) pending=0 reproducing=0 
2026/07/29 22:26:10 candidates=0 corpus=599 coverage=13323 exec total=65968 (285/min) pending=0 reproducing=0 
2026/07/29 22:26:20 candidates=0 corpus=599 coverage=13323 exec total=65979 (285/min) pending=0 reproducing=0 
2026/07/29 22:26:30 candidates=0 corpus=599 coverage=13323 exec total=65985 (285/min) pending=0 reproducing=0 
2026/07/29 22:26:40 candidates=0 corpus=599 coverage=13323 exec total=66011 (285/min) pending=0 reproducing=0 
2026/07/29 22:26:50 candidates=0 corpus=599 coverage=13323 exec total=66024 (285/min) pending=0 reproducing=0 
2026/07/29 22:27:00 candidates=0 corpus=600 coverage=13323 exec total=66054 (285/min) pending=0 reproducing=0 
2026/07/29 22:27:10 candidates=0 corpus=600 coverage=13323 exec total=66077 (285/min) pending=0 reproducing=0 
2026/07/29 22:27:20 candidates=0 corpus=600 coverage=13323 exec total=66083 (285/min) pending=0 reproducing=0 
2026/07/29 22:27:30 candidates=0 corpus=600 coverage=13323 exec total=66090 (284/min) pending=0 reproducing=0 
2026/07/29 22:27:40 candidates=0 corpus=600 coverage=13323 exec total=66102 (284/min) pending=0 reproducing=0 
2026/07/29 22:27:50 candidates=0 corpus=601 coverage=13325 exec total=66231 (285/min) pending=0 reproducing=0 
2026/07/29 22:28:00 candidates=0 corpus=601 coverage=13325 exec total=66248 (284/min) pending=0 reproducing=0 
2026/07/29 22:28:10 candidates=0 corpus=601 coverage=13325 exec total=66283 (284/min) pending=0 reproducing=0 
2026/07/29 22:28:20 candidates=0 corpus=601 coverage=13325 exec total=66298 (284/min) pending=0 reproducing=0 
2026/07/29 22:28:30 candidates=0 corpus=601 coverage=13325 exec total=66343 (284/min) pending=0 reproducing=0 
2026/07/29 22:28:40 candidates=0 corpus=601 coverage=13325 exec total=66423 (284/min) pending=0 reproducing=0 
2026/07/29 22:28:50 candidates=0 corpus=601 coverage=13325 exec total=66455 (284/min) pending=0 reproducing=0 
2026/07/29 22:29:00 candidates=0 corpus=601 coverage=13325 exec total=66467 (284/min) pending=0 reproducing=0 
2026/07/29 22:29:10 candidates=0 corpus=601 coverage=13325 exec total=66515 (284/min) pending=0 reproducing=0 
2026/07/29 22:29:20 candidates=0 corpus=601 coverage=13325 exec total=66559 (284/min) pending=0 reproducing=0 
2026/07/29 22:29:30 candidates=0 corpus=601 coverage=13325 exec total=66594 (284/min) pending=0 reproducing=0 
2026/07/29 22:29:40 candidates=0 corpus=602 coverage=13325 exec total=66760 (285/min) pending=0 reproducing=0 
2026/07/29 22:29:50 candidates=0 corpus=602 coverage=13325 exec total=66784 (284/min) pending=0 reproducing=0 
2026/07/29 22:30:00 candidates=0 corpus=602 coverage=13325 exec total=66827 (284/min) pending=0 reproducing=0 
2026/07/29 22:30:10 candidates=0 corpus=602 coverage=13325 exec total=66836 (284/min) pending=0 reproducing=0 
2026/07/29 22:30:20 candidates=0 corpus=602 coverage=13325 exec total=66868 (284/min) pending=0 reproducing=0 
2026/07/29 22:30:30 candidates=0 corpus=602 coverage=13325 exec total=66888 (284/min) pending=0 reproducing=0 
2026/07/29 22:30:40 candidates=0 corpus=603 coverage=13326 exec total=66919 (284/min) pending=0 reproducing=0 
2026/07/29 22:30:50 candidates=0 corpus=603 coverage=13326 exec total=66980 (284/min) pending=0 reproducing=0 
2026/07/29 22:31:00 candidates=0 corpus=603 coverage=13326 exec total=67005 (284/min) pending=0 reproducing=0 
2026/07/29 22:31:10 candidates=0 corpus=603 coverage=13326 exec total=67014 (284/min) pending=0 reproducing=0 
2026/07/29 22:31:20 candidates=0 corpus=603 coverage=13326 exec total=67045 (284/min) pending=0 reproducing=0 
2026/07/29 22:31:30 candidates=0 corpus=603 coverage=13326 exec total=67049 (284/min) pending=0 reproducing=0 
2026/07/29 22:31:40 candidates=0 corpus=603 coverage=13326 exec total=67074 (283/min) pending=0 reproducing=0 
2026/07/29 22:31:50 candidates=0 corpus=603 coverage=13326 exec total=67103 (283/min) pending=0 reproducing=0 
2026/07/29 22:32:00 candidates=0 corpus=603 coverage=13326 exec total=67108 (283/min) pending=0 reproducing=0 
2026/07/29 22:32:10 candidates=0 corpus=603 coverage=13326 exec total=67147 (283/min) pending=0 reproducing=0 
2026/07/29 22:32:20 candidates=0 corpus=603 coverage=13326 exec total=67166 (283/min) pending=0 reproducing=0 
2026/07/29 22:32:30 candidates=0 corpus=603 coverage=13326 exec total=67210 (283/min) pending=0 reproducing=0 
2026/07/29 22:32:40 candidates=0 corpus=603 coverage=13326 exec total=67361 (284/min) pending=0 reproducing=0 
2026/07/29 22:32:50 candidates=0 corpus=603 coverage=13326 exec total=67371 (283/min) pending=0 reproducing=0 
2026/07/29 22:33:00 candidates=0 corpus=603 coverage=13326 exec total=67392 (283/min) pending=0 reproducing=0 
2026/07/29 22:33:10 candidates=0 corpus=603 coverage=13326 exec total=67418 (283/min) pending=0 reproducing=0 
2026/07/29 22:33:20 candidates=0 corpus=603 coverage=13326 exec total=67436 (283/min) pending=0 reproducing=0 
2026/07/29 22:33:30 candidates=0 corpus=603 coverage=13326 exec total=67489 (283/min) pending=0 reproducing=0 
2026/07/29 22:33:40 candidates=0 corpus=604 coverage=13333 exec total=67556 (283/min) pending=0 reproducing=0 
2026/07/29 22:33:50 candidates=0 corpus=604 coverage=13333 exec total=67585 (283/min) pending=0 reproducing=0 
2026/07/29 22:34:00 candidates=0 corpus=604 coverage=13333 exec total=67613 (283/min) pending=0 reproducing=0 
2026/07/29 22:34:10 candidates=0 corpus=604 coverage=13333 exec total=67621 (283/min) pending=0 reproducing=0 
2026/07/29 22:34:20 candidates=0 corpus=604 coverage=13333 exec total=67663 (283/min) pending=0 reproducing=0 
2026/07/29 22:34:30 candidates=0 corpus=604 coverage=13333 exec total=67689 (283/min) pending=0 reproducing=0 
2026/07/29 22:34:40 candidates=0 corpus=604 coverage=13333 exec total=67721 (283/min) pending=0 reproducing=0 
2026/07/29 22:34:50 candidates=0 corpus=604 coverage=13333 exec total=67728 (282/min) pending=0 reproducing=0 
2026/07/29 22:35:00 candidates=0 corpus=604 coverage=13333 exec total=67741 (282/min) pending=0 reproducing=0 
2026/07/29 22:35:10 candidates=0 corpus=604 coverage=13333 exec total=67779 (282/min) pending=0 reproducing=0 
2026/07/29 22:35:20 candidates=0 corpus=604 coverage=13333 exec total=67840 (282/min) pending=0 reproducing=0 
2026/07/29 22:35:30 candidates=0 corpus=604 coverage=13333 exec total=67871 (282/min) pending=0 reproducing=0 
2026/07/29 22:35:40 candidates=0 corpus=604 coverage=13333 exec total=67908 (282/min) pending=0 reproducing=0 
2026/07/29 22:35:50 candidates=0 corpus=604 coverage=13333 exec total=67944 (282/min) pending=0 reproducing=0 
2026/07/29 22:36:00 candidates=0 corpus=604 coverage=13333 exec total=67984 (282/min) pending=0 reproducing=0 
2026/07/29 22:36:10 candidates=0 corpus=604 coverage=13333 exec total=68006 (282/min) pending=0 reproducing=0 
2026/07/29 22:36:20 candidates=0 corpus=604 coverage=13333 exec total=68020 (282/min) pending=0 reproducing=0 
2026/07/29 22:36:30 candidates=0 corpus=604 coverage=13333 exec total=68030 (282/min) pending=0 reproducing=0 
2026/07/29 22:36:40 candidates=0 corpus=604 coverage=13333 exec total=68076 (282/min) pending=0 reproducing=0 
2026/07/29 22:36:50 candidates=0 corpus=604 coverage=13333 exec total=68123 (282/min) pending=0 reproducing=0 
2026/07/29 22:37:00 candidates=0 corpus=604 coverage=13333 exec total=68143 (282/min) pending=0 reproducing=0 
2026/07/29 22:37:10 candidates=0 corpus=604 coverage=13333 exec total=68152 (281/min) pending=0 reproducing=0 
2026/07/29 22:37:20 candidates=0 corpus=604 coverage=13333 exec total=68180 (281/min) pending=0 reproducing=0 
2026/07/29 22:37:30 candidates=0 corpus=604 coverage=13333 exec total=68197 (281/min) pending=0 reproducing=0 
2026/07/29 22:37:40 candidates=0 corpus=604 coverage=13333 exec total=68214 (281/min) pending=0 reproducing=0 
2026/07/29 22:37:50 candidates=0 corpus=604 coverage=13333 exec total=68244 (281/min) pending=0 reproducing=0 
2026/07/29 22:38:00 candidates=0 corpus=604 coverage=13333 exec total=68251 (281/min) pending=0 reproducing=0 
2026/07/29 22:38:10 candidates=0 corpus=604 coverage=13333 exec total=68361 (281/min) pending=0 reproducing=0 
2026/07/29 22:38:20 candidates=0 corpus=604 coverage=13333 exec total=68467 (281/min) pending=0 reproducing=0 
2026/07/29 22:38:30 candidates=0 corpus=604 coverage=13333 exec total=68504 (281/min) pending=0 reproducing=0 
2026/07/29 22:38:40 candidates=0 corpus=604 coverage=13333 exec total=68514 (281/min) pending=0 reproducing=0 
2026/07/29 22:38:50 candidates=0 corpus=604 coverage=13333 exec total=68525 (281/min) pending=0 reproducing=0 
2026/07/29 22:39:00 candidates=0 corpus=604 coverage=13333 exec total=68540 (281/min) pending=0 reproducing=0 
2026/07/29 22:39:10 candidates=0 corpus=604 coverage=13333 exec total=68552 (281/min) pending=0 reproducing=0 
2026/07/29 22:39:20 candidates=0 corpus=605 coverage=13334 exec total=68587 (281/min) pending=0 reproducing=0 
2026/07/29 22:39:30 candidates=0 corpus=605 coverage=13334 exec total=68617 (281/min) pending=0 reproducing=0 
2026/07/29 22:39:40 candidates=0 corpus=605 coverage=13334 exec total=68642 (281/min) pending=0 reproducing=0 
2026/07/29 22:39:50 candidates=0 corpus=605 coverage=13334 exec total=68667 (281/min) pending=0 reproducing=0 
2026/07/29 22:40:00 candidates=0 corpus=605 coverage=13334 exec total=68685 (280/min) pending=0 reproducing=0 
2026/07/29 22:40:10 candidates=0 corpus=605 coverage=13334 exec total=68746 (280/min) pending=0 reproducing=0 
2026/07/29 22:40:20 candidates=0 corpus=606 coverage=13335 exec total=68781 (280/min) pending=0 reproducing=0 
2026/07/29 22:40:30 candidates=0 corpus=606 coverage=13335 exec total=68793 (280/min) pending=0 reproducing=0 
2026/07/29 22:40:40 candidates=0 corpus=606 coverage=13335 exec total=68836 (280/min) pending=0 reproducing=0 
2026/07/29 22:40:50 candidates=0 corpus=606 coverage=13335 exec total=68869 (280/min) pending=0 reproducing=0 
2026/07/29 22:41:00 candidates=0 corpus=606 coverage=13335 exec total=68896 (280/min) pending=0 reproducing=0 
2026/07/29 22:41:10 candidates=0 corpus=606 coverage=13335 exec total=68948 (280/min) pending=0 reproducing=0 
2026/07/29 22:41:20 candidates=0 corpus=606 coverage=13335 exec total=69008 (280/min) pending=0 reproducing=0 
2026/07/29 22:41:30 candidates=0 corpus=606 coverage=13335 exec total=69032 (280/min) pending=0 reproducing=0 
2026/07/29 22:41:40 candidates=0 corpus=606 coverage=13335 exec total=69073 (280/min) pending=0 reproducing=0 
2026/07/29 22:41:50 candidates=0 corpus=606 coverage=13335 exec total=69088 (280/min) pending=0 reproducing=0 
2026/07/29 22:42:00 candidates=0 corpus=606 coverage=13335 exec total=69130 (280/min) pending=0 reproducing=0 
2026/07/29 22:42:10 candidates=0 corpus=606 coverage=13335 exec total=69155 (280/min) pending=0 reproducing=0 
2026/07/29 22:42:20 candidates=0 corpus=606 coverage=13335 exec total=69182 (280/min) pending=0 reproducing=0 
2026/07/29 22:42:30 candidates=0 corpus=606 coverage=13335 exec total=69190 (280/min) pending=0 reproducing=0 
2026/07/29 22:42:40 candidates=0 corpus=606 coverage=13335 exec total=69247 (280/min) pending=0 reproducing=0 
2026/07/29 22:42:50 candidates=0 corpus=606 coverage=13335 exec total=69288 (280/min) pending=0 reproducing=0 
2026/07/29 22:43:00 candidates=0 corpus=606 coverage=13335 exec total=69297 (279/min) pending=0 reproducing=0 
2026/07/29 22:43:10 candidates=0 corpus=606 coverage=13335 exec total=69318 (279/min) pending=0 reproducing=0 
2026/07/29 22:43:20 candidates=0 corpus=606 coverage=13335 exec total=69345 (279/min) pending=0 reproducing=0 
2026/07/29 22:43:30 candidates=0 corpus=606 coverage=13335 exec total=69364 (279/min) pending=0 reproducing=0 
2026/07/29 22:43:40 candidates=0 corpus=606 coverage=13335 exec total=69392 (279/min) pending=0 reproducing=0 
2026/07/29 22:43:50 candidates=0 corpus=606 coverage=13335 exec total=69412 (279/min) pending=0 reproducing=0 
2026/07/29 22:44:00 candidates=0 corpus=606 coverage=13335 exec total=69426 (279/min) pending=0 reproducing=0 
2026/07/29 22:44:10 candidates=0 corpus=606 coverage=13335 exec total=69448 (279/min) pending=0 reproducing=0 
2026/07/29 22:44:20 candidates=0 corpus=606 coverage=13335 exec total=69479 (279/min) pending=0 reproducing=0 
2026/07/29 22:44:30 candidates=0 corpus=606 coverage=13335 exec total=69567 (279/min) pending=0 reproducing=0 
2026/07/29 22:44:40 candidates=0 corpus=606 coverage=13335 exec total=69571 (279/min) pending=0 reproducing=0 
2026/07/29 22:44:50 candidates=0 corpus=606 coverage=13335 exec total=69581 (279/min) pending=0 reproducing=0 
2026/07/29 22:45:00 candidates=0 corpus=606 coverage=13335 exec total=69620 (279/min) pending=0 reproducing=0 
2026/07/29 22:45:10 candidates=0 corpus=606 coverage=13335 exec total=69636 (278/min) pending=0 reproducing=0 
2026/07/29 22:45:20 candidates=0 corpus=606 coverage=13335 exec total=69687 (278/min) pending=0 reproducing=0 
2026/07/29 22:45:30 candidates=0 corpus=606 coverage=13335 exec total=69698 (278/min) pending=0 reproducing=0 
2026/07/29 22:45:40 candidates=0 corpus=606 coverage=13335 exec total=69713 (278/min) pending=0 reproducing=0 
2026/07/29 22:45:50 candidates=0 corpus=606 coverage=13335 exec total=69740 (278/min) pending=0 reproducing=0 
2026/07/29 22:46:00 candidates=0 corpus=606 coverage=13335 exec total=69782 (278/min) pending=0 reproducing=0 
2026/07/29 22:46:10 candidates=0 corpus=606 coverage=13335 exec total=69794 (278/min) pending=0 reproducing=0 
2026/07/29 22:46:20 candidates=0 corpus=606 coverage=13335 exec total=69804 (278/min) pending=0 reproducing=0 
2026/07/29 22:46:30 candidates=0 corpus=606 coverage=13335 exec total=69819 (278/min) pending=0 reproducing=0 
2026/07/29 22:46:40 candidates=0 corpus=606 coverage=13335 exec total=69897 (278/min) pending=0 reproducing=0 
2026/07/29 22:46:50 candidates=0 corpus=607 coverage=13335 exec total=69967 (278/min) pending=0 reproducing=0 
2026/07/29 22:47:00 candidates=0 corpus=607 coverage=13335 exec total=70005 (278/min) pending=0 reproducing=0 
2026/07/29 22:47:10 candidates=0 corpus=607 coverage=13335 exec total=70084 (278/min) pending=0 reproducing=0 
2026/07/29 22:47:20 candidates=0 corpus=607 coverage=13335 exec total=70111 (278/min) pending=0 reproducing=0 
2026/07/29 22:47:30 candidates=0 corpus=607 coverage=13335 exec total=70142 (278/min) pending=0 reproducing=0 
2026/07/29 22:47:40 candidates=0 corpus=607 coverage=13335 exec total=70240 (278/min) pending=0 reproducing=0 
2026/07/29 22:47:50 candidates=0 corpus=606 coverage=13335 exec total=70270 (278/min) pending=0 reproducing=0 
2026/07/29 22:48:00 candidates=0 corpus=606 coverage=13335 exec total=70285 (278/min) pending=0 reproducing=0 
2026/07/29 22:48:10 candidates=0 corpus=606 coverage=13335 exec total=70325 (278/min) pending=0 reproducing=0 
2026/07/29 22:48:20 candidates=0 corpus=606 coverage=13335 exec total=70343 (278/min) pending=0 reproducing=0 
2026/07/29 22:48:30 candidates=0 corpus=606 coverage=13335 exec total=70403 (278/min) pending=0 reproducing=0 
2026/07/29 22:48:40 candidates=0 corpus=606 coverage=13335 exec total=70433 (278/min) pending=0 reproducing=0 
2026/07/29 22:48:50 candidates=0 corpus=606 coverage=13335 exec total=70484 (278/min) pending=0 reproducing=0 
2026/07/29 22:49:00 candidates=0 corpus=607 coverage=13337 exec total=70548 (278/min) pending=0 reproducing=0 
2026/07/29 22:49:10 candidates=0 corpus=607 coverage=13337 exec total=70570 (278/min) pending=0 reproducing=0 
2026/07/29 22:49:20 candidates=0 corpus=607 coverage=13337 exec total=70600 (278/min) pending=0 reproducing=0 
2026/07/29 22:49:30 candidates=0 corpus=607 coverage=13337 exec total=70608 (277/min) pending=0 reproducing=0 
2026/07/29 22:49:40 candidates=0 corpus=607 coverage=13337 exec total=70631 (277/min) pending=0 reproducing=0 
2026/07/29 22:49:50 candidates=0 corpus=608 coverage=13339 exec total=70689 (277/min) pending=0 reproducing=0 
2026/07/29 22:50:00 candidates=0 corpus=608 coverage=13339 exec total=70735 (277/min) pending=0 reproducing=0 
2026/07/29 22:50:10 candidates=0 corpus=608 coverage=13339 exec total=70749 (277/min) pending=0 reproducing=0 
2026/07/29 22:50:20 candidates=0 corpus=608 coverage=13339 exec total=70780 (277/min) pending=0 reproducing=0 
2026/07/29 22:50:30 candidates=0 corpus=608 coverage=13339 exec total=70809 (277/min) pending=0 reproducing=0 
2026/07/29 22:50:40 candidates=0 corpus=608 coverage=13339 exec total=70852 (277/min) pending=0 reproducing=0 
2026/07/29 22:50:50 candidates=0 corpus=608 coverage=13339 exec total=70877 (277/min) pending=0 reproducing=0 
2026/07/29 22:51:00 candidates=0 corpus=608 coverage=13339 exec total=70903 (277/min) pending=0 reproducing=0 
2026/07/29 22:51:10 candidates=0 corpus=608 coverage=13339 exec total=70956 (277/min) pending=0 reproducing=0 
2026/07/29 22:51:20 candidates=0 corpus=608 coverage=13339 exec total=70978 (277/min) pending=0 reproducing=0 
2026/07/29 22:51:30 candidates=0 corpus=608 coverage=13339 exec total=71044 (277/min) pending=0 reproducing=0 
2026/07/29 22:51:40 candidates=0 corpus=608 coverage=13339 exec total=71078 (277/min) pending=0 reproducing=0 
2026/07/29 22:51:50 candidates=0 corpus=608 coverage=13339 exec total=71107 (277/min) pending=0 reproducing=0 
2026/07/29 22:52:00 candidates=0 corpus=608 coverage=13339 exec total=71147 (277/min) pending=0 reproducing=0 
2026/07/29 22:52:10 candidates=0 corpus=609 coverage=13342 exec total=71175 (277/min) pending=0 reproducing=0 
2026/07/29 22:52:20 candidates=0 corpus=609 coverage=13342 exec total=71189 (277/min) pending=0 reproducing=0 
2026/07/29 22:52:30 candidates=0 corpus=609 coverage=13342 exec total=71219 (277/min) pending=0 reproducing=0 
2026/07/29 22:52:40 candidates=0 corpus=609 coverage=13342 exec total=71263 (277/min) pending=0 reproducing=0 
2026/07/29 22:52:50 candidates=0 corpus=609 coverage=13342 exec total=71322 (277/min) pending=0 reproducing=0 
2026/07/29 22:53:00 candidates=0 corpus=609 coverage=13342 exec total=71367 (277/min) pending=0 reproducing=0 
2026/07/29 22:53:10 candidates=0 corpus=609 coverage=13342 exec total=71389 (277/min) pending=0 reproducing=0 
2026/07/29 22:53:20 candidates=0 corpus=610 coverage=13347 exec total=71413 (276/min) pending=0 reproducing=0 
2026/07/29 22:53:30 candidates=0 corpus=610 coverage=13347 exec total=71429 (276/min) pending=0 reproducing=0 
2026/07/29 22:53:40 candidates=0 corpus=610 coverage=13347 exec total=71456 (276/min) pending=0 reproducing=0 
2026/07/29 22:53:50 candidates=0 corpus=610 coverage=13347 exec total=71482 (276/min) pending=0 reproducing=0 
2026/07/29 22:54:00 candidates=0 corpus=610 coverage=13347 exec total=71489 (276/min) pending=0 reproducing=0 
2026/07/29 22:54:10 candidates=0 corpus=610 coverage=13347 exec total=71512 (276/min) pending=0 reproducing=0 
2026/07/29 22:54:20 candidates=0 corpus=610 coverage=13347 exec total=71561 (276/min) pending=0 reproducing=0 
2026/07/29 22:54:30 candidates=0 corpus=610 coverage=13347 exec total=71577 (276/min) pending=0 reproducing=0 
2026/07/29 22:54:40 candidates=0 corpus=611 coverage=13348 exec total=71622 (276/min) pending=0 reproducing=0 
2026/07/29 22:54:50 candidates=0 corpus=611 coverage=13348 exec total=71630 (276/min) pending=0 reproducing=0 
2026/07/29 22:55:00 candidates=0 corpus=611 coverage=13348 exec total=71653 (276/min) pending=0 reproducing=0 
2026/07/29 22:55:10 candidates=0 corpus=611 coverage=13348 exec total=71655 (275/min) pending=0 reproducing=0 
2026/07/29 22:55:20 candidates=0 corpus=611 coverage=13348 exec total=71666 (275/min) pending=0 reproducing=0 
2026/07/29 22:55:30 candidates=0 corpus=611 coverage=13348 exec total=71672 (275/min) pending=0 reproducing=0 
2026/07/29 22:55:40 candidates=0 corpus=611 coverage=13348 exec total=71688 (275/min) pending=0 reproducing=0 
2026/07/29 22:55:50 candidates=0 corpus=611 coverage=13348 exec total=71697 (275/min) pending=0 reproducing=0 
2026/07/29 22:56:00 candidates=0 corpus=611 coverage=13348 exec total=71712 (275/min) pending=0 reproducing=0 
2026/07/29 22:56:10 candidates=0 corpus=611 coverage=13348 exec total=71744 (275/min) pending=0 reproducing=0 
2026/07/29 22:56:20 candidates=0 corpus=611 coverage=13348 exec total=71773 (275/min) pending=0 reproducing=0 
2026/07/29 22:56:30 candidates=0 corpus=611 coverage=13348 exec total=71793 (275/min) pending=0 reproducing=0 
2026/07/29 22:56:40 candidates=0 corpus=611 coverage=13348 exec total=71838 (275/min) pending=0 reproducing=0 
2026/07/29 22:56:50 candidates=0 corpus=611 coverage=13348 exec total=71867 (274/min) pending=0 reproducing=0 
2026/07/29 22:57:00 candidates=0 corpus=611 coverage=13348 exec total=71948 (275/min) pending=0 reproducing=0 
2026/07/29 22:57:10 candidates=0 corpus=611 coverage=13348 exec total=71962 (274/min) pending=0 reproducing=0 
2026/07/29 22:57:20 candidates=0 corpus=611 coverage=13348 exec total=72065 (275/min) pending=0 reproducing=0 
2026/07/29 22:57:30 candidates=0 corpus=611 coverage=13348 exec total=72090 (275/min) pending=0 reproducing=0 
2026/07/29 22:57:40 candidates=0 corpus=611 coverage=13348 exec total=72118 (275/min) pending=0 reproducing=0 
2026/07/29 22:57:50 candidates=0 corpus=611 coverage=13348 exec total=72125 (274/min) pending=0 reproducing=0 
2026/07/29 22:58:00 candidates=0 corpus=611 coverage=13348 exec total=72197 (275/min) pending=0 reproducing=0 
2026/07/29 22:58:10 candidates=0 corpus=611 coverage=13348 exec total=72230 (274/min) pending=0 reproducing=0 
2026/07/29 22:58:20 candidates=0 corpus=611 coverage=13348 exec total=72273 (274/min) pending=0 reproducing=0 
2026/07/29 22:58:30 candidates=0 corpus=611 coverage=13348 exec total=72299 (274/min) pending=0 reproducing=0 
2026/07/29 22:58:40 candidates=0 corpus=611 coverage=13348 exec total=72310 (274/min) pending=0 reproducing=0 
2026/07/29 22:58:50 candidates=0 corpus=611 coverage=13348 exec total=72317 (274/min) pending=0 reproducing=0 
2026/07/29 22:59:00 candidates=0 corpus=611 coverage=13348 exec total=72339 (274/min) pending=0 reproducing=0 
2026/07/29 22:59:10 candidates=0 corpus=611 coverage=13348 exec total=72432 (274/min) pending=0 reproducing=0 
2026/07/29 22:59:20 candidates=0 corpus=611 coverage=13348 exec total=72442 (274/min) pending=0 reproducing=0 
2026/07/29 22:59:30 candidates=0 corpus=611 coverage=13348 exec total=72453 (274/min) pending=0 reproducing=0 
2026/07/29 22:59:40 candidates=0 corpus=612 coverage=13351 exec total=72484 (274/min) pending=0 reproducing=0 
2026/07/29 22:59:50 candidates=0 corpus=612 coverage=13351 exec total=72513 (274/min) pending=0 reproducing=0 
2026/07/29 23:00:00 candidates=0 corpus=612 coverage=13351 exec total=72528 (274/min) pending=0 reproducing=0 
2026/07/29 23:00:10 candidates=0 corpus=612 coverage=13351 exec total=72550 (274/min) pending=0 reproducing=0 
2026/07/29 23:00:20 candidates=0 corpus=613 coverage=13358 exec total=72579 (274/min) pending=0 reproducing=0 
2026/07/29 23:00:30 candidates=0 corpus=613 coverage=13358 exec total=72594 (273/min) pending=0 reproducing=0 
2026/07/29 23:00:40 candidates=0 corpus=613 coverage=13358 exec total=72602 (273/min) pending=0 reproducing=0 
2026/07/29 23:00:50 candidates=0 corpus=613 coverage=13358 exec total=72609 (273/min) pending=0 reproducing=0 
2026/07/29 23:01:00 candidates=0 corpus=613 coverage=13358 exec total=72619 (273/min) pending=0 reproducing=0 
2026/07/29 23:01:10 candidates=0 corpus=613 coverage=13358 exec total=72668 (273/min) pending=0 reproducing=0 
2026/07/29 23:01:20 candidates=0 corpus=613 coverage=13358 exec total=72683 (273/min) pending=0 reproducing=0 
2026/07/29 23:01:30 candidates=0 corpus=613 coverage=13358 exec total=72697 (273/min) pending=0 reproducing=0 
2026/07/29 23:01:40 candidates=0 corpus=613 coverage=13358 exec total=72718 (273/min) pending=0 reproducing=0 
2026/07/29 23:01:50 candidates=0 corpus=613 coverage=13358 exec total=72733 (273/min) pending=0 reproducing=0 
2026/07/29 23:02:00 candidates=0 corpus=614 coverage=13361 exec total=72770 (273/min) pending=0 reproducing=0 
2026/07/29 23:02:10 candidates=0 corpus=614 coverage=13361 exec total=72789 (272/min) pending=0 reproducing=0 
2026/07/29 23:02:20 candidates=0 corpus=614 coverage=13361 exec total=72819 (272/min) pending=0 reproducing=0 
2026/07/29 23:02:30 candidates=0 corpus=614 coverage=13361 exec total=72832 (272/min) pending=0 reproducing=0 
2026/07/29 23:02:40 candidates=0 corpus=614 coverage=13361 exec total=72903 (272/min) pending=0 reproducing=0 
2026/07/29 23:02:50 candidates=0 corpus=614 coverage=13361 exec total=72998 (273/min) pending=0 reproducing=0 
2026/07/29 23:03:00 candidates=0 corpus=614 coverage=13361 exec total=73038 (273/min) pending=0 reproducing=0 
2026/07/29 23:03:10 candidates=0 corpus=614 coverage=13361 exec total=73073 (272/min) pending=0 reproducing=0 
2026/07/29 23:03:20 candidates=0 corpus=614 coverage=13361 exec total=73110 (272/min) pending=0 reproducing=0 
2026/07/29 23:03:30 candidates=0 corpus=615 coverage=13361 exec total=73218 (273/min) pending=0 reproducing=0 
2026/07/29 23:03:40 candidates=0 corpus=615 coverage=13361 exec total=73244 (273/min) pending=0 reproducing=0 
2026/07/29 23:03:50 candidates=0 corpus=615 coverage=13361 exec total=73270 (273/min) pending=0 reproducing=0 
2026/07/29 23:04:00 candidates=0 corpus=615 coverage=13361 exec total=73284 (272/min) pending=0 reproducing=0 
2026/07/29 23:04:10 candidates=0 corpus=615 coverage=13361 exec total=73341 (272/min) pending=0 reproducing=0 
2026/07/29 23:04:20 candidates=0 corpus=615 coverage=13361 exec total=73353 (272/min) pending=0 reproducing=0 
2026/07/29 23:04:30 candidates=0 corpus=615 coverage=13361 exec total=73407 (272/min) pending=0 reproducing=0 
2026/07/29 23:04:40 candidates=0 corpus=616 coverage=13361 exec total=73429 (272/min) pending=0 reproducing=0 
2026/07/29 23:04:50 candidates=0 corpus=616 coverage=13361 exec total=73439 (272/min) pending=0 reproducing=0 
2026/07/29 23:05:00 candidates=0 corpus=616 coverage=13361 exec total=73451 (272/min) pending=0 reproducing=0 
2026/07/29 23:05:10 candidates=0 corpus=616 coverage=13361 exec total=73463 (272/min) pending=0 reproducing=0 
2026/07/29 23:05:20 candidates=0 corpus=616 coverage=13361 exec total=73529 (272/min) pending=0 reproducing=0 
2026/07/29 23:05:30 candidates=0 corpus=616 coverage=13361 exec total=73537 (272/min) pending=0 reproducing=0 
2026/07/29 23:05:40 candidates=0 corpus=616 coverage=13361 exec total=73561 (272/min) pending=0 reproducing=0 
2026/07/29 23:05:50 candidates=0 corpus=616 coverage=13361 exec total=73571 (272/min) pending=0 reproducing=0 
2026/07/29 23:06:00 candidates=0 corpus=616 coverage=13361 exec total=73576 (271/min) pending=0 reproducing=0 
2026/07/29 23:06:10 candidates=0 corpus=616 coverage=13361 exec total=73608 (271/min) pending=0 reproducing=0 
2026/07/29 23:06:20 candidates=0 corpus=616 coverage=13361 exec total=73631 (271/min) pending=0 reproducing=0 
2026/07/29 23:06:30 candidates=0 corpus=616 coverage=13361 exec total=73639 (271/min) pending=0 reproducing=0 
2026/07/29 23:06:40 candidates=0 corpus=616 coverage=13361 exec total=73644 (271/min) pending=0 reproducing=0 
2026/07/29 23:06:50 candidates=0 corpus=616 coverage=13361 exec total=73651 (271/min) pending=0 reproducing=0 
2026/07/29 23:07:00 candidates=0 corpus=616 coverage=13361 exec total=73662 (271/min) pending=0 reproducing=0 
2026/07/29 23:07:10 candidates=0 corpus=616 coverage=13361 exec total=73697 (271/min) pending=0 reproducing=0 
2026/07/29 23:07:20 candidates=0 corpus=616 coverage=13361 exec total=73740 (271/min) pending=0 reproducing=0 
2026/07/29 23:07:30 candidates=0 corpus=616 coverage=13361 exec total=73789 (271/min) pending=0 reproducing=0 
2026/07/29 23:07:40 candidates=0 corpus=616 coverage=13361 exec total=73804 (271/min) pending=0 reproducing=0 
2026/07/29 23:07:50 candidates=0 corpus=616 coverage=13361 exec total=73814 (271/min) pending=0 reproducing=0 
2026/07/29 23:08:00 candidates=0 corpus=616 coverage=13361 exec total=73820 (270/min) pending=0 reproducing=0 
2026/07/29 23:08:10 candidates=0 corpus=616 coverage=13361 exec total=73826 (270/min) pending=0 reproducing=0 
2026/07/29 23:08:20 candidates=0 corpus=616 coverage=13361 exec total=73833 (270/min) pending=0 reproducing=0 
2026/07/29 23:08:30 candidates=0 corpus=616 coverage=13361 exec total=73839 (270/min) pending=0 reproducing=0 
2026/07/29 23:08:40 candidates=0 corpus=616 coverage=13361 exec total=73853 (270/min) pending=0 reproducing=0 
2026/07/29 23:08:50 candidates=0 corpus=616 coverage=13361 exec total=73888 (270/min) pending=0 reproducing=0 
2026/07/29 23:09:00 candidates=0 corpus=616 coverage=13361 exec total=73915 (270/min) pending=0 reproducing=0 
2026/07/29 23:09:10 candidates=0 corpus=616 coverage=13361 exec total=73937 (270/min) pending=0 reproducing=0 
2026/07/29 23:09:20 candidates=0 corpus=616 coverage=13361 exec total=73972 (270/min) pending=0 reproducing=0 
2026/07/29 23:09:30 candidates=0 corpus=616 coverage=13361 exec total=74030 (270/min) pending=0 reproducing=0 
2026/07/29 23:09:40 candidates=0 corpus=616 coverage=13361 exec total=74034 (270/min) pending=0 reproducing=0 
2026/07/29 23:09:50 candidates=0 corpus=616 coverage=13361 exec total=74046 (269/min) pending=0 reproducing=0 
2026/07/29 23:10:00 candidates=0 corpus=616 coverage=13361 exec total=74115 (269/min) pending=0 reproducing=0 
2026/07/29 23:10:10 candidates=0 corpus=616 coverage=13361 exec total=74168 (270/min) pending=0 reproducing=0 
2026/07/29 23:10:20 candidates=0 corpus=616 coverage=13361 exec total=74203 (269/min) pending=0 reproducing=0 
2026/07/29 23:10:30 candidates=0 corpus=616 coverage=13361 exec total=74217 (269/min) pending=0 reproducing=0 
2026/07/29 23:10:40 candidates=0 corpus=616 coverage=13361 exec total=74224 (269/min) pending=0 reproducing=0 
2026/07/29 23:10:50 candidates=0 corpus=616 coverage=13361 exec total=74276 (269/min) pending=0 reproducing=0 
2026/07/29 23:11:00 candidates=0 corpus=616 coverage=13361 exec total=74324 (269/min) pending=0 reproducing=0 
2026/07/29 23:11:10 candidates=0 corpus=616 coverage=13361 exec total=74346 (269/min) pending=0 reproducing=0 
2026/07/29 23:11:20 candidates=0 corpus=616 coverage=13361 exec total=74356 (269/min) pending=0 reproducing=0 
2026/07/29 23:11:30 candidates=0 corpus=616 coverage=13361 exec total=74404 (269/min) pending=0 reproducing=0 
2026/07/29 23:11:40 candidates=0 corpus=616 coverage=13361 exec total=74450 (269/min) pending=0 reproducing=0 
2026/07/29 23:11:50 candidates=0 corpus=616 coverage=13361 exec total=74485 (269/min) pending=0 reproducing=0 
2026/07/29 23:12:00 candidates=0 corpus=618 coverage=13362 exec total=74622 (269/min) pending=0 reproducing=0 
2026/07/29 23:12:10 candidates=0 corpus=618 coverage=13362 exec total=74640 (269/min) pending=0 reproducing=0 
2026/07/29 23:12:20 candidates=0 corpus=618 coverage=13362 exec total=74697 (269/min) pending=0 reproducing=0 
2026/07/29 23:12:30 candidates=0 corpus=618 coverage=13362 exec total=74720 (269/min) pending=0 reproducing=0 
2026/07/29 23:12:40 candidates=0 corpus=618 coverage=13362 exec total=74724 (269/min) pending=0 reproducing=0 
2026/07/29 23:12:50 candidates=0 corpus=618 coverage=13362 exec total=74750 (269/min) pending=0 reproducing=0 
2026/07/29 23:13:00 candidates=0 corpus=618 coverage=13362 exec total=74769 (269/min) pending=0 reproducing=0 
2026/07/29 23:13:10 candidates=0 corpus=618 coverage=13362 exec total=74801 (269/min) pending=0 reproducing=0 
2026/07/29 23:13:20 candidates=0 corpus=618 coverage=13362 exec total=74827 (269/min) pending=0 reproducing=0 
2026/07/29 23:13:30 candidates=0 corpus=618 coverage=13362 exec total=74874 (269/min) pending=0 reproducing=0 
2026/07/29 23:13:40 candidates=0 corpus=618 coverage=13362 exec total=74936 (269/min) pending=0 reproducing=0 
2026/07/29 23:13:50 candidates=0 corpus=618 coverage=13362 exec total=74960 (269/min) pending=0 reproducing=0 
2026/07/29 23:14:00 candidates=0 corpus=618 coverage=13362 exec total=74974 (269/min) pending=0 reproducing=0 
2026/07/29 23:14:10 candidates=0 corpus=618 coverage=13362 exec total=75045 (269/min) pending=0 reproducing=0 
2026/07/29 23:14:20 candidates=0 corpus=618 coverage=13362 exec total=75049 (269/min) pending=0 reproducing=0 
2026/07/29 23:14:30 candidates=0 corpus=618 coverage=13362 exec total=75082 (269/min) pending=0 reproducing=0 
2026/07/29 23:14:40 candidates=0 corpus=618 coverage=13362 exec total=75117 (269/min) pending=0 reproducing=0 
2026/07/29 23:14:50 candidates=0 corpus=618 coverage=13362 exec total=75133 (268/min) pending=0 reproducing=0 
2026/07/29 23:15:00 candidates=0 corpus=618 coverage=13362 exec total=75161 (268/min) pending=0 reproducing=0 
2026/07/29 23:15:10 candidates=0 corpus=618 coverage=13362 exec total=75199 (268/min) pending=0 reproducing=0 
2026/07/29 23:15:20 candidates=0 corpus=618 coverage=13362 exec total=75208 (268/min) pending=0 reproducing=0 
2026/07/29 23:15:30 candidates=0 corpus=618 coverage=13362 exec total=75248 (268/min) pending=0 reproducing=0 
2026/07/29 23:15:40 candidates=0 corpus=618 coverage=13362 exec total=75300 (268/min) pending=0 reproducing=0 
2026/07/29 23:15:50 candidates=0 corpus=618 coverage=13362 exec total=75321 (268/min) pending=0 reproducing=0 
2026/07/29 23:16:00 candidates=0 corpus=618 coverage=13362 exec total=75329 (268/min) pending=0 reproducing=0 
2026/07/29 23:16:10 candidates=0 corpus=618 coverage=13362 exec total=75332 (268/min) pending=0 reproducing=0 
2026/07/29 23:16:20 candidates=0 corpus=619 coverage=13363 exec total=75374 (268/min) pending=0 reproducing=0 
2026/07/29 23:16:30 candidates=0 corpus=619 coverage=13363 exec total=75400 (268/min) pending=0 reproducing=0 
2026/07/29 23:16:40 candidates=0 corpus=619 coverage=13363 exec total=75407 (268/min) pending=0 reproducing=0 
2026/07/29 23:16:50 candidates=0 corpus=619 coverage=13363 exec total=75427 (268/min) pending=0 reproducing=0 
2026/07/29 23:17:00 candidates=0 corpus=619 coverage=13363 exec total=75430 (267/min) pending=0 reproducing=0 
2026/07/29 23:17:10 candidates=0 corpus=619 coverage=13363 exec total=75477 (267/min) pending=0 reproducing=0 
2026/07/29 23:17:20 candidates=0 corpus=619 coverage=13363 exec total=75500 (267/min) pending=0 reproducing=0 
2026/07/29 23:17:30 candidates=0 corpus=619 coverage=13363 exec total=75507 (267/min) pending=0 reproducing=0 
2026/07/29 23:17:40 candidates=0 corpus=619 coverage=13363 exec total=75518 (267/min) pending=0 reproducing=0 
2026/07/29 23:17:50 candidates=0 corpus=619 coverage=13363 exec total=75614 (267/min) pending=0 reproducing=0 
2026/07/29 23:18:00 candidates=0 corpus=619 coverage=13363 exec total=75630 (267/min) pending=0 reproducing=0 
2026/07/29 23:18:10 candidates=0 corpus=619 coverage=13363 exec total=75653 (267/min) pending=0 reproducing=0 
2026/07/29 23:18:20 candidates=0 corpus=619 coverage=13363 exec total=75678 (267/min) pending=0 reproducing=0 
2026/07/29 23:18:30 candidates=0 corpus=619 coverage=13363 exec total=75694 (267/min) pending=0 reproducing=0 
2026/07/29 23:18:40 candidates=0 corpus=619 coverage=13363 exec total=75711 (267/min) pending=0 reproducing=0 
2026/07/29 23:18:50 candidates=0 corpus=619 coverage=13363 exec total=75749 (267/min) pending=0 reproducing=0 
2026/07/29 23:19:00 candidates=0 corpus=619 coverage=13363 exec total=75764 (267/min) pending=0 reproducing=0 
2026/07/29 23:19:10 candidates=0 corpus=619 coverage=13363 exec total=75800 (267/min) pending=0 reproducing=0 
2026/07/29 23:19:20 candidates=0 corpus=619 coverage=13363 exec total=75814 (267/min) pending=0 reproducing=0 
2026/07/29 23:19:30 candidates=0 corpus=619 coverage=13363 exec total=75829 (266/min) pending=0 reproducing=0 
2026/07/29 23:19:40 candidates=0 corpus=619 coverage=13363 exec total=75850 (266/min) pending=0 reproducing=0 
2026/07/29 23:19:50 candidates=0 corpus=619 coverage=13363 exec total=75861 (266/min) pending=0 reproducing=0 
2026/07/29 23:20:00 candidates=0 corpus=619 coverage=13363 exec total=75866 (266/min) pending=0 reproducing=0 
2026/07/29 23:20:10 candidates=0 corpus=619 coverage=13363 exec total=75878 (266/min) pending=0 reproducing=0 
2026/07/29 23:20:20 candidates=0 corpus=619 coverage=13363 exec total=75887 (266/min) pending=0 reproducing=0 
2026/07/29 23:20:30 candidates=0 corpus=620 coverage=13363 exec total=75986 (266/min) pending=0 reproducing=0 
2026/07/29 23:20:40 candidates=0 corpus=620 coverage=13363 exec total=76004 (266/min) pending=0 reproducing=0 
2026/07/29 23:20:50 candidates=0 corpus=620 coverage=13363 exec total=76015 (266/min) pending=0 reproducing=0 
2026/07/29 23:21:00 candidates=0 corpus=620 coverage=13363 exec total=76046 (266/min) pending=0 reproducing=0 
2026/07/29 23:21:10 candidates=0 corpus=620 coverage=13363 exec total=76068 (266/min) pending=0 reproducing=0 
2026/07/29 23:21:20 candidates=0 corpus=620 coverage=13363 exec total=76077 (266/min) pending=0 reproducing=0 
2026/07/29 23:21:30 candidates=0 corpus=620 coverage=13363 exec total=76149 (266/min) pending=0 reproducing=0 
2026/07/29 23:21:40 candidates=0 corpus=620 coverage=13363 exec total=76178 (266/min) pending=0 reproducing=0 
2026/07/29 23:21:50 candidates=0 corpus=620 coverage=13363 exec total=76188 (266/min) pending=0 reproducing=0 
2026/07/29 23:22:00 candidates=0 corpus=620 coverage=13363 exec total=76206 (265/min) pending=0 reproducing=0 
2026/07/29 23:22:10 candidates=0 corpus=620 coverage=13363 exec total=76222 (265/min) pending=0 reproducing=0 
2026/07/29 23:22:20 candidates=0 corpus=621 coverage=13364 exec total=76264 (265/min) pending=0 reproducing=0 
2026/07/29 23:22:30 candidates=0 corpus=621 coverage=13364 exec total=76281 (265/min) pending=0 reproducing=0 
2026/07/29 23:22:40 candidates=0 corpus=621 coverage=13364 exec total=76292 (265/min) pending=0 reproducing=0 
2026/07/29 23:22:50 candidates=0 corpus=621 coverage=13364 exec total=76294 (265/min) pending=0 reproducing=0 
2026/07/29 23:23:00 candidates=0 corpus=621 coverage=13364 exec total=76316 (265/min) pending=0 reproducing=0 
2026/07/29 23:23:10 candidates=0 corpus=621 coverage=13364 exec total=76344 (265/min) pending=0 reproducing=0 
2026/07/29 23:23:20 candidates=0 corpus=621 coverage=13364 exec total=76352 (265/min) pending=0 reproducing=0 
2026/07/29 23:23:30 candidates=0 corpus=621 coverage=13364 exec total=76370 (265/min) pending=0 reproducing=0 
2026/07/29 23:23:40 candidates=0 corpus=621 coverage=13364 exec total=76377 (265/min) pending=0 reproducing=0 
2026/07/29 23:23:50 candidates=0 corpus=621 coverage=13364 exec total=76405 (264/min) pending=0 reproducing=0 
2026/07/29 23:24:00 candidates=0 corpus=621 coverage=13364 exec total=76408 (264/min) pending=0 reproducing=0 
2026/07/29 23:24:10 candidates=0 corpus=621 coverage=13364 exec total=76422 (264/min) pending=0 reproducing=0 
2026/07/29 23:24:20 candidates=0 corpus=621 coverage=13364 exec total=76437 (264/min) pending=0 reproducing=0 
2026/07/29 23:24:30 candidates=0 corpus=621 coverage=13364 exec total=76440 (264/min) pending=0 reproducing=0 
2026/07/29 23:24:40 candidates=0 corpus=621 coverage=13364 exec total=76512 (264/min) pending=0 reproducing=0 
2026/07/29 23:24:50 candidates=0 corpus=621 coverage=13364 exec total=76550 (264/min) pending=0 reproducing=0 
2026/07/29 23:25:00 candidates=0 corpus=621 coverage=13364 exec total=76597 (264/min) pending=0 reproducing=0 
2026/07/29 23:25:10 candidates=0 corpus=621 coverage=13364 exec total=76630 (264/min) pending=0 reproducing=0 
2026/07/29 23:25:20 candidates=0 corpus=621 coverage=13364 exec total=76640 (264/min) pending=0 reproducing=0 
2026/07/29 23:25:30 candidates=0 corpus=621 coverage=13364 exec total=76647 (264/min) pending=0 reproducing=0 
2026/07/29 23:25:40 candidates=0 corpus=621 coverage=13364 exec total=76715 (264/min) pending=0 reproducing=0 
2026/07/29 23:25:50 candidates=0 corpus=621 coverage=13364 exec total=76748 (264/min) pending=0 reproducing=0 
2026/07/29 23:26:00 candidates=0 corpus=621 coverage=13364 exec total=76754 (264/min) pending=0 reproducing=0 
2026/07/29 23:26:10 candidates=0 corpus=621 coverage=13364 exec total=76788 (264/min) pending=0 reproducing=0 
2026/07/29 23:26:20 candidates=0 corpus=621 coverage=13364 exec total=76814 (264/min) pending=0 reproducing=0 
2026/07/29 23:26:30 candidates=0 corpus=622 coverage=13364 exec total=76858 (264/min) pending=0 reproducing=0 
2026/07/29 23:26:40 candidates=0 corpus=622 coverage=13364 exec total=76891 (264/min) pending=0 reproducing=0 
2026/07/29 23:26:50 candidates=0 corpus=622 coverage=13364 exec total=76936 (264/min) pending=0 reproducing=0 
2026/07/29 23:27:00 candidates=0 corpus=622 coverage=13364 exec total=76943 (263/min) pending=0 reproducing=0 
2026/07/29 23:27:10 candidates=0 corpus=622 coverage=13364 exec total=76970 (263/min) pending=0 reproducing=0 
2026/07/29 23:27:20 candidates=0 corpus=622 coverage=13364 exec total=77004 (263/min) pending=0 reproducing=0 
2026/07/29 23:27:30 candidates=0 corpus=622 coverage=13364 exec total=77041 (263/min) pending=0 reproducing=0 
2026/07/29 23:27:40 candidates=0 corpus=622 coverage=13364 exec total=77070 (263/min) pending=0 reproducing=0 
2026/07/29 23:27:50 candidates=0 corpus=622 coverage=13364 exec total=77090 (263/min) pending=0 reproducing=0 
2026/07/29 23:28:00 candidates=0 corpus=622 coverage=13364 exec total=77125 (263/min) pending=0 reproducing=0 
2026/07/29 23:28:10 candidates=0 corpus=622 coverage=13364 exec total=77163 (263/min) pending=0 reproducing=0 
2026/07/29 23:28:20 candidates=0 corpus=622 coverage=13364 exec total=77185 (263/min) pending=0 reproducing=0 
2026/07/29 23:28:30 candidates=0 corpus=622 coverage=13364 exec total=77216 (263/min) pending=0 reproducing=0 
2026/07/29 23:28:40 candidates=0 corpus=622 coverage=13364 exec total=77241 (263/min) pending=0 reproducing=0 
2026/07/29 23:28:50 candidates=0 corpus=622 coverage=13364 exec total=77265 (263/min) pending=0 reproducing=0 
2026/07/29 23:29:00 candidates=0 corpus=622 coverage=13364 exec total=77271 (263/min) pending=0 reproducing=0 
2026/07/29 23:29:10 candidates=0 corpus=622 coverage=13364 exec total=77317 (263/min) pending=0 reproducing=0 
2026/07/29 23:29:20 candidates=0 corpus=622 coverage=13364 exec total=77365 (263/min) pending=0 reproducing=0 
2026/07/29 23:29:30 candidates=0 corpus=622 coverage=13364 exec total=77401 (263/min) pending=0 reproducing=0 
2026/07/29 23:29:40 candidates=0 corpus=622 coverage=13364 exec total=77420 (263/min) pending=0 reproducing=0 
2026/07/29 23:29:50 candidates=0 corpus=622 coverage=13364 exec total=77460 (263/min) pending=0 reproducing=0 
2026/07/29 23:30:00 candidates=0 corpus=622 coverage=13364 exec total=77466 (263/min) pending=0 reproducing=0 
2026/07/29 23:30:10 candidates=0 corpus=622 coverage=13364 exec total=77490 (262/min) pending=0 reproducing=0 
2026/07/29 23:30:20 candidates=0 corpus=622 coverage=13364 exec total=77514 (262/min) pending=0 reproducing=0 
2026/07/29 23:30:30 candidates=0 corpus=622 coverage=13364 exec total=77521 (262/min) pending=0 reproducing=0 
2026/07/29 23:30:40 candidates=0 corpus=622 coverage=13364 exec total=77545 (262/min) pending=0 reproducing=0 
2026/07/29 23:30:50 candidates=0 corpus=622 coverage=13364 exec total=77552 (262/min) pending=0 reproducing=0 
2026/07/29 23:31:00 candidates=0 corpus=622 coverage=13364 exec total=77562 (262/min) pending=0 reproducing=0 
2026/07/29 23:31:10 candidates=0 corpus=622 coverage=13364 exec total=77620 (262/min) pending=0 reproducing=0 
2026/07/29 23:31:20 candidates=0 corpus=623 coverage=13366 exec total=77711 (262/min) pending=0 reproducing=0 
2026/07/29 23:31:30 candidates=0 corpus=623 coverage=13366 exec total=77732 (262/min) pending=0 reproducing=0 
2026/07/29 23:31:40 candidates=0 corpus=623 coverage=13366 exec total=77766 (262/min) pending=0 reproducing=0 
2026/07/29 23:31:50 candidates=0 corpus=623 coverage=13366 exec total=77783 (262/min) pending=0 reproducing=0 
2026/07/29 23:32:00 candidates=0 corpus=623 coverage=13366 exec total=77806 (262/min) pending=0 reproducing=0 
2026/07/29 23:32:10 candidates=0 corpus=623 coverage=13366 exec total=77815 (262/min) pending=0 reproducing=0 
2026/07/29 23:32:20 candidates=0 corpus=623 coverage=13366 exec total=77865 (262/min) pending=0 reproducing=0 
2026/07/29 23:32:30 candidates=0 corpus=623 coverage=13366 exec total=77881 (262/min) pending=0 reproducing=0 
2026/07/29 23:32:40 candidates=0 corpus=623 coverage=13366 exec total=77929 (262/min) pending=0 reproducing=0 
2026/07/29 23:32:50 candidates=0 corpus=623 coverage=13366 exec total=77942 (262/min) pending=0 reproducing=0 
2026/07/29 23:33:00 candidates=0 corpus=623 coverage=13366 exec total=77982 (262/min) pending=0 reproducing=0 
2026/07/29 23:33:10 candidates=0 corpus=623 coverage=13366 exec total=78026 (262/min) pending=0 reproducing=0 
2026/07/29 23:33:20 candidates=0 corpus=624 coverage=13369 exec total=78079 (262/min) pending=0 reproducing=0 
2026/07/29 23:33:30 candidates=0 corpus=624 coverage=13369 exec total=78089 (262/min) pending=0 reproducing=0 
2026/07/29 23:33:40 candidates=0 corpus=624 coverage=13369 exec total=78118 (261/min) pending=0 reproducing=0 
2026/07/29 23:33:50 candidates=0 corpus=624 coverage=13369 exec total=78131 (261/min) pending=0 reproducing=0 
2026/07/29 23:34:00 candidates=0 corpus=624 coverage=13369 exec total=78177 (261/min) pending=0 reproducing=0 
2026/07/29 23:34:10 candidates=0 corpus=624 coverage=13369 exec total=78223 (261/min) pending=0 reproducing=0 
2026/07/29 23:34:20 candidates=0 corpus=624 coverage=13369 exec total=78240 (261/min) pending=0 reproducing=0 
2026/07/29 23:34:30 candidates=0 corpus=624 coverage=13369 exec total=78269 (261/min) pending=0 reproducing=0 
2026/07/29 23:34:40 candidates=0 corpus=624 coverage=13369 exec total=78278 (261/min) pending=0 reproducing=0 
2026/07/29 23:34:50 candidates=0 corpus=624 coverage=13369 exec total=78283 (261/min) pending=0 reproducing=0 
2026/07/29 23:35:00 candidates=0 corpus=624 coverage=13369 exec total=78307 (261/min) pending=0 reproducing=0 
2026/07/29 23:35:10 candidates=0 corpus=624 coverage=13369 exec total=78346 (261/min) pending=0 reproducing=0 
2026/07/29 23:35:20 candidates=0 corpus=624 coverage=13369 exec total=78366 (261/min) pending=0 reproducing=0 
2026/07/29 23:35:30 candidates=0 corpus=624 coverage=13369 exec total=78404 (261/min) pending=0 reproducing=0 
2026/07/29 23:35:40 candidates=0 corpus=624 coverage=13369 exec total=78440 (261/min) pending=0 reproducing=0 
2026/07/29 23:35:50 candidates=0 corpus=624 coverage=13369 exec total=78458 (261/min) pending=0 reproducing=0 
2026/07/29 23:36:00 candidates=0 corpus=624 coverage=13369 exec total=78467 (261/min) pending=0 reproducing=0 
2026/07/29 23:36:10 candidates=0 corpus=624 coverage=13369 exec total=78495 (261/min) pending=0 reproducing=0 
2026/07/29 23:36:20 candidates=0 corpus=624 coverage=13369 exec total=78510 (260/min) pending=0 reproducing=0 
2026/07/29 23:36:30 candidates=0 corpus=624 coverage=13369 exec total=78561 (260/min) pending=0 reproducing=0 
2026/07/29 23:36:40 candidates=0 corpus=624 coverage=13369 exec total=78600 (260/min) pending=0 reproducing=0 
2026/07/29 23:36:50 candidates=0 corpus=624 coverage=13369 exec total=78610 (260/min) pending=0 reproducing=0 
2026/07/29 23:37:00 candidates=0 corpus=624 coverage=13369 exec total=78648 (260/min) pending=0 reproducing=0 
2026/07/29 23:37:10 candidates=0 corpus=624 coverage=13369 exec total=78722 (260/min) pending=0 reproducing=0 
2026/07/29 23:37:20 candidates=0 corpus=624 coverage=13369 exec total=78729 (260/min) pending=0 reproducing=0 
2026/07/29 23:37:30 candidates=0 corpus=624 coverage=13369 exec total=78794 (260/min) pending=0 reproducing=0 
2026/07/29 23:37:40 candidates=0 corpus=624 coverage=13369 exec total=78810 (260/min) pending=0 reproducing=0 
2026/07/29 23:37:50 candidates=0 corpus=624 coverage=13369 exec total=78821 (260/min) pending=0 reproducing=0 
2026/07/29 23:38:00 candidates=0 corpus=624 coverage=13369 exec total=78846 (260/min) pending=0 reproducing=0 
2026/07/29 23:38:10 candidates=0 corpus=624 coverage=13369 exec total=78859 (260/min) pending=0 reproducing=0 
2026/07/29 23:38:20 candidates=0 corpus=624 coverage=13369 exec total=78885 (260/min) pending=0 reproducing=0 
2026/07/29 23:38:30 candidates=0 corpus=624 coverage=13369 exec total=78934 (260/min) pending=0 reproducing=0 
2026/07/29 23:38:40 candidates=0 corpus=624 coverage=13369 exec total=78952 (260/min) pending=0 reproducing=0 
2026/07/29 23:38:50 candidates=0 corpus=624 coverage=13369 exec total=78984 (260/min) pending=0 reproducing=0 
2026/07/29 23:39:00 candidates=0 corpus=624 coverage=13369 exec total=79006 (260/min) pending=0 reproducing=0 
2026/07/29 23:39:10 candidates=0 corpus=624 coverage=13369 exec total=79027 (260/min) pending=0 reproducing=0 
2026/07/29 23:39:20 candidates=0 corpus=624 coverage=13369 exec total=79040 (260/min) pending=0 reproducing=0 
2026/07/29 23:39:30 candidates=0 corpus=624 coverage=13369 exec total=79083 (260/min) pending=0 reproducing=0 
2026/07/29 23:39:40 candidates=0 corpus=624 coverage=13369 exec total=79098 (260/min) pending=0 reproducing=0 
2026/07/29 23:39:50 candidates=0 corpus=624 coverage=13369 exec total=79132 (260/min) pending=0 reproducing=0 
2026/07/29 23:40:00 candidates=0 corpus=624 coverage=13369 exec total=79138 (259/min) pending=0 reproducing=0 
2026/07/29 23:40:10 candidates=0 corpus=624 coverage=13369 exec total=79172 (259/min) pending=0 reproducing=0 
2026/07/29 23:40:20 candidates=0 corpus=624 coverage=13369 exec total=79191 (259/min) pending=0 reproducing=0 
2026/07/29 23:40:30 candidates=0 corpus=624 coverage=13369 exec total=79230 (259/min) pending=0 reproducing=0 
2026/07/29 23:40:40 candidates=0 corpus=624 coverage=13369 exec total=79264 (259/min) pending=0 reproducing=0 
2026/07/29 23:40:50 candidates=0 corpus=624 coverage=13369 exec total=79294 (259/min) pending=0 reproducing=0 
2026/07/29 23:41:00 candidates=0 corpus=624 coverage=13369 exec total=79345 (259/min) pending=0 reproducing=0 
2026/07/29 23:41:10 candidates=0 corpus=624 coverage=13369 exec total=79354 (259/min) pending=0 reproducing=0 
2026/07/29 23:41:20 candidates=0 corpus=624 coverage=13369 exec total=79400 (259/min) pending=0 reproducing=0 
2026/07/29 23:41:30 candidates=0 corpus=624 coverage=13369 exec total=79416 (259/min) pending=0 reproducing=0 
2026/07/29 23:41:40 candidates=0 corpus=624 coverage=13369 exec total=79438 (259/min) pending=0 reproducing=0 
2026/07/29 23:41:50 candidates=0 corpus=624 coverage=13369 exec total=79463 (259/min) pending=0 reproducing=0 
2026/07/29 23:42:00 candidates=0 corpus=624 coverage=13369 exec total=79486 (259/min) pending=0 reproducing=0 
2026/07/29 23:42:10 candidates=0 corpus=624 coverage=13369 exec total=79516 (259/min) pending=0 reproducing=0 
2026/07/29 23:42:20 candidates=0 corpus=624 coverage=13369 exec total=79550 (259/min) pending=0 reproducing=0 
2026/07/29 23:42:30 candidates=0 corpus=624 coverage=13369 exec total=79582 (259/min) pending=0 reproducing=0 
2026/07/29 23:42:40 candidates=0 corpus=624 coverage=13369 exec total=79619 (259/min) pending=0 reproducing=0 
2026/07/29 23:42:50 candidates=0 corpus=624 coverage=13369 exec total=79656 (259/min) pending=0 reproducing=0 
2026/07/29 23:43:00 candidates=0 corpus=624 coverage=13369 exec total=79671 (259/min) pending=0 reproducing=0 
2026/07/29 23:43:10 candidates=0 corpus=624 coverage=13369 exec total=79707 (259/min) pending=0 reproducing=0 
2026/07/29 23:43:20 candidates=0 corpus=624 coverage=13369 exec total=79725 (258/min) pending=0 reproducing=0 
2026/07/29 23:43:30 candidates=0 corpus=624 coverage=13369 exec total=79753 (258/min) pending=0 reproducing=0 
2026/07/29 23:43:40 candidates=0 corpus=624 coverage=13369 exec total=79794 (258/min) pending=0 reproducing=0 
2026/07/29 23:43:50 candidates=0 corpus=625 coverage=13371 exec total=79850 (258/min) pending=0 reproducing=0 
2026/07/29 23:44:00 candidates=0 corpus=625 coverage=13371 exec total=79866 (258/min) pending=0 reproducing=0 
2026/07/29 23:44:10 candidates=0 corpus=625 coverage=13371 exec total=79885 (258/min) pending=0 reproducing=0 
2026/07/29 23:44:20 candidates=0 corpus=625 coverage=13371 exec total=79933 (258/min) pending=0 reproducing=0 
2026/07/29 23:44:30 candidates=0 corpus=625 coverage=13371 exec total=79982 (258/min) pending=0 reproducing=0 
2026/07/29 23:44:40 candidates=0 corpus=625 coverage=13371 exec total=80004 (258/min) pending=0 reproducing=0 
2026/07/29 23:44:50 candidates=0 corpus=625 coverage=13371 exec total=80029 (258/min) pending=0 reproducing=0 
2026/07/29 23:45:00 candidates=0 corpus=625 coverage=13371 exec total=80040 (258/min) pending=0 reproducing=0 
2026/07/29 23:45:10 candidates=0 corpus=625 coverage=13371 exec total=80052 (258/min) pending=0 reproducing=0 
2026/07/29 23:45:20 candidates=0 corpus=625 coverage=13371 exec total=80098 (258/min) pending=0 reproducing=0 
2026/07/29 23:45:30 candidates=0 corpus=625 coverage=13371 exec total=80125 (258/min) pending=0 reproducing=0 
2026/07/29 23:45:40 candidates=0 corpus=625 coverage=13371 exec total=80153 (258/min) pending=0 reproducing=0 
2026/07/29 23:45:50 candidates=0 corpus=625 coverage=13371 exec total=80177 (258/min) pending=0 reproducing=0 
2026/07/29 23:46:00 candidates=0 corpus=625 coverage=13371 exec total=80215 (258/min) pending=0 reproducing=0 
2026/07/29 23:46:10 candidates=0 corpus=625 coverage=13371 exec total=80258 (258/min) pending=0 reproducing=0 
2026/07/29 23:46:20 candidates=0 corpus=625 coverage=13371 exec total=80266 (258/min) pending=0 reproducing=0 
2026/07/29 23:46:30 candidates=0 corpus=625 coverage=13371 exec total=80272 (258/min) pending=0 reproducing=0 
2026/07/29 23:46:40 candidates=0 corpus=625 coverage=13371 exec total=80276 (257/min) pending=0 reproducing=0 
2026/07/29 23:46:50 candidates=0 corpus=625 coverage=13371 exec total=80299 (257/min) pending=0 reproducing=0 
2026/07/29 23:47:00 candidates=0 corpus=625 coverage=13371 exec total=80341 (257/min) pending=0 reproducing=0 
2026/07/29 23:47:10 candidates=0 corpus=625 coverage=13371 exec total=80349 (257/min) pending=0 reproducing=0 
2026/07/29 23:47:20 candidates=0 corpus=625 coverage=13371 exec total=80385 (257/min) pending=0 reproducing=0 
2026/07/29 23:47:30 candidates=0 corpus=625 coverage=13371 exec total=80390 (257/min) pending=0 reproducing=0 
2026/07/29 23:47:40 candidates=0 corpus=625 coverage=13371 exec total=80402 (257/min) pending=0 reproducing=0 
2026/07/29 23:47:50 candidates=0 corpus=625 coverage=13371 exec total=80429 (257/min) pending=0 reproducing=0 
2026/07/29 23:48:00 candidates=0 corpus=625 coverage=13371 exec total=80455 (257/min) pending=0 reproducing=0 
2026/07/29 23:48:10 candidates=0 corpus=625 coverage=13371 exec total=80511 (257/min) pending=0 reproducing=0 
2026/07/29 23:48:20 candidates=0 corpus=625 coverage=13371 exec total=80550 (257/min) pending=0 reproducing=0 
2026/07/29 23:48:30 candidates=0 corpus=625 coverage=13371 exec total=80570 (257/min) pending=0 reproducing=0 
2026/07/29 23:48:40 candidates=0 corpus=625 coverage=13371 exec total=80596 (257/min) pending=0 reproducing=0 
2026/07/29 23:48:50 candidates=0 corpus=625 coverage=13371 exec total=80607 (257/min) pending=0 reproducing=0 
2026/07/29 23:49:00 candidates=0 corpus=625 coverage=13371 exec total=80630 (257/min) pending=0 reproducing=0 
2026/07/29 23:49:10 candidates=0 corpus=625 coverage=13371 exec total=80669 (257/min) pending=0 reproducing=0 
2026/07/29 23:49:20 candidates=0 corpus=625 coverage=13371 exec total=80716 (257/min) pending=0 reproducing=0 
2026/07/29 23:49:30 candidates=0 corpus=625 coverage=13371 exec total=80737 (257/min) pending=0 reproducing=0 
2026/07/29 23:49:40 candidates=0 corpus=625 coverage=13371 exec total=80790 (257/min) pending=0 reproducing=0 
2026/07/29 23:49:50 candidates=0 corpus=627 coverage=13376 exec total=80917 (257/min) pending=0 reproducing=0 
2026/07/29 23:50:00 candidates=0 corpus=627 coverage=13376 exec total=80986 (257/min) pending=0 reproducing=0 
2026/07/29 23:50:10 candidates=0 corpus=627 coverage=13376 exec total=80992 (257/min) pending=0 reproducing=0 
2026/07/29 23:50:20 candidates=0 corpus=627 coverage=13376 exec total=81014 (257/min) pending=0 reproducing=0 
2026/07/29 23:50:30 candidates=0 corpus=627 coverage=13376 exec total=81032 (257/min) pending=0 reproducing=0 
2026/07/29 23:50:40 candidates=0 corpus=627 coverage=13376 exec total=81055 (257/min) pending=0 reproducing=0 
2026/07/29 23:50:50 candidates=0 corpus=627 coverage=13376 exec total=81072 (257/min) pending=0 reproducing=0 
2026/07/29 23:51:00 candidates=0 corpus=627 coverage=13376 exec total=81084 (256/min) pending=0 reproducing=0 
2026/07/29 23:51:10 candidates=0 corpus=627 coverage=13376 exec total=81116 (256/min) pending=0 reproducing=0 
2026/07/29 23:51:20 candidates=0 corpus=627 coverage=13376 exec total=81137 (256/min) pending=0 reproducing=0 
2026/07/29 23:51:30 candidates=0 corpus=627 coverage=13376 exec total=81152 (256/min) pending=0 reproducing=0 
2026/07/29 23:51:40 candidates=0 corpus=627 coverage=13376 exec total=81183 (256/min) pending=0 reproducing=0 
2026/07/29 23:51:50 candidates=0 corpus=627 coverage=13376 exec total=81191 (256/min) pending=0 reproducing=0 
2026/07/29 23:52:00 candidates=0 corpus=627 coverage=13376 exec total=81256 (256/min) pending=0 reproducing=0 
2026/07/29 23:52:10 candidates=0 corpus=627 coverage=13376 exec total=81268 (256/min) pending=0 reproducing=0 
2026/07/29 23:52:20 candidates=0 corpus=627 coverage=13376 exec total=81308 (256/min) pending=0 reproducing=0 
2026/07/29 23:52:30 candidates=0 corpus=627 coverage=13376 exec total=81316 (256/min) pending=0 reproducing=0 
2026/07/29 23:52:40 candidates=0 corpus=627 coverage=13376 exec total=81397 (256/min) pending=0 reproducing=0 
2026/07/29 23:52:50 candidates=0 corpus=627 coverage=13376 exec total=81458 (256/min) pending=0 reproducing=0 
2026/07/29 23:53:00 candidates=0 corpus=627 coverage=13376 exec total=81495 (256/min) pending=0 reproducing=0 
2026/07/29 23:53:10 candidates=0 corpus=627 coverage=13376 exec total=81521 (256/min) pending=0 reproducing=0 
2026/07/29 23:53:20 candidates=0 corpus=627 coverage=13376 exec total=81542 (256/min) pending=0 reproducing=0 
2026/07/29 23:53:30 candidates=0 corpus=627 coverage=13376 exec total=81574 (256/min) pending=0 reproducing=0 
2026/07/29 23:53:40 candidates=0 corpus=627 coverage=13376 exec total=81584 (256/min) pending=0 reproducing=0 
2026/07/29 23:53:50 candidates=0 corpus=627 coverage=13376 exec total=81591 (256/min) pending=0 reproducing=0 
2026/07/29 23:54:00 candidates=0 corpus=627 coverage=13376 exec total=81601 (256/min) pending=0 reproducing=0 
2026/07/29 23:54:10 candidates=0 corpus=627 coverage=13376 exec total=81603 (256/min) pending=0 reproducing=0 
2026/07/29 23:54:20 candidates=0 corpus=627 coverage=13376 exec total=81672 (256/min) pending=0 reproducing=0 
2026/07/29 23:54:30 candidates=0 corpus=627 coverage=13376 exec total=81685 (256/min) pending=0 reproducing=0 
2026/07/29 23:54:40 candidates=0 corpus=627 coverage=13376 exec total=81703 (255/min) pending=0 reproducing=0 
2026/07/29 23:54:50 candidates=0 corpus=627 coverage=13376 exec total=81730 (255/min) pending=0 reproducing=0 
2026/07/29 23:55:00 candidates=0 corpus=627 coverage=13376 exec total=81756 (255/min) pending=0 reproducing=0 
2026/07/29 23:55:10 candidates=0 corpus=627 coverage=13376 exec total=81786 (255/min) pending=0 reproducing=0 
2026/07/29 23:55:20 candidates=0 corpus=627 coverage=13376 exec total=81818 (255/min) pending=0 reproducing=0 
2026/07/29 23:55:30 candidates=0 corpus=627 coverage=13376 exec total=81849 (255/min) pending=0 reproducing=0 
2026/07/29 23:55:40 candidates=0 corpus=627 coverage=13376 exec total=81871 (255/min) pending=0 reproducing=0 
2026/07/29 23:55:50 candidates=0 corpus=627 coverage=13376 exec total=81916 (255/min) pending=0 reproducing=0 
2026/07/29 23:56:00 candidates=0 corpus=627 coverage=13376 exec total=81962 (255/min) pending=0 reproducing=0 
2026/07/29 23:56:10 candidates=0 corpus=627 coverage=13376 exec total=81986 (255/min) pending=0 reproducing=0 
2026/07/29 23:56:20 candidates=0 corpus=627 coverage=13376 exec total=81993 (255/min) pending=0 reproducing=0 
2026/07/29 23:56:30 candidates=0 corpus=627 coverage=13376 exec total=82033 (255/min) pending=0 reproducing=0 
2026/07/29 23:56:40 candidates=0 corpus=627 coverage=13376 exec total=82100 (255/min) pending=0 reproducing=0 
2026/07/29 23:56:50 candidates=0 corpus=627 coverage=13376 exec total=82113 (255/min) pending=0 reproducing=0 
2026/07/29 23:57:00 candidates=0 corpus=627 coverage=13376 exec total=82139 (255/min) pending=0 reproducing=0 
2026/07/29 23:57:10 candidates=0 corpus=627 coverage=13376 exec total=82143 (255/min) pending=0 reproducing=0 
2026/07/29 23:57:20 candidates=0 corpus=627 coverage=13376 exec total=82149 (255/min) pending=0 reproducing=0 
2026/07/29 23:57:30 candidates=0 corpus=627 coverage=13376 exec total=82180 (255/min) pending=0 reproducing=0 
2026/07/29 23:57:40 candidates=0 corpus=627 coverage=13376 exec total=82194 (255/min) pending=0 reproducing=0 
2026/07/29 23:57:50 candidates=0 corpus=627 coverage=13376 exec total=82214 (255/min) pending=0 reproducing=0 
2026/07/29 23:58:00 candidates=0 corpus=627 coverage=13376 exec total=82272 (255/min) pending=0 reproducing=0 
2026/07/29 23:58:10 candidates=0 corpus=627 coverage=13376 exec total=82298 (255/min) pending=0 reproducing=0 
2026/07/29 23:58:20 candidates=0 corpus=627 coverage=13376 exec total=82309 (254/min) pending=0 reproducing=0 
2026/07/29 23:58:30 candidates=0 corpus=627 coverage=13376 exec total=82321 (254/min) pending=0 reproducing=0 
2026/07/29 23:58:40 candidates=0 corpus=628 coverage=13377 exec total=82360 (254/min) pending=0 reproducing=0 
2026/07/29 23:58:50 candidates=0 corpus=628 coverage=13377 exec total=82383 (254/min) pending=0 reproducing=0 
2026/07/29 23:59:00 candidates=0 corpus=628 coverage=13377 exec total=82388 (254/min) pending=0 reproducing=0 
2026/07/29 23:59:10 candidates=0 corpus=628 coverage=13377 exec total=82425 (254/min) pending=0 reproducing=0 
2026/07/29 23:59:20 candidates=0 corpus=628 coverage=13377 exec total=82432 (254/min) pending=0 reproducing=0 
2026/07/29 23:59:30 candidates=0 corpus=628 coverage=13377 exec total=82441 (254/min) pending=0 reproducing=0 
2026/07/29 23:59:40 candidates=0 corpus=628 coverage=13377 exec total=82455 (254/min) pending=0 reproducing=0 
2026/07/29 23:59:50 candidates=0 corpus=628 coverage=13377 exec total=82474 (254/min) pending=0 reproducing=0 
2026/07/30 00:00:00 candidates=0 corpus=628 coverage=13377 exec total=82511 (254/min) pending=0 reproducing=0 
2026/07/30 00:00:10 candidates=0 corpus=628 coverage=13377 exec total=82522 (254/min) pending=0 reproducing=0 
2026/07/30 00:00:20 candidates=0 corpus=628 coverage=13377 exec total=82601 (254/min) pending=0 reproducing=0 
2026/07/30 00:00:30 candidates=0 corpus=628 coverage=13377 exec total=82640 (254/min) pending=0 reproducing=0 
2026/07/30 00:00:40 candidates=0 corpus=628 coverage=13377 exec total=82663 (254/min) pending=0 reproducing=0 
2026/07/30 00:00:50 candidates=0 corpus=628 coverage=13377 exec total=82687 (254/min) pending=0 reproducing=0 
2026/07/30 00:01:00 candidates=0 corpus=628 coverage=13377 exec total=82753 (254/min) pending=0 reproducing=0 
2026/07/30 00:01:10 candidates=0 corpus=628 coverage=13377 exec total=82764 (254/min) pending=0 reproducing=0 
2026/07/30 00:01:20 candidates=0 corpus=628 coverage=13377 exec total=82815 (254/min) pending=0 reproducing=0 
2026/07/30 00:01:30 candidates=0 corpus=628 coverage=13377 exec total=82860 (254/min) pending=0 reproducing=0 
2026/07/30 00:01:40 candidates=0 corpus=628 coverage=13377 exec total=82888 (254/min) pending=0 reproducing=0 
2026/07/30 00:01:50 candidates=0 corpus=628 coverage=13377 exec total=82900 (254/min) pending=0 reproducing=0 
2026/07/30 00:02:00 candidates=0 corpus=628 coverage=13377 exec total=82934 (253/min) pending=0 reproducing=0 
2026/07/30 00:02:10 candidates=0 corpus=628 coverage=13377 exec total=82990 (254/min) pending=0 reproducing=0 
2026/07/30 00:02:20 candidates=0 corpus=628 coverage=13377 exec total=82995 (253/min) pending=0 reproducing=0 
2026/07/30 00:02:30 candidates=0 corpus=628 coverage=13377 exec total=83015 (253/min) pending=0 reproducing=0 
2026/07/30 00:02:40 candidates=0 corpus=628 coverage=13377 exec total=83047 (253/min) pending=0 reproducing=0 
2026/07/30 00:02:50 candidates=0 corpus=628 coverage=13377 exec total=83085 (253/min) pending=0 reproducing=0 
2026/07/30 00:03:00 candidates=0 corpus=628 coverage=13377 exec total=83106 (253/min) pending=0 reproducing=0 
2026/07/30 00:03:10 candidates=0 corpus=628 coverage=13377 exec total=83146 (253/min) pending=0 reproducing=0 
2026/07/30 00:03:20 candidates=0 corpus=628 coverage=13377 exec total=83158 (253/min) pending=0 reproducing=0 
2026/07/30 00:03:30 candidates=0 corpus=628 coverage=13377 exec total=83165 (253/min) pending=0 reproducing=0 
2026/07/30 00:03:40 candidates=0 corpus=628 coverage=13377 exec total=83194 (253/min) pending=0 reproducing=0 
2026/07/30 00:03:50 candidates=0 corpus=628 coverage=13377 exec total=83199 (253/min) pending=0 reproducing=0 
2026/07/30 00:04:00 candidates=0 corpus=628 coverage=13377 exec total=83237 (253/min) pending=0 reproducing=0 
2026/07/30 00:04:10 candidates=0 corpus=628 coverage=13377 exec total=83267 (253/min) pending=0 reproducing=0 
2026/07/30 00:04:20 candidates=0 corpus=628 coverage=13377 exec total=83276 (253/min) pending=0 reproducing=0 
2026/07/30 00:04:30 candidates=0 corpus=628 coverage=13377 exec total=83316 (253/min) pending=0 reproducing=0 
2026/07/30 00:04:40 candidates=0 corpus=628 coverage=13377 exec total=83320 (253/min) pending=0 reproducing=0 
2026/07/30 00:04:50 candidates=0 corpus=628 coverage=13377 exec total=83353 (253/min) pending=0 reproducing=0 
2026/07/30 00:05:00 candidates=0 corpus=628 coverage=13377 exec total=83371 (253/min) pending=0 reproducing=0 
2026/07/30 00:05:10 candidates=0 corpus=628 coverage=13377 exec total=83447 (253/min) pending=0 reproducing=0 
2026/07/30 00:05:20 candidates=0 corpus=628 coverage=13377 exec total=83481 (253/min) pending=0 reproducing=0 
2026/07/30 00:05:30 candidates=0 corpus=628 coverage=13377 exec total=83488 (252/min) pending=0 reproducing=0 
2026/07/30 00:05:40 candidates=0 corpus=628 coverage=13377 exec total=83520 (252/min) pending=0 reproducing=0 
2026/07/30 00:05:50 candidates=0 corpus=628 coverage=13377 exec total=83526 (252/min) pending=0 reproducing=0 
2026/07/30 00:06:00 candidates=0 corpus=628 coverage=13377 exec total=83546 (252/min) pending=0 reproducing=0 
2026/07/30 00:06:10 candidates=0 corpus=628 coverage=13377 exec total=83607 (252/min) pending=0 reproducing=0 
2026/07/30 00:06:20 candidates=0 corpus=628 coverage=13377 exec total=83632 (252/min) pending=0 reproducing=0 
2026/07/30 00:06:30 candidates=0 corpus=628 coverage=13377 exec total=83643 (252/min) pending=0 reproducing=0 
2026/07/30 00:06:40 candidates=0 corpus=628 coverage=13377 exec total=83660 (252/min) pending=0 reproducing=0 
2026/07/30 00:06:50 candidates=0 corpus=628 coverage=13377 exec total=83706 (252/min) pending=0 reproducing=0 
2026/07/30 00:07:00 candidates=0 corpus=628 coverage=13377 exec total=83739 (252/min) pending=0 reproducing=0 
2026/07/30 00:07:10 candidates=0 corpus=628 coverage=13377 exec total=83783 (252/min) pending=0 reproducing=0 
2026/07/30 00:07:20 candidates=0 corpus=628 coverage=13377 exec total=83853 (252/min) pending=0 reproducing=0 
2026/07/30 00:07:30 candidates=0 corpus=628 coverage=13377 exec total=83861 (252/min) pending=0 reproducing=0 
2026/07/30 00:07:40 candidates=0 corpus=628 coverage=13377 exec total=83875 (252/min) pending=0 reproducing=0 
2026/07/30 00:07:50 candidates=0 corpus=628 coverage=13377 exec total=83891 (252/min) pending=0 reproducing=0 
2026/07/30 00:08:00 candidates=0 corpus=628 coverage=13377 exec total=83897 (252/min) pending=0 reproducing=0 
2026/07/30 00:08:10 candidates=0 corpus=628 coverage=13377 exec total=83951 (252/min) pending=0 reproducing=0 
2026/07/30 00:08:20 candidates=0 corpus=629 coverage=13381 exec total=83996 (252/min) pending=0 reproducing=0 
2026/07/30 00:08:30 candidates=0 corpus=629 coverage=13381 exec total=84006 (252/min) pending=0 reproducing=0 
2026/07/30 00:08:40 candidates=0 corpus=629 coverage=13381 exec total=84022 (252/min) pending=0 reproducing=0 
2026/07/30 00:08:50 candidates=0 corpus=629 coverage=13381 exec total=84040 (252/min) pending=0 reproducing=0 
2026/07/30 00:09:00 candidates=0 corpus=629 coverage=13381 exec total=84045 (251/min) pending=0 reproducing=0 
2026/07/30 00:09:10 candidates=0 corpus=629 coverage=13381 exec total=84107 (252/min) pending=0 reproducing=0 
2026/07/30 00:09:20 candidates=0 corpus=629 coverage=13381 exec total=84172 (252/min) pending=0 reproducing=0 
2026/07/30 00:09:30 candidates=0 corpus=629 coverage=13381 exec total=84255 (252/min) pending=0 reproducing=0 
2026/07/30 00:09:40 candidates=0 corpus=629 coverage=13381 exec total=84272 (252/min) pending=0 reproducing=0 
2026/07/30 00:09:50 candidates=0 corpus=630 coverage=13382 exec total=84314 (252/min) pending=0 reproducing=0 
2026/07/30 00:10:00 candidates=0 corpus=630 coverage=13382 exec total=84340 (252/min) pending=0 reproducing=0 
2026/07/30 00:10:10 candidates=0 corpus=630 coverage=13382 exec total=84364 (252/min) pending=0 reproducing=0 
2026/07/30 00:10:20 candidates=0 corpus=630 coverage=13382 exec total=84373 (251/min) pending=0 reproducing=0 
2026/07/30 00:10:30 candidates=0 corpus=630 coverage=13382 exec total=84388 (251/min) pending=0 reproducing=0 
2026/07/30 00:10:40 candidates=0 corpus=630 coverage=13382 exec total=84427 (251/min) pending=0 reproducing=0 
2026/07/30 00:10:50 candidates=0 corpus=630 coverage=13382 exec total=84479 (251/min) pending=0 reproducing=0 
2026/07/30 00:11:00 candidates=0 corpus=630 coverage=13382 exec total=84493 (251/min) pending=0 reproducing=0 
2026/07/30 00:11:10 candidates=0 corpus=630 coverage=13382 exec total=84519 (251/min) pending=0 reproducing=0 
2026/07/30 00:11:20 candidates=0 corpus=632 coverage=13385 exec total=84617 (251/min) pending=0 reproducing=0 
2026/07/30 00:11:30 candidates=0 corpus=633 coverage=13385 exec total=84696 (252/min) pending=0 reproducing=0 
2026/07/30 00:11:40 candidates=0 corpus=633 coverage=13385 exec total=84751 (252/min) pending=0 reproducing=0 
2026/07/30 00:11:50 candidates=0 corpus=633 coverage=13385 exec total=84783 (252/min) pending=0 reproducing=0 
2026/07/30 00:12:00 candidates=0 corpus=633 coverage=13385 exec total=84860 (252/min) pending=0 reproducing=0 
2026/07/30 00:12:10 candidates=0 corpus=634 coverage=13388 exec total=84909 (252/min) pending=0 reproducing=0 
2026/07/30 00:12:20 candidates=0 corpus=634 coverage=13388 exec total=84930 (252/min) pending=0 reproducing=0 
2026/07/30 00:12:30 candidates=0 corpus=634 coverage=13388 exec total=84952 (252/min) pending=0 reproducing=0 
2026/07/30 00:12:40 candidates=0 corpus=634 coverage=13388 exec total=84977 (252/min) pending=0 reproducing=0 
2026/07/30 00:12:50 candidates=0 corpus=634 coverage=13388 exec total=85014 (252/min) pending=0 reproducing=0 
2026/07/30 00:13:00 candidates=0 corpus=634 coverage=13388 exec total=85076 (252/min) pending=0 reproducing=0 
2026/07/30 00:13:10 candidates=0 corpus=634 coverage=13388 exec total=85090 (251/min) pending=0 reproducing=0 
2026/07/30 00:13:20 candidates=0 corpus=634 coverage=13388 exec total=85100 (251/min) pending=0 reproducing=0 
2026/07/30 00:13:30 candidates=0 corpus=634 coverage=13388 exec total=85178 (251/min) pending=0 reproducing=0 
2026/07/30 00:13:40 candidates=0 corpus=634 coverage=13388 exec total=85194 (251/min) pending=0 reproducing=0 
2026/07/30 00:13:50 candidates=0 corpus=634 coverage=13388 exec total=85248 (251/min) pending=0 reproducing=0 
2026/07/30 00:14:00 candidates=0 corpus=634 coverage=13388 exec total=85257 (251/min) pending=0 reproducing=0 
2026/07/30 00:14:10 candidates=0 corpus=634 coverage=13388 exec total=85309 (251/min) pending=0 reproducing=0 
2026/07/30 00:14:20 candidates=0 corpus=634 coverage=13388 exec total=85371 (251/min) pending=0 reproducing=0 
2026/07/30 00:14:30 candidates=0 corpus=634 coverage=13388 exec total=85382 (251/min) pending=0 reproducing=0 
2026/07/30 00:14:40 candidates=0 corpus=634 coverage=13388 exec total=85389 (251/min) pending=0 reproducing=0 
2026/07/30 00:14:50 candidates=0 corpus=634 coverage=13388 exec total=85395 (251/min) pending=0 reproducing=0 
2026/07/30 00:15:00 candidates=0 corpus=634 coverage=13388 exec total=85442 (251/min) pending=0 reproducing=0 
2026/07/30 00:15:10 candidates=0 corpus=634 coverage=13388 exec total=85445 (251/min) pending=0 reproducing=0 
2026/07/30 00:15:20 candidates=0 corpus=634 coverage=13388 exec total=85454 (251/min) pending=0 reproducing=0 
2026/07/30 00:15:30 candidates=0 corpus=634 coverage=13388 exec total=85464 (251/min) pending=0 reproducing=0 
2026/07/30 00:15:40 candidates=0 corpus=634 coverage=13388 exec total=85507 (251/min) pending=0 reproducing=0 
2026/07/30 00:15:50 candidates=0 corpus=634 coverage=13388 exec total=85542 (251/min) pending=0 reproducing=0 
2026/07/30 00:16:00 candidates=0 corpus=634 coverage=13388 exec total=85573 (251/min) pending=0 reproducing=0 
2026/07/30 00:16:10 candidates=0 corpus=634 coverage=13388 exec total=85620 (251/min) pending=0 reproducing=0 
2026/07/30 00:16:20 candidates=0 corpus=634 coverage=13388 exec total=85627 (251/min) pending=0 reproducing=0 
2026/07/30 00:16:30 candidates=0 corpus=634 coverage=13388 exec total=85640 (251/min) pending=0 reproducing=0 
2026/07/30 00:16:40 candidates=0 corpus=634 coverage=13388 exec total=85693 (251/min) pending=0 reproducing=0 
2026/07/30 00:16:50 candidates=0 corpus=634 coverage=13388 exec total=85752 (251/min) pending=0 reproducing=0 
2026/07/30 00:17:00 candidates=0 corpus=634 coverage=13388 exec total=85788 (251/min) pending=0 reproducing=0 
2026/07/30 00:17:10 candidates=0 corpus=634 coverage=13388 exec total=85793 (251/min) pending=0 reproducing=0 
2026/07/30 00:17:20 candidates=0 corpus=634 coverage=13388 exec total=85833 (251/min) pending=0 reproducing=0 
2026/07/30 00:17:30 candidates=0 corpus=634 coverage=13388 exec total=85845 (250/min) pending=0 reproducing=0 
2026/07/30 00:17:40 candidates=0 corpus=634 coverage=13388 exec total=85879 (250/min) pending=0 reproducing=0 
2026/07/30 00:17:50 candidates=0 corpus=634 coverage=13388 exec total=85889 (250/min) pending=0 reproducing=0 
2026/07/30 00:18:00 candidates=0 corpus=634 coverage=13388 exec total=85932 (250/min) pending=0 reproducing=0 
2026/07/30 00:18:10 candidates=0 corpus=634 coverage=13388 exec total=85977 (250/min) pending=0 reproducing=0 
2026/07/30 00:18:20 candidates=0 corpus=634 coverage=13388 exec total=85984 (250/min) pending=0 reproducing=0 
2026/07/30 00:18:30 candidates=0 corpus=634 coverage=13388 exec total=86016 (250/min) pending=0 reproducing=0 
2026/07/30 00:18:40 candidates=0 corpus=634 coverage=13388 exec total=86114 (250/min) pending=0 reproducing=0 
2026/07/30 00:18:50 candidates=0 corpus=634 coverage=13388 exec total=86138 (250/min) pending=0 reproducing=0 
2026/07/30 00:19:00 candidates=0 corpus=634 coverage=13388 exec total=86166 (250/min) pending=0 reproducing=0 
2026/07/30 00:19:10 candidates=0 corpus=634 coverage=13388 exec total=86186 (250/min) pending=0 reproducing=0 
2026/07/30 00:19:20 candidates=0 corpus=634 coverage=13388 exec total=86212 (250/min) pending=0 reproducing=0 
2026/07/30 00:19:30 candidates=0 corpus=634 coverage=13388 exec total=86333 (250/min) pending=0 reproducing=0 
2026/07/30 00:19:40 candidates=0 corpus=634 coverage=13388 exec total=86361 (250/min) pending=0 reproducing=0 
2026/07/30 00:19:50 candidates=0 corpus=634 coverage=13388 exec total=86399 (250/min) pending=0 reproducing=0 
2026/07/30 00:20:00 candidates=0 corpus=634 coverage=13388 exec total=86435 (250/min) pending=0 reproducing=0 
2026/07/30 00:20:10 candidates=0 corpus=634 coverage=13388 exec total=86459 (250/min) pending=0 reproducing=0 
2026/07/30 00:20:20 candidates=0 corpus=634 coverage=13388 exec total=86481 (250/min) pending=0 reproducing=0 
2026/07/30 00:20:30 candidates=0 corpus=634 coverage=13388 exec total=86521 (250/min) pending=0 reproducing=0 
2026/07/30 00:20:40 candidates=0 corpus=634 coverage=13388 exec total=86529 (250/min) pending=0 reproducing=0 
2026/07/30 00:20:50 candidates=0 corpus=634 coverage=13388 exec total=86540 (250/min) pending=0 reproducing=0 
2026/07/30 00:21:00 candidates=0 corpus=634 coverage=13388 exec total=86544 (250/min) pending=0 reproducing=0 
2026/07/30 00:21:10 candidates=0 corpus=634 coverage=13388 exec total=86551 (250/min) pending=0 reproducing=0 
2026/07/30 00:21:20 candidates=0 corpus=634 coverage=13388 exec total=86558 (250/min) pending=0 reproducing=0 
2026/07/30 00:21:30 candidates=0 corpus=634 coverage=13388 exec total=86623 (250/min) pending=0 reproducing=0 
2026/07/30 00:21:40 candidates=0 corpus=634 coverage=13388 exec total=86647 (250/min) pending=0 reproducing=0 
2026/07/30 00:21:50 candidates=0 corpus=634 coverage=13388 exec total=86671 (250/min) pending=0 reproducing=0 
2026/07/30 00:22:00 candidates=0 corpus=634 coverage=13388 exec total=86748 (250/min) pending=0 reproducing=0 
2026/07/30 00:22:10 candidates=0 corpus=634 coverage=13388 exec total=86767 (250/min) pending=0 reproducing=0 
2026/07/30 00:22:20 candidates=0 corpus=634 coverage=13388 exec total=86824 (250/min) pending=0 reproducing=0 
2026/07/30 00:22:30 candidates=0 corpus=634 coverage=13388 exec total=86830 (250/min) pending=0 reproducing=0 
2026/07/30 00:22:40 candidates=0 corpus=634 coverage=13388 exec total=86853 (250/min) pending=0 reproducing=0 
2026/07/30 00:22:50 candidates=0 corpus=634 coverage=13388 exec total=86876 (250/min) pending=0 reproducing=0 
2026/07/30 00:23:00 candidates=0 corpus=634 coverage=13388 exec total=86890 (250/min) pending=0 reproducing=0 
2026/07/30 00:23:10 candidates=0 corpus=634 coverage=13388 exec total=86898 (249/min) pending=0 reproducing=0 
2026/07/30 00:23:20 candidates=0 corpus=635 coverage=13388 exec total=86997 (250/min) pending=0 reproducing=0 
2026/07/30 00:23:30 candidates=0 corpus=635 coverage=13388 exec total=87027 (250/min) pending=0 reproducing=0 
2026/07/30 00:23:40 candidates=0 corpus=635 coverage=13388 exec total=87038 (249/min) pending=0 reproducing=0 
2026/07/30 00:23:50 candidates=0 corpus=635 coverage=13388 exec total=87061 (249/min) pending=0 reproducing=0 
2026/07/30 00:24:00 candidates=0 corpus=635 coverage=13388 exec total=87092 (249/min) pending=0 reproducing=0 
2026/07/30 00:24:10 candidates=0 corpus=635 coverage=13388 exec total=87107 (249/min) pending=0 reproducing=0 
2026/07/30 00:24:20 candidates=0 corpus=635 coverage=13388 exec total=87145 (249/min) pending=0 reproducing=0 
2026/07/30 00:24:30 candidates=0 corpus=635 coverage=13388 exec total=87162 (249/min) pending=0 reproducing=0 
2026/07/30 00:24:40 candidates=0 corpus=635 coverage=13388 exec total=87195 (249/min) pending=0 reproducing=0 
2026/07/30 00:24:50 candidates=0 corpus=635 coverage=13388 exec total=87217 (249/min) pending=0 reproducing=0 
2026/07/30 00:25:00 candidates=0 corpus=635 coverage=13388 exec total=87220 (249/min) pending=0 reproducing=0 
2026/07/30 00:25:10 candidates=0 corpus=635 coverage=13388 exec total=87224 (249/min) pending=0 reproducing=0 
2026/07/30 00:25:20 candidates=0 corpus=635 coverage=13388 exec total=87250 (249/min) pending=0 reproducing=0 
2026/07/30 00:25:30 candidates=0 corpus=635 coverage=13388 exec total=87263 (249/min) pending=0 reproducing=0 
2026/07/30 00:25:40 candidates=0 corpus=635 coverage=13388 exec total=87288 (249/min) pending=0 reproducing=0 
2026/07/30 00:25:50 candidates=0 corpus=635 coverage=13388 exec total=87307 (249/min) pending=0 reproducing=0 
2026/07/30 00:26:00 candidates=0 corpus=635 coverage=13388 exec total=87322 (249/min) pending=0 reproducing=0 
2026/07/30 00:26:10 candidates=0 corpus=635 coverage=13388 exec total=87348 (249/min) pending=0 reproducing=0 
2026/07/30 00:26:20 candidates=0 corpus=635 coverage=13388 exec total=87362 (249/min) pending=0 reproducing=0 
2026/07/30 00:26:30 candidates=0 corpus=635 coverage=13388 exec total=87398 (248/min) pending=0 reproducing=0 
2026/07/30 00:26:40 candidates=0 corpus=635 coverage=13388 exec total=87465 (249/min) pending=0 reproducing=0 
2026/07/30 00:26:50 candidates=0 corpus=635 coverage=13388 exec total=87537 (249/min) pending=0 reproducing=0 
2026/07/30 00:27:00 candidates=0 corpus=635 coverage=13388 exec total=87570 (249/min) pending=0 reproducing=0 
2026/07/30 00:27:10 candidates=0 corpus=635 coverage=13388 exec total=87597 (249/min) pending=0 reproducing=0 
2026/07/30 00:27:20 candidates=0 corpus=635 coverage=13388 exec total=87634 (249/min) pending=0 reproducing=0 
2026/07/30 00:27:30 candidates=0 corpus=635 coverage=13388 exec total=87663 (249/min) pending=0 reproducing=0 
2026/07/30 00:27:40 candidates=0 corpus=635 coverage=13388 exec total=87671 (248/min) pending=0 reproducing=0 
2026/07/30 00:27:50 candidates=0 corpus=635 coverage=13388 exec total=87694 (248/min) pending=0 reproducing=0 
2026/07/30 00:28:00 candidates=0 corpus=635 coverage=13388 exec total=87745 (248/min) pending=0 reproducing=0 
2026/07/30 00:28:10 candidates=0 corpus=636 coverage=13389 exec total=87764 (248/min) pending=0 reproducing=0 
2026/07/30 00:28:20 candidates=0 corpus=636 coverage=13389 exec total=87786 (248/min) pending=0 reproducing=0 
2026/07/30 00:28:30 candidates=0 corpus=636 coverage=13389 exec total=87806 (248/min) pending=0 reproducing=0 
2026/07/30 00:28:40 candidates=0 corpus=637 coverage=13392 exec total=87880 (248/min) pending=0 reproducing=0 
2026/07/30 00:28:50 candidates=0 corpus=638 coverage=13402 exec total=87916 (248/min) pending=0 reproducing=0 
2026/07/30 00:29:00 candidates=0 corpus=638 coverage=13402 exec total=87961 (248/min) pending=0 reproducing=0 
2026/07/30 00:29:10 candidates=0 corpus=639 coverage=13402 exec total=87977 (248/min) pending=0 reproducing=0 
2026/07/30 00:29:20 candidates=0 corpus=639 coverage=13402 exec total=88027 (248/min) pending=0 reproducing=0 
2026/07/30 00:29:30 candidates=0 corpus=639 coverage=13402 exec total=88062 (248/min) pending=0 reproducing=0 
2026/07/30 00:29:40 candidates=0 corpus=639 coverage=13402 exec total=88099 (248/min) pending=0 reproducing=0 
2026/07/30 00:29:50 candidates=0 corpus=639 coverage=13402 exec total=88124 (248/min) pending=0 reproducing=0 
2026/07/30 00:30:00 candidates=0 corpus=639 coverage=13402 exec total=88166 (248/min) pending=0 reproducing=0 
2026/07/30 00:30:10 candidates=0 corpus=639 coverage=13402 exec total=88195 (248/min) pending=0 reproducing=0 
2026/07/30 00:30:20 candidates=0 corpus=639 coverage=13402 exec total=88203 (248/min) pending=0 reproducing=0 
2026/07/30 00:30:30 candidates=0 corpus=639 coverage=13402 exec total=88229 (248/min) pending=0 reproducing=0 
2026/07/30 00:30:40 candidates=0 corpus=639 coverage=13402 exec total=88244 (248/min) pending=0 reproducing=0 
2026/07/30 00:30:50 candidates=0 corpus=639 coverage=13402 exec total=88260 (248/min) pending=0 reproducing=0 
2026/07/30 00:31:00 candidates=0 corpus=639 coverage=13402 exec total=88287 (248/min) pending=0 reproducing=0 
2026/07/30 00:31:10 candidates=0 corpus=640 coverage=13408 exec total=88342 (248/min) pending=0 reproducing=0 
2026/07/30 00:31:20 candidates=0 corpus=640 coverage=13408 exec total=88360 (248/min) pending=0 reproducing=0 
2026/07/30 00:31:30 candidates=0 corpus=640 coverage=13408 exec total=88374 (248/min) pending=0 reproducing=0 
2026/07/30 00:31:40 candidates=0 corpus=640 coverage=13408 exec total=88381 (248/min) pending=0 reproducing=0 
2026/07/30 00:31:50 candidates=0 corpus=640 coverage=13408 exec total=88405 (248/min) pending=0 reproducing=0 
2026/07/30 00:32:00 candidates=0 corpus=641 coverage=13408 exec total=88430 (248/min) pending=0 reproducing=0 
2026/07/30 00:32:10 candidates=0 corpus=641 coverage=13408 exec total=88452 (247/min) pending=0 reproducing=0 
2026/07/30 00:32:20 candidates=0 corpus=641 coverage=13408 exec total=88467 (247/min) pending=0 reproducing=0 
2026/07/30 00:32:30 candidates=0 corpus=641 coverage=13408 exec total=88471 (247/min) pending=0 reproducing=0 
2026/07/30 00:32:40 candidates=0 corpus=641 coverage=13408 exec total=88476 (247/min) pending=0 reproducing=0 
2026/07/30 00:32:50 candidates=0 corpus=641 coverage=13408 exec total=88494 (247/min) pending=0 reproducing=0 
2026/07/30 00:33:00 candidates=0 corpus=641 coverage=13408 exec total=88506 (247/min) pending=0 reproducing=0 
2026/07/30 00:33:10 candidates=0 corpus=641 coverage=13408 exec total=88511 (247/min) pending=0 reproducing=0 
2026/07/30 00:33:20 candidates=0 corpus=641 coverage=13408 exec total=88529 (247/min) pending=0 reproducing=0 
2026/07/30 00:33:30 candidates=0 corpus=641 coverage=13408 exec total=88544 (247/min) pending=0 reproducing=0 
2026/07/30 00:33:40 candidates=0 corpus=641 coverage=13408 exec total=88551 (247/min) pending=0 reproducing=0 
2026/07/30 00:33:50 candidates=0 corpus=641 coverage=13408 exec total=88557 (247/min) pending=0 reproducing=0 
2026/07/30 00:34:00 candidates=0 corpus=641 coverage=13408 exec total=88570 (247/min) pending=0 reproducing=0 
2026/07/30 00:34:10 candidates=0 corpus=641 coverage=13408 exec total=88599 (247/min) pending=0 reproducing=0 
2026/07/30 00:34:20 candidates=0 corpus=641 coverage=13408 exec total=88623 (246/min) pending=0 reproducing=0 
2026/07/30 00:34:30 candidates=0 corpus=641 coverage=13408 exec total=88651 (246/min) pending=0 reproducing=0 
2026/07/30 00:34:40 candidates=0 corpus=641 coverage=13408 exec total=88681 (246/min) pending=0 reproducing=0 
2026/07/30 00:34:50 candidates=0 corpus=641 coverage=13408 exec total=88708 (246/min) pending=0 reproducing=0 
2026/07/30 00:35:00 candidates=0 corpus=642 coverage=13416 exec total=88736 (246/min) pending=0 reproducing=0 
2026/07/30 00:35:10 candidates=0 corpus=642 coverage=13416 exec total=88778 (246/min) pending=0 reproducing=0 
2026/07/30 00:35:20 candidates=0 corpus=642 coverage=13416 exec total=88784 (246/min) pending=0 reproducing=0 
2026/07/30 00:35:30 candidates=0 corpus=642 coverage=13416 exec total=88855 (246/min) pending=0 reproducing=0 
2026/07/30 00:35:40 candidates=0 corpus=642 coverage=13416 exec total=88871 (246/min) pending=0 reproducing=0 
2026/07/30 00:35:50 candidates=0 corpus=642 coverage=13416 exec total=88884 (246/min) pending=0 reproducing=0 
2026/07/30 00:35:54 VM 0: running for 3h0m0.001018141s, restarting
2026/07/30 00:35:56 VM 1: running for 3h0m0.00033499s, restarting
2026/07/30 00:36:00 candidates=0 corpus=642 coverage=13416 exec total=88884 (246/min) pending=0 reproducing=0 
2026/07/30 00:36:10 [ERROR] kernel build has changed; instance module gpu_sched differs from canonical
2026/07/30 00:36:10 [ERROR] kernel build has changed; instance module drm_buddy differs from canonical
2026/07/30 00:36:10 [ERROR] kernel build has changed; instance module amdxcp differs from canonical
2026/07/30 00:36:10 [ERROR] kernel build has changed; instance module drm_suballoc_helper differs from canonical
2026/07/30 00:36:10 [ERROR] kernel build has changed; instance module drm_exec differs from canonical
2026/07/30 00:36:10 [ERROR] kernel build has changed; instance module video differs from canonical
2026/07/30 00:36:10 [ERROR] kernel build has changed; instance module ttm differs from canonical
2026/07/30 00:36:10 [ERROR] kernel build has changed; instance module drm_ttm_helper differs from canonical
2026/07/30 00:36:10 [ERROR] kernel build has changed; instance module i2c_algo_bit differs from canonical
2026/07/30 00:36:10 [ERROR] kernel build has changed; instance module amdgpu differs from canonical
2026/07/30 00:36:10 [ERROR] kernel build has changed; instance module i2c_phytium_core differs from canonical
2026/07/30 00:36:10 [ERROR] kernel build has changed; instance module xhci_pci_renesas differs from canonical
2026/07/30 00:36:10 [ERROR] kernel build has changed; instance module snd_hda_codec_hdmi differs from canonical
2026/07/30 00:36:10 [ERROR] kernel build has changed; instance module i2c_phytium_platform differs from canonical
2026/07/30 00:36:10 [ERROR] kernel build has changed; instance module xhci_pci differs from canonical
2026/07/30 00:36:10 [ERROR] kernel build has changed; instance module snd_intel_dspcfg differs from canonical
2026/07/30 00:36:10 [ERROR] kernel build has changed; instance module snd_hda_intel differs from canonical
2026/07/30 00:36:10 [ERROR] kernel build has changed; instance module overlay differs from canonical
2026/07/30 00:36:10 [ERROR] kernel build has changed; instance module xfrm_algo differs from canonical
2026/07/30 00:36:10 [ERROR] kernel build has changed; instance module xt_addrtype differs from canonical
2026/07/30 00:36:10 [ERROR] kernel build has changed; instance module br_netfilter differs from canonical
2026/07/30 00:36:10 [ERROR] kernel build has changed; instance module xfrm_user differs from canonical
2026/07/30 00:36:10 [ERROR] kernel build has changed; instance module nfnetlink differs from canonical
2026/07/30 00:36:10 [ERROR] kernel build has changed; instance module nf_conntrack_netlink differs from canonical
2026/07/30 00:36:10 [ERROR] kernel build has changed; instance module xt_MASQUERADE differs from canonical
2026/07/30 00:36:10 [ERROR] kernel build has changed; instance module xt_conntrack differs from canonical
2026/07/30 00:36:10 [ERROR] kernel build has changed; instance module cfg80211 differs from canonical
2026/07/30 00:36:10 [ERROR] kernel build has changed; instance module xt_tcpudp differs from canonical
2026/07/30 00:36:10 candidates=0 corpus=642 coverage=13416 exec total=88885 (246/min) pending=0 reproducing=0 
2026/07/30 00:36:20 candidates=0 corpus=642 coverage=13416 exec total=88888 (246/min) pending=0 reproducing=0 
2026/07/30 00:36:30 candidates=0 corpus=642 coverage=13416 exec total=88929 (246/min) pending=0 reproducing=0 
2026/07/30 00:36:40 candidates=0 corpus=642 coverage=13416 exec total=88938 (246/min) pending=0 reproducing=0 
2026/07/30 00:36:50 candidates=0 corpus=642 coverage=13416 exec total=88941 (246/min) pending=0 reproducing=0 
2026/07/30 00:37:00 candidates=0 corpus=642 coverage=13416 exec total=88952 (246/min) pending=0 reproducing=0 
2026/07/30 00:37:10 candidates=0 corpus=642 coverage=13416 exec total=88973 (245/min) pending=0 reproducing=0 
2026/07/30 00:37:20 candidates=0 corpus=643 coverage=13420 exec total=89016 (246/min) pending=0 reproducing=0 
2026/07/30 00:37:30 candidates=0 corpus=643 coverage=13420 exec total=89087 (246/min) pending=0 reproducing=0 
2026/07/30 00:37:40 candidates=0 corpus=643 coverage=13420 exec total=89091 (245/min) pending=0 reproducing=0 
2026/07/30 00:37:50 candidates=0 corpus=643 coverage=13420 exec total=89116 (245/min) pending=0 reproducing=0 
2026/07/30 00:38:00 candidates=0 corpus=643 coverage=13420 exec total=89136 (245/min) pending=0 reproducing=0 
2026/07/30 00:38:10 candidates=0 corpus=643 coverage=13420 exec total=89170 (245/min) pending=0 reproducing=0 
2026/07/30 00:38:20 candidates=0 corpus=643 coverage=13420 exec total=89211 (245/min) pending=0 reproducing=0 
2026/07/30 00:38:30 candidates=0 corpus=644 coverage=13421 exec total=89277 (245/min) pending=0 reproducing=0 
2026/07/30 00:38:40 candidates=0 corpus=644 coverage=13421 exec total=89283 (245/min) pending=0 reproducing=0 
2026/07/30 00:38:50 candidates=0 corpus=644 coverage=13421 exec total=89338 (245/min) pending=0 reproducing=0 
2026/07/30 00:39:00 candidates=0 corpus=644 coverage=13421 exec total=89350 (245/min) pending=0 reproducing=0 
2026/07/30 00:39:10 candidates=0 corpus=644 coverage=13421 exec total=89362 (245/min) pending=0 reproducing=0 
2026/07/30 00:39:20 candidates=0 corpus=644 coverage=13421 exec total=89397 (245/min) pending=0 reproducing=0 
2026/07/30 00:39:30 candidates=0 corpus=644 coverage=13421 exec total=89426 (245/min) pending=0 reproducing=0 
2026/07/30 00:39:40 candidates=0 corpus=644 coverage=13421 exec total=89447 (245/min) pending=0 reproducing=0 
2026/07/30 00:39:50 candidates=0 corpus=644 coverage=13421 exec total=89452 (245/min) pending=0 reproducing=0 
2026/07/30 00:40:00 candidates=0 corpus=644 coverage=13421 exec total=89473 (245/min) pending=0 reproducing=0 
2026/07/30 00:40:10 candidates=0 corpus=644 coverage=13421 exec total=89485 (245/min) pending=0 reproducing=0 
2026/07/30 00:40:20 candidates=0 corpus=644 coverage=13421 exec total=89490 (245/min) pending=0 reproducing=0 
2026/07/30 00:40:30 candidates=0 corpus=644 coverage=13421 exec total=89498 (245/min) pending=0 reproducing=0 
2026/07/30 00:40:40 candidates=0 corpus=644 coverage=13421 exec total=89507 (245/min) pending=0 reproducing=0 
2026/07/30 00:40:50 candidates=0 corpus=644 coverage=13421 exec total=89545 (245/min) pending=0 reproducing=0 
2026/07/30 00:41:00 candidates=0 corpus=644 coverage=13421 exec total=89560 (245/min) pending=0 reproducing=0 
2026/07/30 00:41:10 candidates=0 corpus=644 coverage=13421 exec total=89586 (244/min) pending=0 reproducing=0 
2026/07/30 00:41:20 candidates=0 corpus=644 coverage=13421 exec total=89593 (244/min) pending=0 reproducing=0 
2026/07/30 00:41:30 candidates=0 corpus=644 coverage=13421 exec total=89632 (244/min) pending=0 reproducing=0 
2026/07/30 00:41:40 candidates=0 corpus=644 coverage=13421 exec total=89669 (244/min) pending=0 reproducing=0 
2026/07/30 00:41:50 candidates=0 corpus=644 coverage=13421 exec total=89682 (244/min) pending=0 reproducing=0 
2026/07/30 00:42:00 candidates=0 corpus=644 coverage=13421 exec total=89702 (244/min) pending=0 reproducing=0 
2026/07/30 00:42:10 candidates=0 corpus=644 coverage=13421 exec total=89761 (244/min) pending=0 reproducing=0 
2026/07/30 00:42:20 candidates=0 corpus=644 coverage=13421 exec total=89776 (244/min) pending=0 reproducing=0 
2026/07/30 00:42:30 candidates=0 corpus=644 coverage=13421 exec total=89797 (244/min) pending=0 reproducing=0 
2026/07/30 00:42:40 candidates=0 corpus=644 coverage=13421 exec total=89864 (244/min) pending=0 reproducing=0 
2026/07/30 00:42:50 candidates=0 corpus=644 coverage=13421 exec total=89876 (244/min) pending=0 reproducing=0 
2026/07/30 00:43:00 candidates=0 corpus=644 coverage=13421 exec total=89904 (244/min) pending=0 reproducing=0 
2026/07/30 00:43:10 candidates=0 corpus=644 coverage=13421 exec total=89919 (244/min) pending=0 reproducing=0 
2026/07/30 00:43:20 candidates=0 corpus=644 coverage=13421 exec total=89948 (244/min) pending=0 reproducing=0 
2026/07/30 00:43:30 candidates=0 corpus=644 coverage=13421 exec total=89991 (244/min) pending=0 reproducing=0 
2026/07/30 00:43:40 candidates=0 corpus=644 coverage=13421 exec total=90059 (244/min) pending=0 reproducing=0 
2026/07/30 00:43:50 candidates=0 corpus=644 coverage=13421 exec total=90075 (244/min) pending=0 reproducing=0 
2026/07/30 00:44:00 candidates=0 corpus=644 coverage=13421 exec total=90128 (244/min) pending=0 reproducing=0 
2026/07/30 00:44:10 candidates=0 corpus=644 coverage=13421 exec total=90150 (244/min) pending=0 reproducing=0 
2026/07/30 00:44:20 candidates=0 corpus=644 coverage=13421 exec total=90165 (244/min) pending=0 reproducing=0 
2026/07/30 00:44:30 candidates=0 corpus=644 coverage=13421 exec total=90173 (244/min) pending=0 reproducing=0 
2026/07/30 00:44:40 candidates=0 corpus=644 coverage=13421 exec total=90177 (244/min) pending=0 reproducing=0 
2026/07/30 00:44:50 candidates=0 corpus=644 coverage=13421 exec total=90205 (244/min) pending=0 reproducing=0 
2026/07/30 00:45:00 candidates=0 corpus=644 coverage=13421 exec total=90249 (244/min) pending=0 reproducing=0 
2026/07/30 00:45:10 candidates=0 corpus=644 coverage=13421 exec total=90258 (244/min) pending=0 reproducing=0 
2026/07/30 00:45:20 candidates=0 corpus=644 coverage=13421 exec total=90298 (244/min) pending=0 reproducing=0 
2026/07/30 00:45:30 candidates=0 corpus=644 coverage=13421 exec total=90328 (244/min) pending=0 reproducing=0 
2026/07/30 00:45:40 candidates=0 corpus=644 coverage=13421 exec total=90345 (244/min) pending=0 reproducing=0 
2026/07/30 00:45:50 candidates=0 corpus=644 coverage=13421 exec total=90350 (243/min) pending=0 reproducing=0 
2026/07/30 00:46:00 candidates=0 corpus=644 coverage=13421 exec total=90358 (243/min) pending=0 reproducing=0 
2026/07/30 00:46:10 candidates=0 corpus=644 coverage=13421 exec total=90375 (243/min) pending=0 reproducing=0 
2026/07/30 00:46:20 candidates=0 corpus=644 coverage=13421 exec total=90387 (243/min) pending=0 reproducing=0 
2026/07/30 00:46:30 candidates=0 corpus=644 coverage=13421 exec total=90464 (243/min) pending=0 reproducing=0 
2026/07/30 00:46:40 candidates=0 corpus=644 coverage=13421 exec total=90497 (243/min) pending=0 reproducing=0 
2026/07/30 00:46:50 candidates=0 corpus=644 coverage=13421 exec total=90520 (243/min) pending=0 reproducing=0 
2026/07/30 00:47:00 candidates=0 corpus=644 coverage=13421 exec total=90541 (243/min) pending=0 reproducing=0 
2026/07/30 00:47:10 candidates=0 corpus=644 coverage=13421 exec total=90567 (243/min) pending=0 reproducing=0 
2026/07/30 00:47:20 candidates=0 corpus=644 coverage=13421 exec total=90576 (243/min) pending=0 reproducing=0 
2026/07/30 00:47:30 candidates=0 corpus=644 coverage=13421 exec total=90612 (243/min) pending=0 reproducing=0 
2026/07/30 00:47:40 candidates=0 corpus=644 coverage=13421 exec total=90642 (243/min) pending=0 reproducing=0 
2026/07/30 00:47:50 candidates=0 corpus=644 coverage=13421 exec total=90709 (243/min) pending=0 reproducing=0 
2026/07/30 00:48:00 candidates=0 corpus=644 coverage=13421 exec total=90764 (243/min) pending=0 reproducing=0 
2026/07/30 00:48:10 candidates=0 corpus=645 coverage=13421 exec total=90791 (243/min) pending=0 reproducing=0 
2026/07/30 00:48:20 candidates=0 corpus=645 coverage=13421 exec total=90848 (243/min) pending=0 reproducing=0 
2026/07/30 00:48:30 candidates=0 corpus=645 coverage=13421 exec total=90920 (243/min) pending=0 reproducing=0 
2026/07/30 00:48:40 candidates=0 corpus=645 coverage=13421 exec total=90930 (243/min) pending=0 reproducing=0 
2026/07/30 00:48:50 candidates=0 corpus=645 coverage=13421 exec total=91000 (243/min) pending=0 reproducing=0 
2026/07/30 00:49:00 candidates=0 corpus=645 coverage=13421 exec total=91010 (243/min) pending=0 reproducing=0 
2026/07/30 00:49:10 candidates=0 corpus=645 coverage=13421 exec total=91022 (243/min) pending=0 reproducing=0 
2026/07/30 00:49:20 candidates=0 corpus=645 coverage=13421 exec total=91050 (243/min) pending=0 reproducing=0 
2026/07/30 00:49:30 candidates=0 corpus=645 coverage=13421 exec total=91081 (243/min) pending=0 reproducing=0 
2026/07/30 00:49:40 candidates=0 corpus=645 coverage=13421 exec total=91092 (243/min) pending=0 reproducing=0 
2026/07/30 00:49:50 candidates=0 corpus=645 coverage=13421 exec total=91139 (243/min) pending=0 reproducing=0 
2026/07/30 00:50:00 candidates=0 corpus=645 coverage=13421 exec total=91181 (243/min) pending=0 reproducing=0 
2026/07/30 00:50:10 candidates=0 corpus=645 coverage=13421 exec total=91189 (243/min) pending=0 reproducing=0 
2026/07/30 00:50:20 candidates=0 corpus=645 coverage=13421 exec total=91198 (243/min) pending=0 reproducing=0 
2026/07/30 00:50:30 candidates=0 corpus=645 coverage=13421 exec total=91214 (243/min) pending=0 reproducing=0 
2026/07/30 00:50:40 candidates=0 corpus=645 coverage=13421 exec total=91218 (243/min) pending=0 reproducing=0 
2026/07/30 00:50:50 candidates=0 corpus=645 coverage=13421 exec total=91234 (243/min) pending=0 reproducing=0 
2026/07/30 00:51:00 candidates=0 corpus=645 coverage=13421 exec total=91283 (243/min) pending=0 reproducing=0 
2026/07/30 00:51:10 candidates=0 corpus=645 coverage=13421 exec total=91339 (243/min) pending=0 reproducing=0 
2026/07/30 00:51:20 candidates=0 corpus=645 coverage=13421 exec total=91372 (243/min) pending=0 reproducing=0 
2026/07/30 00:51:30 candidates=0 corpus=645 coverage=13421 exec total=91402 (243/min) pending=0 reproducing=0 
2026/07/30 00:51:40 candidates=0 corpus=646 coverage=13435 exec total=91454 (243/min) pending=0 reproducing=0 
2026/07/30 00:51:50 candidates=0 corpus=646 coverage=13435 exec total=91466 (243/min) pending=0 reproducing=0 
2026/07/30 00:52:00 candidates=0 corpus=646 coverage=13435 exec total=91499 (243/min) pending=0 reproducing=0 
2026/07/30 00:52:10 candidates=0 corpus=646 coverage=13435 exec total=91551 (243/min) pending=0 reproducing=0 
2026/07/30 00:52:20 candidates=0 corpus=646 coverage=13435 exec total=91556 (242/min) pending=0 reproducing=0 
2026/07/30 00:52:30 candidates=0 corpus=646 coverage=13435 exec total=91598 (242/min) pending=0 reproducing=0 
2026/07/30 00:52:40 candidates=0 corpus=646 coverage=13435 exec total=91665 (243/min) pending=0 reproducing=0 
2026/07/30 00:52:50 candidates=0 corpus=646 coverage=13435 exec total=91689 (242/min) pending=0 reproducing=0 
2026/07/30 00:53:00 candidates=0 corpus=646 coverage=13435 exec total=91718 (242/min) pending=0 reproducing=0 
2026/07/30 00:53:10 candidates=0 corpus=646 coverage=13435 exec total=91755 (242/min) pending=0 reproducing=0 
2026/07/30 00:53:20 candidates=0 corpus=646 coverage=13435 exec total=91773 (242/min) pending=0 reproducing=0 
2026/07/30 00:53:30 candidates=0 corpus=646 coverage=13435 exec total=91802 (242/min) pending=0 reproducing=0 
2026/07/30 00:53:40 candidates=0 corpus=646 coverage=13435 exec total=91820 (242/min) pending=0 reproducing=0 
2026/07/30 00:53:50 candidates=0 corpus=647 coverage=13435 exec total=91863 (242/min) pending=0 reproducing=0 
2026/07/30 00:54:00 candidates=0 corpus=647 coverage=13435 exec total=91888 (242/min) pending=0 reproducing=0 
2026/07/30 00:54:10 candidates=0 corpus=647 coverage=13435 exec total=91906 (242/min) pending=0 reproducing=0 
2026/07/30 00:54:20 candidates=0 corpus=647 coverage=13435 exec total=91922 (242/min) pending=0 reproducing=0 
2026/07/30 00:54:30 candidates=0 corpus=647 coverage=13435 exec total=91947 (242/min) pending=0 reproducing=0 
2026/07/30 00:54:40 candidates=0 corpus=647 coverage=13435 exec total=92030 (242/min) pending=0 reproducing=0 
2026/07/30 00:54:50 candidates=0 corpus=647 coverage=13435 exec total=92063 (242/min) pending=0 reproducing=0 
2026/07/30 00:55:00 candidates=0 corpus=647 coverage=13435 exec total=92081 (242/min) pending=0 reproducing=0 
2026/07/30 00:55:10 candidates=0 corpus=647 coverage=13435 exec total=92100 (242/min) pending=0 reproducing=0 
2026/07/30 00:55:20 candidates=0 corpus=647 coverage=13435 exec total=92117 (242/min) pending=0 reproducing=0 
2026/07/30 00:55:30 candidates=0 corpus=648 coverage=13435 exec total=92182 (242/min) pending=0 reproducing=0 
2026/07/30 00:55:40 candidates=0 corpus=648 coverage=13435 exec total=92210 (242/min) pending=0 reproducing=0 
2026/07/30 00:55:50 candidates=0 corpus=648 coverage=13435 exec total=92243 (242/min) pending=0 reproducing=0 
2026/07/30 00:56:00 candidates=0 corpus=649 coverage=13437 exec total=92276 (242/min) pending=0 reproducing=0 
2026/07/30 00:56:10 candidates=0 corpus=649 coverage=13437 exec total=92279 (242/min) pending=0 reproducing=0 
2026/07/30 00:56:20 candidates=0 corpus=649 coverage=13437 exec total=92309 (242/min) pending=0 reproducing=0 
2026/07/30 00:56:30 candidates=0 corpus=649 coverage=13437 exec total=92343 (242/min) pending=0 reproducing=0 
2026/07/30 00:56:40 candidates=0 corpus=649 coverage=13437 exec total=92351 (242/min) pending=0 reproducing=0 
2026/07/30 00:56:50 candidates=0 corpus=649 coverage=13437 exec total=92413 (242/min) pending=0 reproducing=0 
2026/07/30 00:57:00 candidates=0 corpus=649 coverage=13437 exec total=92431 (242/min) pending=0 reproducing=0 
2026/07/30 00:57:10 candidates=0 corpus=649 coverage=13437 exec total=92456 (242/min) pending=0 reproducing=0 
2026/07/30 00:57:20 candidates=0 corpus=649 coverage=13437 exec total=92507 (242/min) pending=0 reproducing=0 
2026/07/30 00:57:30 candidates=0 corpus=649 coverage=13437 exec total=92527 (242/min) pending=0 reproducing=0 
2026/07/30 00:57:40 candidates=0 corpus=649 coverage=13437 exec total=92543 (242/min) pending=0 reproducing=0 
2026/07/30 00:57:50 candidates=0 corpus=649 coverage=13437 exec total=92560 (242/min) pending=0 reproducing=0 
2026/07/30 00:58:00 candidates=0 corpus=649 coverage=13437 exec total=92596 (242/min) pending=0 reproducing=0 
2026/07/30 00:58:10 candidates=0 corpus=649 coverage=13437 exec total=92633 (242/min) pending=0 reproducing=0 
2026/07/30 00:58:20 candidates=0 corpus=649 coverage=13437 exec total=92660 (242/min) pending=0 reproducing=0 
2026/07/30 00:58:30 candidates=0 corpus=649 coverage=13437 exec total=92695 (242/min) pending=0 reproducing=0 
2026/07/30 00:58:40 candidates=0 corpus=649 coverage=13437 exec total=92717 (241/min) pending=0 reproducing=0 
2026/07/30 00:58:50 candidates=0 corpus=649 coverage=13437 exec total=92745 (241/min) pending=0 reproducing=0 
2026/07/30 00:59:00 candidates=0 corpus=649 coverage=13437 exec total=92802 (241/min) pending=0 reproducing=0 
2026/07/30 00:59:10 candidates=0 corpus=649 coverage=13437 exec total=92878 (242/min) pending=0 reproducing=0 
2026/07/30 00:59:20 candidates=0 corpus=649 coverage=13437 exec total=92899 (242/min) pending=0 reproducing=0 
2026/07/30 00:59:30 candidates=0 corpus=649 coverage=13437 exec total=92917 (241/min) pending=0 reproducing=0 
2026/07/30 00:59:40 candidates=0 corpus=649 coverage=13437 exec total=92945 (241/min) pending=0 reproducing=0 
2026/07/30 00:59:50 candidates=0 corpus=649 coverage=13437 exec total=92963 (241/min) pending=0 reproducing=0 
2026/07/30 01:00:00 candidates=0 corpus=649 coverage=13437 exec total=92992 (241/min) pending=0 reproducing=0 
2026/07/30 01:00:10 candidates=0 corpus=649 coverage=13437 exec total=93035 (241/min) pending=0 reproducing=0 
2026/07/30 01:00:20 candidates=0 corpus=649 coverage=13437 exec total=93078 (241/min) pending=0 reproducing=0 
2026/07/30 01:00:30 candidates=0 corpus=649 coverage=13437 exec total=93119 (241/min) pending=0 reproducing=0 
2026/07/30 01:00:40 candidates=0 corpus=649 coverage=13437 exec total=93123 (241/min) pending=0 reproducing=0 
2026/07/30 01:00:50 candidates=0 corpus=649 coverage=13437 exec total=93138 (241/min) pending=0 reproducing=0 
2026/07/30 01:01:00 candidates=0 corpus=649 coverage=13437 exec total=93152 (241/min) pending=0 reproducing=0 
2026/07/30 01:01:10 candidates=0 corpus=649 coverage=13437 exec total=93159 (241/min) pending=0 reproducing=0 
2026/07/30 01:01:20 candidates=0 corpus=649 coverage=13437 exec total=93216 (241/min) pending=0 reproducing=0 
2026/07/30 01:01:30 candidates=0 corpus=649 coverage=13437 exec total=93271 (241/min) pending=0 reproducing=0 
2026/07/30 01:01:40 candidates=0 corpus=649 coverage=13437 exec total=93284 (241/min) pending=0 reproducing=0 
2026/07/30 01:01:50 candidates=0 corpus=649 coverage=13437 exec total=93303 (241/min) pending=0 reproducing=0 
2026/07/30 01:02:00 candidates=0 corpus=649 coverage=13437 exec total=93333 (241/min) pending=0 reproducing=0 
2026/07/30 01:02:10 candidates=0 corpus=649 coverage=13437 exec total=93373 (241/min) pending=0 reproducing=0 
2026/07/30 01:02:20 candidates=0 corpus=649 coverage=13437 exec total=93423 (241/min) pending=0 reproducing=0 
2026/07/30 01:02:30 candidates=0 corpus=649 coverage=13437 exec total=93434 (241/min) pending=0 reproducing=0 
2026/07/30 01:02:40 candidates=0 corpus=649 coverage=13437 exec total=93457 (241/min) pending=0 reproducing=0 
2026/07/30 01:02:50 candidates=0 corpus=649 coverage=13437 exec total=93470 (241/min) pending=0 reproducing=0 
2026/07/30 01:03:00 candidates=0 corpus=649 coverage=13437 exec total=93497 (241/min) pending=0 reproducing=0 
2026/07/30 01:03:10 candidates=0 corpus=649 coverage=13437 exec total=93521 (241/min) pending=0 reproducing=0 
2026/07/30 01:03:20 candidates=0 corpus=649 coverage=13437 exec total=93556 (241/min) pending=0 reproducing=0 
2026/07/30 01:03:30 candidates=0 corpus=649 coverage=13437 exec total=93588 (241/min) pending=0 reproducing=0 
2026/07/30 01:03:40 candidates=0 corpus=649 coverage=13437 exec total=93604 (241/min) pending=0 reproducing=0 
2026/07/30 01:03:50 candidates=0 corpus=649 coverage=13437 exec total=93611 (241/min) pending=0 reproducing=0 
2026/07/30 01:04:00 candidates=0 corpus=649 coverage=13437 exec total=93627 (240/min) pending=0 reproducing=0 
2026/07/30 01:04:10 candidates=0 corpus=649 coverage=13437 exec total=93632 (240/min) pending=0 reproducing=0 
2026/07/30 01:04:20 candidates=0 corpus=649 coverage=13437 exec total=93639 (240/min) pending=0 reproducing=0 
2026/07/30 01:04:30 candidates=0 corpus=649 coverage=13437 exec total=93689 (240/min) pending=0 reproducing=0 
2026/07/30 01:04:40 candidates=0 corpus=649 coverage=13437 exec total=93709 (240/min) pending=0 reproducing=0 
2026/07/30 01:04:50 candidates=0 corpus=649 coverage=13437 exec total=93722 (240/min) pending=0 reproducing=0 
2026/07/30 01:05:00 candidates=0 corpus=649 coverage=13437 exec total=93779 (240/min) pending=0 reproducing=0 
2026/07/30 01:05:10 candidates=0 corpus=649 coverage=13437 exec total=93816 (240/min) pending=0 reproducing=0 
2026/07/30 01:05:20 candidates=0 corpus=649 coverage=13437 exec total=93839 (240/min) pending=0 reproducing=0 
2026/07/30 01:05:30 candidates=0 corpus=649 coverage=13437 exec total=93874 (240/min) pending=0 reproducing=0 
2026/07/30 01:05:40 candidates=0 corpus=649 coverage=13437 exec total=93961 (240/min) pending=0 reproducing=0 
2026/07/30 01:05:50 candidates=0 corpus=649 coverage=13437 exec total=93983 (240/min) pending=0 reproducing=0 
2026/07/30 01:06:00 candidates=0 corpus=649 coverage=13437 exec total=94000 (240/min) pending=0 reproducing=0 
2026/07/30 01:06:10 candidates=0 corpus=649 coverage=13437 exec total=94043 (240/min) pending=0 reproducing=0 
2026/07/30 01:06:20 candidates=0 corpus=649 coverage=13437 exec total=94064 (240/min) pending=0 reproducing=0 
2026/07/30 01:06:30 candidates=0 corpus=649 coverage=13437 exec total=94083 (240/min) pending=0 reproducing=0 
2026/07/30 01:06:40 candidates=0 corpus=649 coverage=13437 exec total=94119 (240/min) pending=0 reproducing=0 
2026/07/30 01:06:50 candidates=0 corpus=650 coverage=13452 exec total=94140 (240/min) pending=0 reproducing=0 
2026/07/30 01:07:00 candidates=0 corpus=650 coverage=13452 exec total=94177 (240/min) pending=0 reproducing=0 
2026/07/30 01:07:10 candidates=0 corpus=650 coverage=13452 exec total=94203 (240/min) pending=0 reproducing=0 
2026/07/30 01:07:20 candidates=0 corpus=650 coverage=13452 exec total=94230 (240/min) pending=0 reproducing=0 
2026/07/30 01:07:30 candidates=0 corpus=650 coverage=13452 exec total=94236 (240/min) pending=0 reproducing=0 
2026/07/30 01:07:40 candidates=0 corpus=650 coverage=13452 exec total=94252 (240/min) pending=0 reproducing=0 
2026/07/30 01:07:50 candidates=0 corpus=650 coverage=13452 exec total=94256 (240/min) pending=0 reproducing=0 
2026/07/30 01:08:00 candidates=0 corpus=650 coverage=13452 exec total=94270 (240/min) pending=0 reproducing=0 
2026/07/30 01:08:10 candidates=0 corpus=650 coverage=13452 exec total=94302 (240/min) pending=0 reproducing=0 
2026/07/30 01:08:20 candidates=0 corpus=650 coverage=13452 exec total=94333 (240/min) pending=0 reproducing=0 
2026/07/30 01:08:30 candidates=0 corpus=650 coverage=13452 exec total=94350 (240/min) pending=0 reproducing=0 
2026/07/30 01:08:40 candidates=0 corpus=650 coverage=13452 exec total=94410 (240/min) pending=0 reproducing=0 
2026/07/30 01:08:50 candidates=0 corpus=650 coverage=13452 exec total=94428 (240/min) pending=0 reproducing=0 
2026/07/30 01:09:00 candidates=0 corpus=650 coverage=13452 exec total=94463 (240/min) pending=0 reproducing=0 
2026/07/30 01:09:10 candidates=0 corpus=650 coverage=13452 exec total=94512 (240/min) pending=0 reproducing=0 
2026/07/30 01:09:20 candidates=0 corpus=650 coverage=13452 exec total=94546 (240/min) pending=0 reproducing=0 
2026/07/30 01:09:30 candidates=0 corpus=650 coverage=13452 exec total=94590 (240/min) pending=0 reproducing=0 
2026/07/30 01:09:40 candidates=0 corpus=650 coverage=13452 exec total=94616 (240/min) pending=0 reproducing=0 
2026/07/30 01:09:50 candidates=0 corpus=650 coverage=13452 exec total=94644 (240/min) pending=0 reproducing=0 
2026/07/30 01:10:00 candidates=0 corpus=650 coverage=13452 exec total=94660 (239/min) pending=0 reproducing=0 
2026/07/30 01:10:10 candidates=0 corpus=650 coverage=13452 exec total=94698 (239/min) pending=0 reproducing=0 
2026/07/30 01:10:20 candidates=0 corpus=650 coverage=13452 exec total=94723 (239/min) pending=0 reproducing=0 
2026/07/30 01:10:30 candidates=0 corpus=650 coverage=13452 exec total=94771 (239/min) pending=0 reproducing=0 
2026/07/30 01:10:40 candidates=0 corpus=650 coverage=13452 exec total=94813 (239/min) pending=0 reproducing=0 
2026/07/30 01:10:50 candidates=0 corpus=651 coverage=13453 exec total=94879 (239/min) pending=0 reproducing=0 
2026/07/30 01:11:00 candidates=0 corpus=651 coverage=13453 exec total=94940 (240/min) pending=0 reproducing=0 
2026/07/30 01:11:10 candidates=0 corpus=651 coverage=13453 exec total=94965 (240/min) pending=0 reproducing=0 
2026/07/30 01:11:20 candidates=0 corpus=651 coverage=13453 exec total=94982 (239/min) pending=0 reproducing=0 
2026/07/30 01:11:30 candidates=0 corpus=651 coverage=13453 exec total=95040 (239/min) pending=0 reproducing=0 
2026/07/30 01:11:40 candidates=0 corpus=651 coverage=13453 exec total=95052 (239/min) pending=0 reproducing=0 
2026/07/30 01:11:50 candidates=0 corpus=651 coverage=13453 exec total=95087 (239/min) pending=0 reproducing=0 
2026/07/30 01:12:00 candidates=0 corpus=651 coverage=13453 exec total=95119 (239/min) pending=0 reproducing=0 
2026/07/30 01:12:10 candidates=0 corpus=651 coverage=13453 exec total=95151 (239/min) pending=0 reproducing=0 
2026/07/30 01:12:20 candidates=0 corpus=651 coverage=13453 exec total=95159 (239/min) pending=0 reproducing=0 
2026/07/30 01:12:30 candidates=0 corpus=651 coverage=13453 exec total=95201 (239/min) pending=0 reproducing=0 
2026/07/30 01:12:40 candidates=0 corpus=651 coverage=13453 exec total=95216 (239/min) pending=0 reproducing=0 
2026/07/30 01:12:50 candidates=0 corpus=651 coverage=13453 exec total=95229 (239/min) pending=0 reproducing=0 
2026/07/30 01:13:00 candidates=0 corpus=651 coverage=13453 exec total=95249 (239/min) pending=0 reproducing=0 
2026/07/30 01:13:10 candidates=0 corpus=651 coverage=13453 exec total=95294 (239/min) pending=0 reproducing=0 
2026/07/30 01:13:20 candidates=0 corpus=651 coverage=13453 exec total=95298 (239/min) pending=0 reproducing=0 
2026/07/30 01:13:30 candidates=0 corpus=652 coverage=13454 exec total=95344 (239/min) pending=0 reproducing=0 
2026/07/30 01:13:40 candidates=0 corpus=652 coverage=13454 exec total=95357 (239/min) pending=0 reproducing=0 
2026/07/30 01:13:50 candidates=0 corpus=652 coverage=13454 exec total=95382 (239/min) pending=0 reproducing=0 
2026/07/30 01:14:00 candidates=0 corpus=652 coverage=13454 exec total=95387 (239/min) pending=0 reproducing=0 
2026/07/30 01:14:10 candidates=0 corpus=652 coverage=13454 exec total=95405 (239/min) pending=0 reproducing=0 
2026/07/30 01:14:20 candidates=0 corpus=652 coverage=13454 exec total=95415 (239/min) pending=0 reproducing=0 
2026/07/30 01:14:30 candidates=0 corpus=652 coverage=13454 exec total=95443 (239/min) pending=0 reproducing=0 
2026/07/30 01:14:40 candidates=0 corpus=652 coverage=13454 exec total=95456 (239/min) pending=0 reproducing=0 
2026/07/30 01:14:50 candidates=0 corpus=652 coverage=13454 exec total=95486 (239/min) pending=0 reproducing=0 
2026/07/30 01:15:00 candidates=0 corpus=652 coverage=13454 exec total=95494 (239/min) pending=0 reproducing=0 
2026/07/30 01:15:10 candidates=0 corpus=652 coverage=13454 exec total=95533 (239/min) pending=0 reproducing=0 
2026/07/30 01:15:20 candidates=0 corpus=652 coverage=13454 exec total=95561 (238/min) pending=0 reproducing=0 
2026/07/30 01:15:30 candidates=0 corpus=652 coverage=13454 exec total=95593 (238/min) pending=0 reproducing=0 
2026/07/30 01:15:40 candidates=0 corpus=652 coverage=13454 exec total=95600 (238/min) pending=0 reproducing=0 
2026/07/30 01:15:50 candidates=0 corpus=652 coverage=13454 exec total=95615 (238/min) pending=0 reproducing=0 
2026/07/30 01:16:00 candidates=0 corpus=652 coverage=13454 exec total=95632 (238/min) pending=0 reproducing=0 
2026/07/30 01:16:10 candidates=0 corpus=652 coverage=13454 exec total=95660 (238/min) pending=0 reproducing=0 
2026/07/30 01:16:20 candidates=0 corpus=652 coverage=13454 exec total=95674 (238/min) pending=0 reproducing=0 
2026/07/30 01:16:30 candidates=0 corpus=652 coverage=13454 exec total=95719 (238/min) pending=0 reproducing=0 
2026/07/30 01:16:40 candidates=0 corpus=652 coverage=13454 exec total=95756 (238/min) pending=0 reproducing=0 
2026/07/30 01:16:50 candidates=0 corpus=652 coverage=13454 exec total=95777 (238/min) pending=0 reproducing=0 
2026/07/30 01:17:00 candidates=0 corpus=652 coverage=13454 exec total=95811 (238/min) pending=0 reproducing=0 
2026/07/30 01:17:10 candidates=0 corpus=652 coverage=13454 exec total=95825 (238/min) pending=0 reproducing=0 
2026/07/30 01:17:20 candidates=0 corpus=652 coverage=13454 exec total=95847 (238/min) pending=0 reproducing=0 
2026/07/30 01:17:30 candidates=0 corpus=652 coverage=13454 exec total=95863 (238/min) pending=0 reproducing=0 
2026/07/30 01:17:40 candidates=0 corpus=652 coverage=13454 exec total=95876 (238/min) pending=0 reproducing=0 
2026/07/30 01:17:50 candidates=0 corpus=652 coverage=13454 exec total=95903 (238/min) pending=0 reproducing=0 
2026/07/30 01:18:00 candidates=0 corpus=652 coverage=13454 exec total=95957 (238/min) pending=0 reproducing=0 
2026/07/30 01:18:10 candidates=0 corpus=652 coverage=13454 exec total=96007 (238/min) pending=0 reproducing=0 
2026/07/30 01:18:20 candidates=0 corpus=652 coverage=13454 exec total=96031 (238/min) pending=0 reproducing=0 
2026/07/30 01:18:30 candidates=0 corpus=652 coverage=13454 exec total=96036 (238/min) pending=0 reproducing=0 
2026/07/30 01:18:40 candidates=0 corpus=653 coverage=13455 exec total=96120 (238/min) pending=0 reproducing=0 
2026/07/30 01:18:50 candidates=0 corpus=653 coverage=13455 exec total=96147 (238/min) pending=0 reproducing=0 
2026/07/30 01:19:00 candidates=0 corpus=653 coverage=13455 exec total=96161 (238/min) pending=0 reproducing=0 
2026/07/30 01:19:10 candidates=0 corpus=653 coverage=13455 exec total=96203 (238/min) pending=0 reproducing=0 
2026/07/30 01:19:20 candidates=0 corpus=653 coverage=13455 exec total=96253 (238/min) pending=0 reproducing=0 
2026/07/30 01:19:30 candidates=0 corpus=653 coverage=13455 exec total=96290 (238/min) pending=0 reproducing=0 
2026/07/30 01:19:40 candidates=0 corpus=653 coverage=13455 exec total=96307 (238/min) pending=0 reproducing=0 
2026/07/30 01:19:50 candidates=0 corpus=653 coverage=13455 exec total=96344 (238/min) pending=0 reproducing=0 
2026/07/30 01:20:00 candidates=0 corpus=653 coverage=13455 exec total=96360 (238/min) pending=0 reproducing=0 
2026/07/30 01:20:10 candidates=0 corpus=653 coverage=13455 exec total=96378 (238/min) pending=0 reproducing=0 
2026/07/30 01:20:20 candidates=0 corpus=653 coverage=13455 exec total=96386 (238/min) pending=0 reproducing=0 
2026/07/30 01:20:30 candidates=0 corpus=654 coverage=13456 exec total=96444 (238/min) pending=0 reproducing=0 
2026/07/30 01:20:40 candidates=0 corpus=654 coverage=13456 exec total=96494 (238/min) pending=0 reproducing=0 
2026/07/30 01:20:50 candidates=0 corpus=655 coverage=13457 exec total=96585 (238/min) pending=0 reproducing=0 
2026/07/30 01:21:00 candidates=0 corpus=655 coverage=13457 exec total=96597 (238/min) pending=0 reproducing=0 
2026/07/30 01:21:10 candidates=0 corpus=655 coverage=13457 exec total=96609 (238/min) pending=0 reproducing=0 
2026/07/30 01:21:20 candidates=0 corpus=655 coverage=13457 exec total=96638 (238/min) pending=0 reproducing=0 
2026/07/30 01:21:30 candidates=0 corpus=655 coverage=13457 exec total=96647 (238/min) pending=0 reproducing=0 
2026/07/30 01:21:40 candidates=0 corpus=656 coverage=13458 exec total=96714 (238/min) pending=0 reproducing=0 
2026/07/30 01:21:50 candidates=0 corpus=656 coverage=13458 exec total=96748 (238/min) pending=0 reproducing=0 
2026/07/30 01:22:00 candidates=0 corpus=656 coverage=13458 exec total=96759 (238/min) pending=0 reproducing=0 
2026/07/30 01:22:10 candidates=0 corpus=656 coverage=13458 exec total=96776 (237/min) pending=0 reproducing=0 
2026/07/30 01:22:20 candidates=0 corpus=656 coverage=13458 exec total=96786 (237/min) pending=0 reproducing=0 
2026/07/30 01:22:30 candidates=0 corpus=656 coverage=13458 exec total=96801 (237/min) pending=0 reproducing=0 
2026/07/30 01:22:40 candidates=0 corpus=656 coverage=13458 exec total=96806 (237/min) pending=0 reproducing=0 
2026/07/30 01:22:50 candidates=0 corpus=656 coverage=13458 exec total=96837 (237/min) pending=0 reproducing=0 
2026/07/30 01:23:00 candidates=0 corpus=656 coverage=13458 exec total=96845 (237/min) pending=0 reproducing=0 
2026/07/30 01:23:10 candidates=0 corpus=656 coverage=13458 exec total=96892 (237/min) pending=0 reproducing=0 
2026/07/30 01:23:20 candidates=0 corpus=656 coverage=13458 exec total=96929 (237/min) pending=0 reproducing=0 
2026/07/30 01:23:30 candidates=0 corpus=656 coverage=13458 exec total=96971 (237/min) pending=0 reproducing=0 
2026/07/30 01:23:40 candidates=0 corpus=656 coverage=13458 exec total=97004 (237/min) pending=0 reproducing=0 
2026/07/30 01:23:50 candidates=0 corpus=658 coverage=13464 exec total=97037 (237/min) pending=0 reproducing=0 
2026/07/30 01:24:00 candidates=0 corpus=658 coverage=13464 exec total=97095 (237/min) pending=0 reproducing=0 
2026/07/30 01:24:10 candidates=0 corpus=658 coverage=13464 exec total=97157 (237/min) pending=0 reproducing=0 
2026/07/30 01:24:20 candidates=0 corpus=658 coverage=13464 exec total=97177 (237/min) pending=0 reproducing=0 
2026/07/30 01:24:30 candidates=0 corpus=658 coverage=13464 exec total=97193 (237/min) pending=0 reproducing=0 
2026/07/30 01:24:40 candidates=0 corpus=658 coverage=13464 exec total=97250 (237/min) pending=0 reproducing=0 
2026/07/30 01:24:50 candidates=0 corpus=658 coverage=13464 exec total=97274 (237/min) pending=0 reproducing=0 
2026/07/30 01:25:00 candidates=0 corpus=658 coverage=13464 exec total=97286 (237/min) pending=0 reproducing=0 
2026/07/30 01:25:10 candidates=0 corpus=658 coverage=13464 exec total=97341 (237/min) pending=0 reproducing=0 
2026/07/30 01:25:20 candidates=0 corpus=658 coverage=13464 exec total=97355 (237/min) pending=0 reproducing=0 
2026/07/30 01:25:30 candidates=0 corpus=658 coverage=13464 exec total=97393 (237/min) pending=0 reproducing=0 
2026/07/30 01:25:40 candidates=0 corpus=658 coverage=13464 exec total=97415 (237/min) pending=0 reproducing=0 
2026/07/30 01:25:50 candidates=0 corpus=658 coverage=13464 exec total=97466 (237/min) pending=0 reproducing=0 
2026/07/30 01:26:00 candidates=0 corpus=658 coverage=13464 exec total=97500 (237/min) pending=0 reproducing=0 
2026/07/30 01:26:10 candidates=0 corpus=658 coverage=13464 exec total=97525 (237/min) pending=0 reproducing=0 
2026/07/30 01:26:20 candidates=0 corpus=658 coverage=13464 exec total=97574 (237/min) pending=0 reproducing=0 
2026/07/30 01:26:30 candidates=0 corpus=658 coverage=13464 exec total=97581 (237/min) pending=0 reproducing=0 
2026/07/30 01:26:40 candidates=0 corpus=658 coverage=13464 exec total=97588 (237/min) pending=0 reproducing=0 
2026/07/30 01:26:50 candidates=0 corpus=659 coverage=13465 exec total=97627 (237/min) pending=0 reproducing=0 
2026/07/30 01:27:00 candidates=0 corpus=659 coverage=13465 exec total=97651 (237/min) pending=0 reproducing=0 
2026/07/30 01:27:10 candidates=0 corpus=659 coverage=13465 exec total=97712 (237/min) pending=0 reproducing=0 
2026/07/30 01:27:20 candidates=0 corpus=659 coverage=13465 exec total=97739 (237/min) pending=0 reproducing=0 
2026/07/30 01:27:30 candidates=0 corpus=659 coverage=13465 exec total=97746 (237/min) pending=0 reproducing=0 
2026/07/30 01:27:40 candidates=0 corpus=659 coverage=13465 exec total=97750 (237/min) pending=0 reproducing=0 
2026/07/30 01:27:50 candidates=0 corpus=659 coverage=13465 exec total=97789 (237/min) pending=0 reproducing=0 
2026/07/30 01:28:00 candidates=0 corpus=659 coverage=13465 exec total=97858 (237/min) pending=0 reproducing=0 
2026/07/30 01:28:10 candidates=0 corpus=659 coverage=13465 exec total=97875 (237/min) pending=0 reproducing=0 
2026/07/30 01:28:20 candidates=0 corpus=659 coverage=13465 exec total=97890 (237/min) pending=0 reproducing=0 
2026/07/30 01:28:30 candidates=0 corpus=659 coverage=13465 exec total=97912 (237/min) pending=0 reproducing=0 
2026/07/30 01:28:40 candidates=0 corpus=659 coverage=13465 exec total=97935 (237/min) pending=0 reproducing=0 
2026/07/30 01:28:50 candidates=0 corpus=659 coverage=13465 exec total=97953 (236/min) pending=0 reproducing=0 
2026/07/30 01:29:00 candidates=0 corpus=659 coverage=13465 exec total=97998 (236/min) pending=0 reproducing=0 
2026/07/30 01:29:10 candidates=0 corpus=659 coverage=13465 exec total=98031 (236/min) pending=0 reproducing=0 
2026/07/30 01:29:20 candidates=0 corpus=659 coverage=13465 exec total=98057 (236/min) pending=0 reproducing=0 
2026/07/30 01:29:30 candidates=0 corpus=659 coverage=13465 exec total=98065 (236/min) pending=0 reproducing=0 
2026/07/30 01:29:40 candidates=0 corpus=659 coverage=13465 exec total=98076 (236/min) pending=0 reproducing=0 
2026/07/30 01:29:50 candidates=0 corpus=659 coverage=13465 exec total=98088 (236/min) pending=0 reproducing=0 
2026/07/30 01:30:00 candidates=0 corpus=659 coverage=13465 exec total=98101 (236/min) pending=0 reproducing=0 
2026/07/30 01:30:10 candidates=0 corpus=659 coverage=13465 exec total=98125 (236/min) pending=0 reproducing=0 
2026/07/30 01:30:20 candidates=0 corpus=659 coverage=13465 exec total=98140 (236/min) pending=0 reproducing=0 
2026/07/30 01:30:30 candidates=0 corpus=659 coverage=13465 exec total=98191 (236/min) pending=0 reproducing=0 
2026/07/30 01:30:40 candidates=0 corpus=659 coverage=13465 exec total=98199 (236/min) pending=0 reproducing=0 
2026/07/30 01:30:50 candidates=0 corpus=659 coverage=13465 exec total=98215 (236/min) pending=0 reproducing=0 
2026/07/30 01:31:00 candidates=0 corpus=659 coverage=13465 exec total=98240 (236/min) pending=0 reproducing=0 
2026/07/30 01:31:10 candidates=0 corpus=659 coverage=13465 exec total=98248 (236/min) pending=0 reproducing=0 
2026/07/30 01:31:20 candidates=0 corpus=659 coverage=13465 exec total=98252 (236/min) pending=0 reproducing=0 
2026/07/30 01:31:30 candidates=0 corpus=659 coverage=13465 exec total=98256 (236/min) pending=0 reproducing=0 
2026/07/30 01:31:40 candidates=0 corpus=659 coverage=13465 exec total=98301 (236/min) pending=0 reproducing=0 
2026/07/30 01:31:50 candidates=0 corpus=659 coverage=13465 exec total=98348 (236/min) pending=0 reproducing=0 
2026/07/30 01:32:00 candidates=0 corpus=659 coverage=13465 exec total=98355 (236/min) pending=0 reproducing=0 
2026/07/30 01:32:10 candidates=0 corpus=659 coverage=13465 exec total=98382 (236/min) pending=0 reproducing=0 
2026/07/30 01:32:20 candidates=0 corpus=659 coverage=13465 exec total=98408 (236/min) pending=0 reproducing=0 
2026/07/30 01:32:30 candidates=0 corpus=659 coverage=13465 exec total=98450 (236/min) pending=0 reproducing=0 
2026/07/30 01:32:40 candidates=0 corpus=659 coverage=13465 exec total=98486 (236/min) pending=0 reproducing=0 
2026/07/30 01:32:50 candidates=0 corpus=659 coverage=13465 exec total=98494 (235/min) pending=0 reproducing=0 
2026/07/30 01:33:00 candidates=0 corpus=659 coverage=13465 exec total=98517 (235/min) pending=0 reproducing=0 
2026/07/30 01:33:10 candidates=0 corpus=659 coverage=13465 exec total=98542 (235/min) pending=0 reproducing=0 
2026/07/30 01:33:20 candidates=0 corpus=659 coverage=13465 exec total=98556 (235/min) pending=0 reproducing=0 
2026/07/30 01:33:30 candidates=0 corpus=659 coverage=13465 exec total=98573 (235/min) pending=0 reproducing=0 
2026/07/30 01:33:40 candidates=0 corpus=659 coverage=13465 exec total=98616 (235/min) pending=0 reproducing=0 
2026/07/30 01:33:50 candidates=0 corpus=659 coverage=13465 exec total=98635 (235/min) pending=0 reproducing=0 
2026/07/30 01:34:00 candidates=0 corpus=659 coverage=13465 exec total=98659 (235/min) pending=0 reproducing=0 
2026/07/30 01:34:10 candidates=0 corpus=659 coverage=13465 exec total=98668 (235/min) pending=0 reproducing=0 
2026/07/30 01:34:20 candidates=0 corpus=659 coverage=13465 exec total=98674 (235/min) pending=0 reproducing=0 
2026/07/30 01:34:30 candidates=0 corpus=659 coverage=13465 exec total=98680 (235/min) pending=0 reproducing=0 
2026/07/30 01:34:40 candidates=0 corpus=659 coverage=13465 exec total=98687 (235/min) pending=0 reproducing=0 
2026/07/30 01:34:50 candidates=0 corpus=659 coverage=13465 exec total=98720 (235/min) pending=0 reproducing=0 
2026/07/30 01:35:00 candidates=0 corpus=659 coverage=13465 exec total=98744 (235/min) pending=0 reproducing=0 
2026/07/30 01:35:10 candidates=0 corpus=659 coverage=13465 exec total=98754 (235/min) pending=0 reproducing=0 
2026/07/30 01:35:20 candidates=0 corpus=659 coverage=13465 exec total=98788 (235/min) pending=0 reproducing=0 
2026/07/30 01:35:30 candidates=0 corpus=659 coverage=13465 exec total=98810 (235/min) pending=0 reproducing=0 
2026/07/30 01:35:40 candidates=0 corpus=659 coverage=13465 exec total=98857 (235/min) pending=0 reproducing=0 
2026/07/30 01:35:50 candidates=0 corpus=659 coverage=13465 exec total=98881 (235/min) pending=0 reproducing=0 
2026/07/30 01:36:00 candidates=0 corpus=659 coverage=13465 exec total=98902 (235/min) pending=0 reproducing=0 
2026/07/30 01:36:10 candidates=0 corpus=659 coverage=13465 exec total=98925 (235/min) pending=0 reproducing=0 
2026/07/30 01:36:20 candidates=0 corpus=659 coverage=13465 exec total=98955 (235/min) pending=0 reproducing=0 
2026/07/30 01:36:30 candidates=0 corpus=659 coverage=13465 exec total=98971 (235/min) pending=0 reproducing=0 
2026/07/30 01:36:40 candidates=0 corpus=659 coverage=13465 exec total=98992 (235/min) pending=0 reproducing=0 
2026/07/30 01:36:50 candidates=0 corpus=659 coverage=13465 exec total=99015 (234/min) pending=0 reproducing=0 
2026/07/30 01:37:00 candidates=0 corpus=659 coverage=13465 exec total=99066 (235/min) pending=0 reproducing=0 
2026/07/30 01:37:10 candidates=0 corpus=659 coverage=13465 exec total=99096 (235/min) pending=0 reproducing=0 
2026/07/30 01:37:20 candidates=0 corpus=659 coverage=13465 exec total=99121 (234/min) pending=0 reproducing=0 
2026/07/30 01:37:30 candidates=0 corpus=659 coverage=13465 exec total=99136 (234/min) pending=0 reproducing=0 
2026/07/30 01:37:40 candidates=0 corpus=659 coverage=13465 exec total=99149 (234/min) pending=0 reproducing=0 
2026/07/30 01:37:50 candidates=0 corpus=659 coverage=13465 exec total=99162 (234/min) pending=0 reproducing=0 
2026/07/30 01:38:00 candidates=0 corpus=659 coverage=13465 exec total=99200 (234/min) pending=0 reproducing=0 
2026/07/30 01:38:10 candidates=0 corpus=659 coverage=13465 exec total=99212 (234/min) pending=0 reproducing=0 
2026/07/30 01:38:20 candidates=0 corpus=659 coverage=13465 exec total=99226 (234/min) pending=0 reproducing=0 
2026/07/30 01:38:30 candidates=0 corpus=659 coverage=13465 exec total=99274 (234/min) pending=0 reproducing=0 
2026/07/30 01:38:40 candidates=0 corpus=659 coverage=13465 exec total=99289 (234/min) pending=0 reproducing=0 
2026/07/30 01:38:50 candidates=0 corpus=659 coverage=13465 exec total=99302 (234/min) pending=0 reproducing=0 
2026/07/30 01:39:00 candidates=0 corpus=659 coverage=13465 exec total=99317 (234/min) pending=0 reproducing=0 
2026/07/30 01:39:10 candidates=0 corpus=659 coverage=13465 exec total=99377 (234/min) pending=0 reproducing=0 
2026/07/30 01:39:20 candidates=0 corpus=659 coverage=13465 exec total=99401 (234/min) pending=0 reproducing=0 
2026/07/30 01:39:30 candidates=0 corpus=659 coverage=13465 exec total=99415 (234/min) pending=0 reproducing=0 
2026/07/30 01:39:40 candidates=0 corpus=659 coverage=13465 exec total=99452 (234/min) pending=0 reproducing=0 
2026/07/30 01:39:50 candidates=0 corpus=659 coverage=13465 exec total=99457 (234/min) pending=0 reproducing=0 
2026/07/30 01:40:00 candidates=0 corpus=659 coverage=13465 exec total=99481 (234/min) pending=0 reproducing=0 
2026/07/30 01:40:10 candidates=0 corpus=659 coverage=13465 exec total=99491 (234/min) pending=0 reproducing=0 
2026/07/30 01:40:20 candidates=0 corpus=659 coverage=13465 exec total=99565 (234/min) pending=0 reproducing=0 
2026/07/30 01:40:30 candidates=0 corpus=659 coverage=13465 exec total=99634 (234/min) pending=0 reproducing=0 
2026/07/30 01:40:40 candidates=0 corpus=659 coverage=13465 exec total=99644 (234/min) pending=0 reproducing=0 
2026/07/30 01:40:50 candidates=0 corpus=659 coverage=13465 exec total=99665 (234/min) pending=0 reproducing=0 
2026/07/30 01:41:00 candidates=0 corpus=659 coverage=13465 exec total=99733 (234/min) pending=0 reproducing=0 
2026/07/30 01:41:10 candidates=0 corpus=659 coverage=13465 exec total=99756 (234/min) pending=0 reproducing=0 
2026/07/30 01:41:20 candidates=0 corpus=659 coverage=13465 exec total=99776 (234/min) pending=0 reproducing=0 
2026/07/30 01:41:30 candidates=0 corpus=659 coverage=13465 exec total=99824 (234/min) pending=0 reproducing=0 
2026/07/30 01:41:40 candidates=0 corpus=659 coverage=13465 exec total=99857 (234/min) pending=0 reproducing=0 
2026/07/30 01:41:50 candidates=0 corpus=659 coverage=13465 exec total=99884 (234/min) pending=0 reproducing=0 
2026/07/30 01:42:00 candidates=0 corpus=659 coverage=13465 exec total=99895 (234/min) pending=0 reproducing=0 
2026/07/30 01:42:10 candidates=0 corpus=659 coverage=13465 exec total=99903 (234/min) pending=0 reproducing=0 
2026/07/30 01:42:20 candidates=0 corpus=659 coverage=13465 exec total=99907 (234/min) pending=0 reproducing=0 
2026/07/30 01:42:30 candidates=0 corpus=659 coverage=13465 exec total=99920 (233/min) pending=0 reproducing=0 
2026/07/30 01:42:40 candidates=0 corpus=659 coverage=13465 exec total=99930 (233/min) pending=0 reproducing=0 
2026/07/30 01:42:50 candidates=0 corpus=659 coverage=13465 exec total=99939 (233/min) pending=0 reproducing=0 
2026/07/30 01:43:00 candidates=0 corpus=659 coverage=13465 exec total=99965 (233/min) pending=0 reproducing=0 
2026/07/30 01:43:10 candidates=0 corpus=659 coverage=13465 exec total=99981 (233/min) pending=0 reproducing=0 
2026/07/30 01:43:20 candidates=0 corpus=659 coverage=13465 exec total=100063 (233/min) pending=0 reproducing=0 
2026/07/30 01:43:30 candidates=0 corpus=659 coverage=13465 exec total=100088 (233/min) pending=0 reproducing=0 
2026/07/30 01:43:40 candidates=0 corpus=659 coverage=13466 exec total=100120 (233/min) pending=0 reproducing=0 
2026/07/30 01:43:50 candidates=0 corpus=659 coverage=13466 exec total=100138 (233/min) pending=0 reproducing=0 
2026/07/30 01:44:00 candidates=0 corpus=659 coverage=13466 exec total=100164 (233/min) pending=0 reproducing=0 
2026/07/30 01:44:10 candidates=0 corpus=659 coverage=13466 exec total=100210 (233/min) pending=0 reproducing=0 
2026/07/30 01:44:20 candidates=0 corpus=659 coverage=13466 exec total=100231 (233/min) pending=0 reproducing=0 
2026/07/30 01:44:30 candidates=0 corpus=659 coverage=13466 exec total=100259 (233/min) pending=0 reproducing=0 
2026/07/30 01:44:40 candidates=0 corpus=659 coverage=13466 exec total=100299 (233/min) pending=0 reproducing=0 
2026/07/30 01:44:50 candidates=0 corpus=659 coverage=13466 exec total=100350 (233/min) pending=0 reproducing=0 
2026/07/30 01:45:00 candidates=0 corpus=659 coverage=13466 exec total=100379 (233/min) pending=0 reproducing=0 
2026/07/30 01:45:10 candidates=0 corpus=659 coverage=13466 exec total=100389 (233/min) pending=0 reproducing=0 
2026/07/30 01:45:20 candidates=0 corpus=659 coverage=13466 exec total=100426 (233/min) pending=0 reproducing=0 
2026/07/30 01:45:30 candidates=0 corpus=659 coverage=13466 exec total=100452 (233/min) pending=0 reproducing=0 
2026/07/30 01:45:40 candidates=0 corpus=659 coverage=13466 exec total=100456 (233/min) pending=0 reproducing=0 
2026/07/30 01:45:50 candidates=0 corpus=659 coverage=13466 exec total=100526 (233/min) pending=0 reproducing=0 
2026/07/30 01:46:00 candidates=0 corpus=659 coverage=13466 exec total=100537 (233/min) pending=0 reproducing=0 
2026/07/30 01:46:10 candidates=0 corpus=659 coverage=13466 exec total=100554 (233/min) pending=0 reproducing=0 
2026/07/30 01:46:20 candidates=0 corpus=659 coverage=13466 exec total=100584 (233/min) pending=0 reproducing=0 
2026/07/30 01:46:30 candidates=0 corpus=659 coverage=13466 exec total=100625 (233/min) pending=0 reproducing=0 
2026/07/30 01:46:40 candidates=0 corpus=659 coverage=13466 exec total=100648 (233/min) pending=0 reproducing=0 
2026/07/30 01:46:50 candidates=0 corpus=659 coverage=13466 exec total=100651 (233/min) pending=0 reproducing=0 
2026/07/30 01:47:00 candidates=0 corpus=659 coverage=13466 exec total=100670 (233/min) pending=0 reproducing=0 
2026/07/30 01:47:10 candidates=0 corpus=659 coverage=13466 exec total=100686 (233/min) pending=0 reproducing=0 
2026/07/30 01:47:20 candidates=0 corpus=659 coverage=13466 exec total=100709 (233/min) pending=0 reproducing=0 
2026/07/30 01:47:30 candidates=0 corpus=659 coverage=13466 exec total=100722 (233/min) pending=0 reproducing=0 
2026/07/30 01:47:40 candidates=0 corpus=659 coverage=13466 exec total=100732 (233/min) pending=0 reproducing=0 
2026/07/30 01:47:50 candidates=0 corpus=659 coverage=13466 exec total=100809 (233/min) pending=0 reproducing=0 
2026/07/30 01:48:00 candidates=0 corpus=659 coverage=13466 exec total=100828 (233/min) pending=0 reproducing=0 
2026/07/30 01:48:10 candidates=0 corpus=659 coverage=13466 exec total=100870 (233/min) pending=0 reproducing=0 
2026/07/30 01:48:20 candidates=0 corpus=659 coverage=13466 exec total=100966 (233/min) pending=0 reproducing=0 
2026/07/30 01:48:30 candidates=0 corpus=659 coverage=13466 exec total=100987 (233/min) pending=0 reproducing=0 
2026/07/30 01:48:40 candidates=0 corpus=659 coverage=13466 exec total=100999 (233/min) pending=0 reproducing=0 
2026/07/30 01:48:50 candidates=0 corpus=659 coverage=13466 exec total=101029 (233/min) pending=0 reproducing=0 
2026/07/30 01:49:00 candidates=0 corpus=659 coverage=13466 exec total=101041 (233/min) pending=0 reproducing=0 
2026/07/30 01:49:10 candidates=0 corpus=659 coverage=13466 exec total=101064 (233/min) pending=0 reproducing=0 
2026/07/30 01:49:20 candidates=0 corpus=659 coverage=13466 exec total=101074 (232/min) pending=0 reproducing=0 
2026/07/30 01:49:30 candidates=0 corpus=659 coverage=13466 exec total=101100 (232/min) pending=0 reproducing=0 
2026/07/30 01:49:40 candidates=0 corpus=659 coverage=13466 exec total=101112 (232/min) pending=0 reproducing=0 
2026/07/30 01:49:50 candidates=0 corpus=659 coverage=13466 exec total=101140 (232/min) pending=0 reproducing=0 
2026/07/30 01:50:00 candidates=0 corpus=659 coverage=13466 exec total=101171 (232/min) pending=0 reproducing=0 
2026/07/30 01:50:10 candidates=0 corpus=659 coverage=13466 exec total=101184 (232/min) pending=0 reproducing=0 
2026/07/30 01:50:20 candidates=0 corpus=659 coverage=13466 exec total=101242 (232/min) pending=0 reproducing=0 
2026/07/30 01:50:30 candidates=0 corpus=659 coverage=13466 exec total=101288 (232/min) pending=0 reproducing=0 
2026/07/30 01:50:40 candidates=0 corpus=659 coverage=13466 exec total=101323 (232/min) pending=0 reproducing=0 
2026/07/30 01:50:50 candidates=0 corpus=659 coverage=13466 exec total=101338 (232/min) pending=0 reproducing=0 
2026/07/30 01:51:00 candidates=0 corpus=659 coverage=13466 exec total=101349 (232/min) pending=0 reproducing=0 
2026/07/30 01:51:10 candidates=0 corpus=659 coverage=13466 exec total=101385 (232/min) pending=0 reproducing=0 
2026/07/30 01:51:20 candidates=0 corpus=659 coverage=13466 exec total=101414 (232/min) pending=0 reproducing=0 
2026/07/30 01:51:30 candidates=0 corpus=659 coverage=13466 exec total=101464 (232/min) pending=0 reproducing=0 
2026/07/30 01:51:40 candidates=0 corpus=659 coverage=13466 exec total=101488 (232/min) pending=0 reproducing=0 
2026/07/30 01:51:50 candidates=0 corpus=659 coverage=13466 exec total=101521 (232/min) pending=0 reproducing=0 
2026/07/30 01:52:00 candidates=0 corpus=659 coverage=13466 exec total=101529 (232/min) pending=0 reproducing=0 
2026/07/30 01:52:10 candidates=0 corpus=659 coverage=13466 exec total=101532 (232/min) pending=0 reproducing=0 
2026/07/30 01:52:20 candidates=0 corpus=659 coverage=13466 exec total=101581 (232/min) pending=0 reproducing=0 
2026/07/30 01:52:30 candidates=0 corpus=659 coverage=13466 exec total=101601 (232/min) pending=0 reproducing=0 
2026/07/30 01:52:40 candidates=0 corpus=659 coverage=13466 exec total=101608 (232/min) pending=0 reproducing=0 
2026/07/30 01:52:50 candidates=0 corpus=659 coverage=13466 exec total=101620 (232/min) pending=0 reproducing=0 
2026/07/30 01:53:00 candidates=0 corpus=659 coverage=13466 exec total=101672 (232/min) pending=0 reproducing=0 
2026/07/30 01:53:10 candidates=0 corpus=659 coverage=13466 exec total=101694 (232/min) pending=0 reproducing=0 
2026/07/30 01:53:20 candidates=0 corpus=659 coverage=13466 exec total=101700 (232/min) pending=0 reproducing=0 
2026/07/30 01:53:30 candidates=0 corpus=659 coverage=13466 exec total=101743 (232/min) pending=0 reproducing=0 
2026/07/30 01:53:40 candidates=0 corpus=659 coverage=13466 exec total=101749 (232/min) pending=0 reproducing=0 
2026/07/30 01:53:50 candidates=0 corpus=659 coverage=13466 exec total=101776 (232/min) pending=0 reproducing=0 
2026/07/30 01:54:00 candidates=0 corpus=659 coverage=13466 exec total=101830 (232/min) pending=0 reproducing=0 
2026/07/30 01:54:10 candidates=0 corpus=659 coverage=13466 exec total=101872 (232/min) pending=0 reproducing=0 
2026/07/30 01:54:20 candidates=0 corpus=659 coverage=13466 exec total=101905 (232/min) pending=0 reproducing=0 
2026/07/30 01:54:30 candidates=0 corpus=659 coverage=13466 exec total=101928 (232/min) pending=0 reproducing=0 
2026/07/30 01:54:40 candidates=0 corpus=659 coverage=13466 exec total=101943 (232/min) pending=0 reproducing=0 
2026/07/30 01:54:50 candidates=0 corpus=659 coverage=13466 exec total=101972 (232/min) pending=0 reproducing=0 
2026/07/30 01:55:00 candidates=0 corpus=659 coverage=13466 exec total=101985 (232/min) pending=0 reproducing=0 
2026/07/30 01:55:10 candidates=0 corpus=659 coverage=13466 exec total=102024 (232/min) pending=0 reproducing=0 
2026/07/30 01:55:20 candidates=0 corpus=659 coverage=13466 exec total=102090 (232/min) pending=0 reproducing=0 
2026/07/30 01:55:30 candidates=0 corpus=659 coverage=13466 exec total=102134 (232/min) pending=0 reproducing=0 
2026/07/30 01:55:40 candidates=0 corpus=659 coverage=13466 exec total=102166 (232/min) pending=0 reproducing=0 
2026/07/30 01:55:50 candidates=0 corpus=659 coverage=13466 exec total=102211 (232/min) pending=0 reproducing=0 
2026/07/30 01:56:00 candidates=0 corpus=659 coverage=13466 exec total=102250 (232/min) pending=0 reproducing=0 
2026/07/30 01:56:10 candidates=0 corpus=659 coverage=13466 exec total=102291 (232/min) pending=0 reproducing=0 
2026/07/30 01:56:20 candidates=0 corpus=659 coverage=13466 exec total=102327 (232/min) pending=0 reproducing=0 
2026/07/30 01:56:30 candidates=0 corpus=659 coverage=13466 exec total=102351 (232/min) pending=0 reproducing=0 
2026/07/30 01:56:40 candidates=0 corpus=660 coverage=13466 exec total=102411 (232/min) pending=0 reproducing=0 
2026/07/30 01:56:50 candidates=0 corpus=660 coverage=13466 exec total=102431 (232/min) pending=0 reproducing=0 
2026/07/30 01:57:00 candidates=0 corpus=660 coverage=13466 exec total=102452 (232/min) pending=0 reproducing=0 
2026/07/30 01:57:10 candidates=0 corpus=660 coverage=13466 exec total=102496 (232/min) pending=0 reproducing=0 
2026/07/30 01:57:20 candidates=0 corpus=660 coverage=13466 exec total=102517 (232/min) pending=0 reproducing=0 
2026/07/30 01:57:30 candidates=0 corpus=660 coverage=13466 exec total=102575 (232/min) pending=0 reproducing=0 
2026/07/30 01:57:40 candidates=0 corpus=660 coverage=13466 exec total=102613 (232/min) pending=0 reproducing=0 
2026/07/30 01:57:50 candidates=0 corpus=660 coverage=13466 exec total=102648 (232/min) pending=0 reproducing=0 
2026/07/30 01:58:00 candidates=0 corpus=660 coverage=13466 exec total=102667 (232/min) pending=0 reproducing=0 
2026/07/30 01:58:10 candidates=0 corpus=660 coverage=13466 exec total=102711 (232/min) pending=0 reproducing=0 
2026/07/30 01:58:20 candidates=0 corpus=660 coverage=13466 exec total=102742 (232/min) pending=0 reproducing=0 
2026/07/30 01:58:30 candidates=0 corpus=660 coverage=13466 exec total=102747 (231/min) pending=0 reproducing=0 
2026/07/30 01:58:40 candidates=0 corpus=660 coverage=13466 exec total=102752 (231/min) pending=0 reproducing=0 
2026/07/30 01:58:50 candidates=0 corpus=660 coverage=13466 exec total=102770 (231/min) pending=0 reproducing=0 
2026/07/30 01:59:00 candidates=0 corpus=660 coverage=13466 exec total=102785 (231/min) pending=0 reproducing=0 
2026/07/30 01:59:10 candidates=0 corpus=660 coverage=13466 exec total=102802 (231/min) pending=0 reproducing=0 
2026/07/30 01:59:20 candidates=0 corpus=660 coverage=13466 exec total=102927 (231/min) pending=0 reproducing=0 
2026/07/30 01:59:30 candidates=0 corpus=660 coverage=13466 exec total=102960 (231/min) pending=0 reproducing=0 
2026/07/30 01:59:40 candidates=0 corpus=660 coverage=13466 exec total=102980 (231/min) pending=0 reproducing=0 
2026/07/30 01:59:50 candidates=0 corpus=660 coverage=13466 exec total=103068 (231/min) pending=0 reproducing=0 
2026/07/30 02:00:00 candidates=0 corpus=660 coverage=13466 exec total=103122 (231/min) pending=0 reproducing=0 
2026/07/30 02:00:10 candidates=0 corpus=660 coverage=13466 exec total=103165 (231/min) pending=0 reproducing=0 
2026/07/30 02:00:20 candidates=0 corpus=660 coverage=13466 exec total=103209 (232/min) pending=0 reproducing=0 
2026/07/30 02:00:30 candidates=0 corpus=660 coverage=13466 exec total=103214 (231/min) pending=0 reproducing=0 
2026/07/30 02:00:40 candidates=0 corpus=660 coverage=13466 exec total=103245 (231/min) pending=0 reproducing=0 
2026/07/30 02:00:50 candidates=0 corpus=660 coverage=13466 exec total=103260 (231/min) pending=0 reproducing=0 
2026/07/30 02:01:00 candidates=0 corpus=660 coverage=13466 exec total=103327 (231/min) pending=0 reproducing=0 
2026/07/30 02:01:10 candidates=0 corpus=660 coverage=13466 exec total=103359 (231/min) pending=0 reproducing=0 
2026/07/30 02:01:20 candidates=0 corpus=660 coverage=13466 exec total=103365 (231/min) pending=0 reproducing=0 
2026/07/30 02:01:30 candidates=0 corpus=660 coverage=13466 exec total=103388 (231/min) pending=0 reproducing=0 
2026/07/30 02:01:40 candidates=0 corpus=660 coverage=13466 exec total=103409 (231/min) pending=0 reproducing=0 
2026/07/30 02:01:50 candidates=0 corpus=660 coverage=13466 exec total=103419 (231/min) pending=0 reproducing=0 
2026/07/30 02:02:00 candidates=0 corpus=660 coverage=13466 exec total=103511 (231/min) pending=0 reproducing=0 
2026/07/30 02:02:10 candidates=0 corpus=660 coverage=13466 exec total=103538 (231/min) pending=0 reproducing=0 
2026/07/30 02:02:20 candidates=0 corpus=660 coverage=13466 exec total=103566 (231/min) pending=0 reproducing=0 
2026/07/30 02:02:30 candidates=0 corpus=660 coverage=13466 exec total=103642 (231/min) pending=0 reproducing=0 
2026/07/30 02:02:40 candidates=0 corpus=660 coverage=13466 exec total=103665 (231/min) pending=0 reproducing=0 
2026/07/30 02:02:50 candidates=0 corpus=661 coverage=13466 exec total=103726 (231/min) pending=0 reproducing=0 
2026/07/30 02:03:00 candidates=0 corpus=661 coverage=13466 exec total=103744 (231/min) pending=0 reproducing=0 
2026/07/30 02:03:10 candidates=0 corpus=661 coverage=13466 exec total=103792 (231/min) pending=0 reproducing=0 
2026/07/30 02:03:20 candidates=0 corpus=661 coverage=13466 exec total=103812 (231/min) pending=0 reproducing=0 
2026/07/30 02:03:30 candidates=0 corpus=661 coverage=13466 exec total=103855 (231/min) pending=0 reproducing=0 
2026/07/30 02:03:40 candidates=0 corpus=661 coverage=13466 exec total=103874 (231/min) pending=0 reproducing=0 
2026/07/30 02:03:50 candidates=0 corpus=661 coverage=13466 exec total=103897 (231/min) pending=0 reproducing=0 
2026/07/30 02:04:00 candidates=0 corpus=661 coverage=13466 exec total=103915 (231/min) pending=0 reproducing=0 
2026/07/30 02:04:10 candidates=0 corpus=661 coverage=13466 exec total=103941 (231/min) pending=0 reproducing=0 
2026/07/30 02:04:20 candidates=0 corpus=661 coverage=13466 exec total=103970 (231/min) pending=0 reproducing=0 
2026/07/30 02:04:30 candidates=0 corpus=661 coverage=13466 exec total=104000 (231/min) pending=0 reproducing=0 
2026/07/30 02:04:40 candidates=0 corpus=661 coverage=13466 exec total=104012 (231/min) pending=0 reproducing=0 
2026/07/30 02:04:50 candidates=0 corpus=661 coverage=13466 exec total=104019 (231/min) pending=0 reproducing=0 
2026/07/30 02:05:00 candidates=0 corpus=661 coverage=13466 exec total=104021 (231/min) pending=0 reproducing=0 
2026/07/30 02:05:10 candidates=0 corpus=661 coverage=13466 exec total=104037 (231/min) pending=0 reproducing=0 
2026/07/30 02:05:20 candidates=0 corpus=661 coverage=13466 exec total=104049 (231/min) pending=0 reproducing=0 
2026/07/30 02:05:30 candidates=0 corpus=661 coverage=13466 exec total=104053 (231/min) pending=0 reproducing=0 
2026/07/30 02:05:40 candidates=0 corpus=661 coverage=13466 exec total=104078 (231/min) pending=0 reproducing=0 
2026/07/30 02:05:50 candidates=0 corpus=661 coverage=13466 exec total=104100 (231/min) pending=0 reproducing=0 
2026/07/30 02:06:00 candidates=0 corpus=661 coverage=13466 exec total=104163 (231/min) pending=0 reproducing=0 
2026/07/30 02:06:10 candidates=0 corpus=661 coverage=13466 exec total=104165 (231/min) pending=0 reproducing=0 
2026/07/30 02:06:20 candidates=0 corpus=661 coverage=13466 exec total=104209 (231/min) pending=0 reproducing=0 
2026/07/30 02:06:30 candidates=0 corpus=661 coverage=13466 exec total=104226 (231/min) pending=0 reproducing=0 
2026/07/30 02:06:40 candidates=0 corpus=661 coverage=13466 exec total=104266 (231/min) pending=0 reproducing=0 
2026/07/30 02:06:50 candidates=0 corpus=661 coverage=13466 exec total=104282 (231/min) pending=0 reproducing=0 
2026/07/30 02:07:00 candidates=0 corpus=661 coverage=13466 exec total=104307 (231/min) pending=0 reproducing=0 
2026/07/30 02:07:10 candidates=0 corpus=661 coverage=13466 exec total=104335 (230/min) pending=0 reproducing=0 
2026/07/30 02:07:20 candidates=0 corpus=661 coverage=13466 exec total=104363 (230/min) pending=0 reproducing=0 
2026/07/30 02:07:30 candidates=0 corpus=661 coverage=13466 exec total=104370 (230/min) pending=0 reproducing=0 
2026/07/30 02:07:40 candidates=0 corpus=661 coverage=13466 exec total=104379 (230/min) pending=0 reproducing=0 
2026/07/30 02:07:50 candidates=0 corpus=661 coverage=13466 exec total=104424 (230/min) pending=0 reproducing=0 
2026/07/30 02:08:00 candidates=0 corpus=661 coverage=13466 exec total=104451 (230/min) pending=0 reproducing=0 
2026/07/30 02:08:10 candidates=0 corpus=661 coverage=13466 exec total=104503 (230/min) pending=0 reproducing=0 
2026/07/30 02:08:20 candidates=0 corpus=661 coverage=13466 exec total=104510 (230/min) pending=0 reproducing=0 
2026/07/30 02:08:30 candidates=0 corpus=661 coverage=13466 exec total=104547 (230/min) pending=0 reproducing=0 
2026/07/30 02:08:40 candidates=0 corpus=661 coverage=13466 exec total=104598 (230/min) pending=0 reproducing=0 
2026/07/30 02:08:50 candidates=0 corpus=661 coverage=13466 exec total=104623 (230/min) pending=0 reproducing=0 
2026/07/30 02:09:00 candidates=0 corpus=661 coverage=13466 exec total=104684 (230/min) pending=0 reproducing=0 
2026/07/30 02:09:10 candidates=0 corpus=661 coverage=13466 exec total=104708 (230/min) pending=0 reproducing=0 
2026/07/30 02:09:20 candidates=0 corpus=661 coverage=13466 exec total=104723 (230/min) pending=0 reproducing=0 
2026/07/30 02:09:30 candidates=0 corpus=661 coverage=13466 exec total=104805 (230/min) pending=0 reproducing=0 
2026/07/30 02:09:40 candidates=0 corpus=661 coverage=13466 exec total=104815 (230/min) pending=0 reproducing=0 
2026/07/30 02:09:50 candidates=0 corpus=661 coverage=13466 exec total=104848 (230/min) pending=0 reproducing=0 
2026/07/30 02:10:00 candidates=0 corpus=661 coverage=13466 exec total=104865 (230/min) pending=0 reproducing=0 
2026/07/30 02:10:10 candidates=0 corpus=661 coverage=13466 exec total=104889 (230/min) pending=0 reproducing=0 
2026/07/30 02:10:20 candidates=0 corpus=661 coverage=13466 exec total=104895 (230/min) pending=0 reproducing=0 
2026/07/30 02:10:30 candidates=0 corpus=661 coverage=13466 exec total=104898 (230/min) pending=0 reproducing=0 
2026/07/30 02:10:40 candidates=0 corpus=661 coverage=13466 exec total=104902 (230/min) pending=0 reproducing=0 
2026/07/30 02:10:50 candidates=0 corpus=661 coverage=13466 exec total=104918 (230/min) pending=0 reproducing=0 
2026/07/30 02:11:00 candidates=0 corpus=661 coverage=13466 exec total=104929 (230/min) pending=0 reproducing=0 
2026/07/30 02:11:10 candidates=0 corpus=661 coverage=13466 exec total=104957 (230/min) pending=0 reproducing=0 
2026/07/30 02:11:20 candidates=0 corpus=661 coverage=13466 exec total=104972 (230/min) pending=0 reproducing=0 
2026/07/30 02:11:30 candidates=0 corpus=661 coverage=13466 exec total=104978 (230/min) pending=0 reproducing=0 
2026/07/30 02:11:40 candidates=0 corpus=661 coverage=13466 exec total=104986 (230/min) pending=0 reproducing=0 
2026/07/30 02:11:50 candidates=0 corpus=661 coverage=13466 exec total=104992 (230/min) pending=0 reproducing=0 
2026/07/30 02:12:00 candidates=0 corpus=661 coverage=13466 exec total=105008 (230/min) pending=0 reproducing=0 
2026/07/30 02:12:10 candidates=0 corpus=661 coverage=13466 exec total=105025 (229/min) pending=0 reproducing=0 
2026/07/30 02:12:20 candidates=0 corpus=661 coverage=13466 exec total=105062 (229/min) pending=0 reproducing=0 
2026/07/30 02:12:30 candidates=0 corpus=661 coverage=13466 exec total=105102 (229/min) pending=0 reproducing=0 
2026/07/30 02:12:40 candidates=0 corpus=661 coverage=13466 exec total=105126 (229/min) pending=0 reproducing=0 
2026/07/30 02:12:50 candidates=0 corpus=661 coverage=13466 exec total=105139 (229/min) pending=0 reproducing=0 
2026/07/30 02:13:00 candidates=0 corpus=661 coverage=13466 exec total=105169 (229/min) pending=0 reproducing=0 
2026/07/30 02:13:10 candidates=0 corpus=661 coverage=13466 exec total=105174 (229/min) pending=0 reproducing=0 
2026/07/30 02:13:20 candidates=0 corpus=661 coverage=13466 exec total=105209 (229/min) pending=0 reproducing=0 
2026/07/30 02:13:30 candidates=0 corpus=661 coverage=13466 exec total=105223 (229/min) pending=0 reproducing=0 
2026/07/30 02:13:40 candidates=0 corpus=661 coverage=13466 exec total=105246 (229/min) pending=0 reproducing=0 
2026/07/30 02:13:50 candidates=0 corpus=661 coverage=13466 exec total=105260 (229/min) pending=0 reproducing=0 
2026/07/30 02:14:00 candidates=0 corpus=661 coverage=13466 exec total=105292 (229/min) pending=0 reproducing=0 
2026/07/30 02:14:10 candidates=0 corpus=661 coverage=13466 exec total=105305 (229/min) pending=0 reproducing=0 
2026/07/30 02:14:20 candidates=0 corpus=661 coverage=13466 exec total=105328 (229/min) pending=0 reproducing=0 
2026/07/30 02:14:30 candidates=0 corpus=661 coverage=13466 exec total=105335 (229/min) pending=0 reproducing=0 
2026/07/30 02:14:40 candidates=0 corpus=661 coverage=13466 exec total=105342 (229/min) pending=0 reproducing=0 
2026/07/30 02:14:50 candidates=0 corpus=661 coverage=13466 exec total=105350 (229/min) pending=0 reproducing=0 
2026/07/30 02:15:00 candidates=0 corpus=661 coverage=13466 exec total=105358 (229/min) pending=0 reproducing=0 
2026/07/30 02:15:10 candidates=0 corpus=661 coverage=13466 exec total=105369 (229/min) pending=0 reproducing=0 
2026/07/30 02:15:20 candidates=0 corpus=661 coverage=13466 exec total=105377 (229/min) pending=0 reproducing=0 
2026/07/30 02:15:30 candidates=0 corpus=661 coverage=13466 exec total=105405 (229/min) pending=0 reproducing=0 
2026/07/30 02:15:40 candidates=0 corpus=661 coverage=13466 exec total=105413 (229/min) pending=0 reproducing=0 
2026/07/30 02:15:50 candidates=0 corpus=661 coverage=13466 exec total=105430 (229/min) pending=0 reproducing=0 
2026/07/30 02:16:00 candidates=0 corpus=661 coverage=13466 exec total=105453 (228/min) pending=0 reproducing=0 
2026/07/30 02:16:10 candidates=0 corpus=661 coverage=13466 exec total=105467 (228/min) pending=0 reproducing=0 
2026/07/30 02:16:20 candidates=0 corpus=661 coverage=13466 exec total=105491 (228/min) pending=0 reproducing=0 
2026/07/30 02:16:30 candidates=0 corpus=661 coverage=13466 exec total=105503 (228/min) pending=0 reproducing=0 
2026/07/30 02:16:40 candidates=0 corpus=661 coverage=13466 exec total=105531 (228/min) pending=0 reproducing=0 
2026/07/30 02:16:50 candidates=0 corpus=661 coverage=13466 exec total=105566 (228/min) pending=0 reproducing=0 
2026/07/30 02:17:00 candidates=0 corpus=661 coverage=13466 exec total=105584 (228/min) pending=0 reproducing=0 
2026/07/30 02:17:10 candidates=0 corpus=661 coverage=13466 exec total=105603 (228/min) pending=0 reproducing=0 
2026/07/30 02:17:20 candidates=0 corpus=661 coverage=13466 exec total=105606 (228/min) pending=0 reproducing=0 
2026/07/30 02:17:30 candidates=0 corpus=661 coverage=13466 exec total=105623 (228/min) pending=0 reproducing=0 
2026/07/30 02:17:40 candidates=0 corpus=661 coverage=13466 exec total=105670 (228/min) pending=0 reproducing=0 
2026/07/30 02:17:50 candidates=0 corpus=661 coverage=13466 exec total=105730 (228/min) pending=0 reproducing=0 
2026/07/30 02:18:00 candidates=0 corpus=661 coverage=13466 exec total=105741 (228/min) pending=0 reproducing=0 
2026/07/30 02:18:10 candidates=0 corpus=661 coverage=13466 exec total=105746 (228/min) pending=0 reproducing=0 
2026/07/30 02:18:20 candidates=0 corpus=661 coverage=13466 exec total=105771 (228/min) pending=0 reproducing=0 
2026/07/30 02:18:30 candidates=0 corpus=661 coverage=13466 exec total=105791 (228/min) pending=0 reproducing=0 
2026/07/30 02:18:40 candidates=0 corpus=661 coverage=13466 exec total=105802 (228/min) pending=0 reproducing=0 
2026/07/30 02:18:50 candidates=0 corpus=661 coverage=13466 exec total=105829 (228/min) pending=0 reproducing=0 
2026/07/30 02:19:00 candidates=0 corpus=661 coverage=13466 exec total=105884 (228/min) pending=0 reproducing=0 
2026/07/30 02:19:10 candidates=0 corpus=662 coverage=13466 exec total=105946 (228/min) pending=0 reproducing=0 
2026/07/30 02:19:20 candidates=0 corpus=662 coverage=13466 exec total=105987 (228/min) pending=0 reproducing=0 
2026/07/30 02:19:30 candidates=0 corpus=662 coverage=13466 exec total=105995 (228/min) pending=0 reproducing=0 
2026/07/30 02:19:40 candidates=0 corpus=662 coverage=13466 exec total=106020 (228/min) pending=0 reproducing=0 
2026/07/30 02:19:50 candidates=0 corpus=662 coverage=13466 exec total=106040 (228/min) pending=0 reproducing=0 
2026/07/30 02:20:00 candidates=0 corpus=662 coverage=13466 exec total=106058 (228/min) pending=0 reproducing=0 
2026/07/30 02:20:10 candidates=0 corpus=662 coverage=13466 exec total=106064 (228/min) pending=0 reproducing=0 
2026/07/30 02:20:20 candidates=0 corpus=662 coverage=13466 exec total=106097 (228/min) pending=0 reproducing=0 
2026/07/30 02:20:30 candidates=0 corpus=662 coverage=13466 exec total=106113 (228/min) pending=0 reproducing=0 
2026/07/30 02:20:40 candidates=0 corpus=662 coverage=13466 exec total=106172 (228/min) pending=0 reproducing=0 
2026/07/30 02:20:50 candidates=0 corpus=662 coverage=13466 exec total=106185 (228/min) pending=0 reproducing=0 
2026/07/30 02:21:00 candidates=0 corpus=662 coverage=13466 exec total=106194 (228/min) pending=0 reproducing=0 
2026/07/30 02:21:10 candidates=0 corpus=662 coverage=13466 exec total=106236 (228/min) pending=0 reproducing=0 
2026/07/30 02:21:20 candidates=0 corpus=662 coverage=13466 exec total=106246 (228/min) pending=0 reproducing=0 
2026/07/30 02:21:30 candidates=0 corpus=662 coverage=13466 exec total=106265 (228/min) pending=0 reproducing=0 
2026/07/30 02:21:40 candidates=0 corpus=662 coverage=13466 exec total=106306 (228/min) pending=0 reproducing=0 
2026/07/30 02:21:50 candidates=0 corpus=662 coverage=13466 exec total=106321 (227/min) pending=0 reproducing=0 
2026/07/30 02:22:00 candidates=0 corpus=662 coverage=13466 exec total=106353 (227/min) pending=0 reproducing=0 
2026/07/30 02:22:10 candidates=0 corpus=662 coverage=13466 exec total=106372 (227/min) pending=0 reproducing=0 
2026/07/30 02:22:20 candidates=0 corpus=662 coverage=13466 exec total=106385 (227/min) pending=0 reproducing=0 
2026/07/30 02:22:30 candidates=0 corpus=662 coverage=13466 exec total=106398 (227/min) pending=0 reproducing=0 
2026/07/30 02:22:40 candidates=0 corpus=662 coverage=13466 exec total=106421 (227/min) pending=0 reproducing=0 
2026/07/30 02:22:50 candidates=0 corpus=662 coverage=13466 exec total=106469 (227/min) pending=0 reproducing=0 
2026/07/30 02:23:00 candidates=0 corpus=662 coverage=13466 exec total=106476 (227/min) pending=0 reproducing=0 
2026/07/30 02:23:10 candidates=0 corpus=662 coverage=13466 exec total=106491 (227/min) pending=0 reproducing=0 
2026/07/30 02:23:20 candidates=0 corpus=662 coverage=13466 exec total=106508 (227/min) pending=0 reproducing=0 
2026/07/30 02:23:30 candidates=0 corpus=662 coverage=13466 exec total=106542 (227/min) pending=0 reproducing=0 
2026/07/30 02:23:40 candidates=0 corpus=662 coverage=13466 exec total=106562 (227/min) pending=0 reproducing=0 
2026/07/30 02:23:50 candidates=0 corpus=662 coverage=13466 exec total=106605 (227/min) pending=0 reproducing=0 
2026/07/30 02:24:00 candidates=0 corpus=662 coverage=13466 exec total=106627 (227/min) pending=0 reproducing=0 
2026/07/30 02:24:10 candidates=0 corpus=662 coverage=13466 exec total=106646 (227/min) pending=0 reproducing=0 
2026/07/30 02:24:20 candidates=0 corpus=662 coverage=13466 exec total=106678 (227/min) pending=0 reproducing=0 
2026/07/30 02:24:30 candidates=0 corpus=662 coverage=13466 exec total=106699 (227/min) pending=0 reproducing=0 
2026/07/30 02:24:40 candidates=0 corpus=662 coverage=13466 exec total=106722 (227/min) pending=0 reproducing=0 
2026/07/30 02:24:50 candidates=0 corpus=662 coverage=13466 exec total=106750 (227/min) pending=0 reproducing=0 
2026/07/30 02:25:00 candidates=0 corpus=662 coverage=13466 exec total=106773 (227/min) pending=0 reproducing=0 
2026/07/30 02:25:10 candidates=0 corpus=662 coverage=13466 exec total=106792 (227/min) pending=0 reproducing=0 
2026/07/30 02:25:20 candidates=0 corpus=662 coverage=13466 exec total=106797 (227/min) pending=0 reproducing=0 
2026/07/30 02:25:30 candidates=0 corpus=662 coverage=13466 exec total=106826 (227/min) pending=0 reproducing=0 
2026/07/30 02:25:40 candidates=0 corpus=662 coverage=13466 exec total=106834 (227/min) pending=0 reproducing=0 
2026/07/30 02:25:50 candidates=0 corpus=662 coverage=13466 exec total=106866 (227/min) pending=0 reproducing=0 
2026/07/30 02:26:00 candidates=0 corpus=662 coverage=13466 exec total=106881 (227/min) pending=0 reproducing=0 
2026/07/30 02:26:10 candidates=0 corpus=662 coverage=13466 exec total=106898 (227/min) pending=0 reproducing=0 
2026/07/30 02:26:20 candidates=0 corpus=662 coverage=13466 exec total=106906 (227/min) pending=0 reproducing=0 
2026/07/30 02:26:30 candidates=0 corpus=662 coverage=13466 exec total=106909 (226/min) pending=0 reproducing=0 
2026/07/30 02:26:40 candidates=0 corpus=662 coverage=13466 exec total=106911 (226/min) pending=0 reproducing=0 
2026/07/30 02:26:50 candidates=0 corpus=662 coverage=13466 exec total=106916 (226/min) pending=0 reproducing=0 
2026/07/30 02:27:00 candidates=0 corpus=662 coverage=13466 exec total=106927 (226/min) pending=0 reproducing=0 
2026/07/30 02:27:10 candidates=0 corpus=662 coverage=13466 exec total=107019 (226/min) pending=0 reproducing=0 
2026/07/30 02:27:20 candidates=0 corpus=662 coverage=13466 exec total=107058 (226/min) pending=0 reproducing=0 
2026/07/30 02:27:30 candidates=0 corpus=662 coverage=13466 exec total=107075 (226/min) pending=0 reproducing=0 
2026/07/30 02:27:40 candidates=0 corpus=662 coverage=13466 exec total=107086 (226/min) pending=0 reproducing=0 
2026/07/30 02:27:50 candidates=0 corpus=662 coverage=13466 exec total=107149 (226/min) pending=0 reproducing=0 
2026/07/30 02:28:00 candidates=0 corpus=662 coverage=13466 exec total=107178 (226/min) pending=0 reproducing=0 
2026/07/30 02:28:10 candidates=0 corpus=662 coverage=13466 exec total=107197 (226/min) pending=0 reproducing=0 
2026/07/30 02:28:20 candidates=0 corpus=662 coverage=13466 exec total=107237 (226/min) pending=0 reproducing=0 
2026/07/30 02:28:30 candidates=0 corpus=662 coverage=13466 exec total=107247 (226/min) pending=0 reproducing=0 
2026/07/30 02:28:40 candidates=0 corpus=662 coverage=13466 exec total=107306 (226/min) pending=0 reproducing=0 
2026/07/30 02:28:50 candidates=0 corpus=662 coverage=13466 exec total=107311 (226/min) pending=0 reproducing=0 
2026/07/30 02:29:00 candidates=0 corpus=662 coverage=13466 exec total=107387 (226/min) pending=0 reproducing=0 
2026/07/30 02:29:10 candidates=0 corpus=662 coverage=13466 exec total=107412 (226/min) pending=0 reproducing=0 
2026/07/30 02:29:20 candidates=0 corpus=662 coverage=13466 exec total=107418 (226/min) pending=0 reproducing=0 
2026/07/30 02:29:30 candidates=0 corpus=662 coverage=13466 exec total=107468 (226/min) pending=0 reproducing=0 
2026/07/30 02:29:40 candidates=0 corpus=662 coverage=13466 exec total=107550 (226/min) pending=0 reproducing=0 
2026/07/30 02:29:50 candidates=0 corpus=662 coverage=13466 exec total=107606 (226/min) pending=0 reproducing=0 
2026/07/30 02:30:00 candidates=0 corpus=662 coverage=13466 exec total=107642 (226/min) pending=0 reproducing=0 
2026/07/30 02:30:10 candidates=0 corpus=662 coverage=13466 exec total=107666 (226/min) pending=0 reproducing=0 
2026/07/30 02:30:20 candidates=0 corpus=662 coverage=13466 exec total=107686 (226/min) pending=0 reproducing=0 
2026/07/30 02:30:30 candidates=0 corpus=662 coverage=13466 exec total=107710 (226/min) pending=0 reproducing=0 
2026/07/30 02:30:40 candidates=0 corpus=663 coverage=13466 exec total=107773 (226/min) pending=0 reproducing=0 
2026/07/30 02:30:50 candidates=0 corpus=663 coverage=13466 exec total=107785 (226/min) pending=0 reproducing=0 
2026/07/30 02:31:00 candidates=0 corpus=663 coverage=13466 exec total=107853 (226/min) pending=0 reproducing=0 
2026/07/30 02:31:10 candidates=0 corpus=663 coverage=13466 exec total=107859 (226/min) pending=0 reproducing=0 
2026/07/30 02:31:20 candidates=0 corpus=663 coverage=13466 exec total=107878 (226/min) pending=0 reproducing=0 
2026/07/30 02:31:30 candidates=0 corpus=663 coverage=13466 exec total=107894 (226/min) pending=0 reproducing=0 
2026/07/30 02:31:40 candidates=0 corpus=663 coverage=13466 exec total=107908 (226/min) pending=0 reproducing=0 
2026/07/30 02:31:50 candidates=0 corpus=663 coverage=13466 exec total=107929 (226/min) pending=0 reproducing=0 
2026/07/30 02:32:00 candidates=0 corpus=663 coverage=13466 exec total=107951 (226/min) pending=0 reproducing=0 
2026/07/30 02:32:10 candidates=0 corpus=664 coverage=13466 exec total=107971 (226/min) pending=0 reproducing=0 
2026/07/30 02:32:20 candidates=0 corpus=664 coverage=13466 exec total=108001 (226/min) pending=0 reproducing=0 
2026/07/30 02:32:30 candidates=0 corpus=664 coverage=13466 exec total=108023 (226/min) pending=0 reproducing=0 
2026/07/30 02:32:40 candidates=0 corpus=664 coverage=13466 exec total=108066 (226/min) pending=0 reproducing=0 
2026/07/30 02:32:50 candidates=0 corpus=661 coverage=13466 exec total=108108 (226/min) pending=0 reproducing=0 
2026/07/30 02:33:00 candidates=0 corpus=661 coverage=13466 exec total=108131 (226/min) pending=0 reproducing=0 
2026/07/30 02:33:10 candidates=0 corpus=661 coverage=13466 exec total=108137 (226/min) pending=0 reproducing=0 
2026/07/30 02:33:20 candidates=0 corpus=661 coverage=13466 exec total=108148 (226/min) pending=0 reproducing=0 
2026/07/30 02:33:30 candidates=0 corpus=661 coverage=13466 exec total=108175 (226/min) pending=0 reproducing=0 
2026/07/30 02:33:40 candidates=0 corpus=661 coverage=13466 exec total=108187 (226/min) pending=0 reproducing=0 
2026/07/30 02:33:50 candidates=0 corpus=661 coverage=13466 exec total=108197 (226/min) pending=0 reproducing=0 
2026/07/30 02:34:00 candidates=0 corpus=662 coverage=13470 exec total=108222 (226/min) pending=0 reproducing=0 
2026/07/30 02:34:10 candidates=0 corpus=662 coverage=13470 exec total=108288 (226/min) pending=0 reproducing=0 
2026/07/30 02:34:20 candidates=0 corpus=662 coverage=13470 exec total=108338 (226/min) pending=0 reproducing=0 
2026/07/30 02:34:30 candidates=0 corpus=662 coverage=13470 exec total=108387 (226/min) pending=0 reproducing=0 
2026/07/30 02:34:40 candidates=0 corpus=662 coverage=13470 exec total=108410 (226/min) pending=0 reproducing=0 
2026/07/30 02:34:50 candidates=0 corpus=662 coverage=13470 exec total=108466 (226/min) pending=0 reproducing=0 
2026/07/30 02:35:00 candidates=0 corpus=662 coverage=13470 exec total=108529 (226/min) pending=0 reproducing=0 
2026/07/30 02:35:10 candidates=0 corpus=662 coverage=13470 exec total=108560 (226/min) pending=0 reproducing=0 
2026/07/30 02:35:20 candidates=0 corpus=662 coverage=13470 exec total=108568 (226/min) pending=0 reproducing=0 
2026/07/30 02:35:30 candidates=0 corpus=662 coverage=13470 exec total=108597 (226/min) pending=0 reproducing=0 
2026/07/30 02:35:40 candidates=0 corpus=662 coverage=13470 exec total=108636 (226/min) pending=0 reproducing=0 
2026/07/30 02:35:50 candidates=0 corpus=662 coverage=13470 exec total=108641 (226/min) pending=0 reproducing=0 
2026/07/30 02:36:00 candidates=0 corpus=662 coverage=13470 exec total=108720 (226/min) pending=0 reproducing=0 
2026/07/30 02:36:10 candidates=0 corpus=662 coverage=13470 exec total=108801 (226/min) pending=0 reproducing=0 
2026/07/30 02:36:20 candidates=0 corpus=662 coverage=13470 exec total=108836 (226/min) pending=0 reproducing=0 
2026/07/30 02:36:30 candidates=0 corpus=662 coverage=13470 exec total=108869 (226/min) pending=0 reproducing=0 
2026/07/30 02:36:40 candidates=0 corpus=662 coverage=13470 exec total=108916 (226/min) pending=0 reproducing=0 
2026/07/30 02:36:50 candidates=0 corpus=662 coverage=13470 exec total=108925 (226/min) pending=0 reproducing=0 
2026/07/30 02:37:00 candidates=0 corpus=662 coverage=13470 exec total=108955 (226/min) pending=0 reproducing=0 
2026/07/30 02:37:10 candidates=0 corpus=662 coverage=13470 exec total=108966 (226/min) pending=0 reproducing=0 
2026/07/30 02:37:20 candidates=0 corpus=662 coverage=13470 exec total=109000 (226/min) pending=0 reproducing=0 
2026/07/30 02:37:30 candidates=0 corpus=662 coverage=13470 exec total=109027 (226/min) pending=0 reproducing=0 
2026/07/30 02:37:40 candidates=0 corpus=662 coverage=13470 exec total=109062 (226/min) pending=0 reproducing=0 
2026/07/30 02:37:50 candidates=0 corpus=662 coverage=13470 exec total=109073 (226/min) pending=0 reproducing=0 
2026/07/30 02:38:00 candidates=0 corpus=662 coverage=13470 exec total=109136 (226/min) pending=0 reproducing=0 
2026/07/30 02:38:10 candidates=0 corpus=662 coverage=13470 exec total=109152 (226/min) pending=0 reproducing=0 
2026/07/30 02:38:20 candidates=0 corpus=662 coverage=13470 exec total=109181 (226/min) pending=0 reproducing=0 
2026/07/30 02:38:30 candidates=0 corpus=662 coverage=13470 exec total=109235 (226/min) pending=0 reproducing=0 
2026/07/30 02:38:40 candidates=0 corpus=662 coverage=13470 exec total=109297 (226/min) pending=0 reproducing=0 
2026/07/30 02:38:50 candidates=0 corpus=662 coverage=13470 exec total=109311 (226/min) pending=0 reproducing=0 
2026/07/30 02:39:00 candidates=0 corpus=662 coverage=13470 exec total=109342 (226/min) pending=0 reproducing=0 
2026/07/30 02:39:10 candidates=0 corpus=662 coverage=13470 exec total=109356 (226/min) pending=0 reproducing=0 
2026/07/30 02:39:20 candidates=0 corpus=662 coverage=13470 exec total=109383 (226/min) pending=0 reproducing=0 
2026/07/30 02:39:30 candidates=0 corpus=662 coverage=13470 exec total=109401 (226/min) pending=0 reproducing=0 
2026/07/30 02:39:40 candidates=0 corpus=662 coverage=13470 exec total=109424 (225/min) pending=0 reproducing=0 
2026/07/30 02:39:50 candidates=0 corpus=662 coverage=13470 exec total=109438 (225/min) pending=0 reproducing=0 
2026/07/30 02:40:00 candidates=0 corpus=662 coverage=13470 exec total=109483 (225/min) pending=0 reproducing=0 
2026/07/30 02:40:10 candidates=0 corpus=662 coverage=13470 exec total=109539 (226/min) pending=0 reproducing=0 
2026/07/30 02:40:20 candidates=0 corpus=662 coverage=13470 exec total=109561 (225/min) pending=0 reproducing=0 
2026/07/30 02:40:30 candidates=0 corpus=662 coverage=13470 exec total=109585 (225/min) pending=0 reproducing=0 
2026/07/30 02:40:40 candidates=0 corpus=662 coverage=13470 exec total=109624 (225/min) pending=0 reproducing=0 
2026/07/30 02:40:50 candidates=0 corpus=662 coverage=13470 exec total=109629 (225/min) pending=0 reproducing=0 
2026/07/30 02:41:00 candidates=0 corpus=662 coverage=13470 exec total=109637 (225/min) pending=0 reproducing=0 
2026/07/30 02:41:10 candidates=0 corpus=662 coverage=13470 exec total=109679 (225/min) pending=0 reproducing=0 
2026/07/30 02:41:20 candidates=0 corpus=662 coverage=13470 exec total=109702 (225/min) pending=0 reproducing=0 
2026/07/30 02:41:30 candidates=0 corpus=662 coverage=13470 exec total=109717 (225/min) pending=0 reproducing=0 
2026/07/30 02:41:40 candidates=0 corpus=662 coverage=13470 exec total=109771 (225/min) pending=0 reproducing=0 
2026/07/30 02:41:50 candidates=0 corpus=662 coverage=13470 exec total=109834 (225/min) pending=0 reproducing=0 
2026/07/30 02:42:00 candidates=0 corpus=662 coverage=13470 exec total=109890 (225/min) pending=0 reproducing=0 
2026/07/30 02:42:10 candidates=0 corpus=662 coverage=13470 exec total=109923 (225/min) pending=0 reproducing=0 
2026/07/30 02:42:20 candidates=0 corpus=662 coverage=13470 exec total=109960 (225/min) pending=0 reproducing=0 
2026/07/30 02:42:30 candidates=0 corpus=662 coverage=13470 exec total=109996 (225/min) pending=0 reproducing=0 
2026/07/30 02:42:40 candidates=0 corpus=662 coverage=13470 exec total=110011 (225/min) pending=0 reproducing=0 
2026/07/30 02:42:50 candidates=0 corpus=662 coverage=13470 exec total=110017 (225/min) pending=0 reproducing=0 
2026/07/30 02:43:00 candidates=0 corpus=664 coverage=13489 exec total=110047 (225/min) pending=0 reproducing=0 
2026/07/30 02:43:10 candidates=0 corpus=664 coverage=13489 exec total=110066 (225/min) pending=0 reproducing=0 
2026/07/30 02:43:20 candidates=0 corpus=664 coverage=13489 exec total=110100 (225/min) pending=0 reproducing=0 
2026/07/30 02:43:30 candidates=0 corpus=664 coverage=13489 exec total=110143 (225/min) pending=0 reproducing=0 
2026/07/30 02:43:40 candidates=0 corpus=664 coverage=13489 exec total=110165 (225/min) pending=0 reproducing=0 
2026/07/30 02:43:50 candidates=0 corpus=664 coverage=13489 exec total=110240 (225/min) pending=0 reproducing=0 
2026/07/30 02:44:00 candidates=0 corpus=664 coverage=13489 exec total=110255 (225/min) pending=0 reproducing=0 
2026/07/30 02:44:10 candidates=0 corpus=664 coverage=13489 exec total=110294 (225/min) pending=0 reproducing=0 
2026/07/30 02:44:20 candidates=0 corpus=664 coverage=13489 exec total=110311 (225/min) pending=0 reproducing=0 
2026/07/30 02:44:30 candidates=0 corpus=664 coverage=13489 exec total=110374 (225/min) pending=0 reproducing=0 
2026/07/30 02:44:40 candidates=0 corpus=665 coverage=13492 exec total=110398 (225/min) pending=0 reproducing=0 
2026/07/30 02:44:50 candidates=0 corpus=665 coverage=13492 exec total=110413 (225/min) pending=0 reproducing=0 
2026/07/30 02:45:00 candidates=0 corpus=665 coverage=13492 exec total=110442 (225/min) pending=0 reproducing=0 
2026/07/30 02:45:10 candidates=0 corpus=665 coverage=13492 exec total=110448 (225/min) pending=0 reproducing=0 
2026/07/30 02:45:20 candidates=0 corpus=665 coverage=13492 exec total=110487 (225/min) pending=0 reproducing=0 
2026/07/30 02:45:30 candidates=0 corpus=665 coverage=13492 exec total=110548 (225/min) pending=0 reproducing=0 
2026/07/30 02:45:40 candidates=0 corpus=665 coverage=13492 exec total=110556 (225/min) pending=0 reproducing=0 
2026/07/30 02:45:50 candidates=0 corpus=665 coverage=13492 exec total=110562 (225/min) pending=0 reproducing=0 
2026/07/30 02:46:00 candidates=0 corpus=665 coverage=13492 exec total=110567 (225/min) pending=0 reproducing=0 
2026/07/30 02:46:10 candidates=0 corpus=665 coverage=13492 exec total=110594 (225/min) pending=0 reproducing=0 
2026/07/30 02:46:20 candidates=0 corpus=666 coverage=13495 exec total=110617 (225/min) pending=0 reproducing=0 
2026/07/30 02:46:30 candidates=0 corpus=666 coverage=13495 exec total=110649 (225/min) pending=0 reproducing=0 
2026/07/30 02:46:40 candidates=0 corpus=666 coverage=13495 exec total=110677 (225/min) pending=0 reproducing=0 
2026/07/30 02:46:50 candidates=0 corpus=666 coverage=13495 exec total=110689 (225/min) pending=0 reproducing=0 
2026/07/30 02:47:00 candidates=0 corpus=666 coverage=13495 exec total=110752 (225/min) pending=0 reproducing=0 
2026/07/30 02:47:10 candidates=0 corpus=666 coverage=13495 exec total=110780 (225/min) pending=0 reproducing=0 
2026/07/30 02:47:20 candidates=0 corpus=666 coverage=13495 exec total=110800 (225/min) pending=0 reproducing=0 
2026/07/30 02:47:30 candidates=0 corpus=666 coverage=13495 exec total=110826 (225/min) pending=0 reproducing=0 
2026/07/30 02:47:40 candidates=0 corpus=666 coverage=13495 exec total=110897 (225/min) pending=0 reproducing=0 
2026/07/30 02:47:50 candidates=0 corpus=666 coverage=13495 exec total=110934 (225/min) pending=0 reproducing=0 
2026/07/30 02:48:00 candidates=0 corpus=666 coverage=13495 exec total=110957 (225/min) pending=0 reproducing=0 
2026/07/30 02:48:10 candidates=0 corpus=666 coverage=13495 exec total=111028 (225/min) pending=0 reproducing=0 
2026/07/30 02:48:20 candidates=0 corpus=666 coverage=13495 exec total=111042 (225/min) pending=0 reproducing=0 
2026/07/30 02:48:30 candidates=0 corpus=666 coverage=13495 exec total=111075 (225/min) pending=0 reproducing=0 
2026/07/30 02:48:40 candidates=0 corpus=666 coverage=13495 exec total=111144 (225/min) pending=0 reproducing=0 
2026/07/30 02:48:50 candidates=0 corpus=666 coverage=13495 exec total=111164 (225/min) pending=0 reproducing=0 
2026/07/30 02:49:00 candidates=0 corpus=666 coverage=13495 exec total=111205 (225/min) pending=0 reproducing=0 
2026/07/30 02:49:10 candidates=0 corpus=666 coverage=13495 exec total=111209 (225/min) pending=0 reproducing=0 
2026/07/30 02:49:20 candidates=0 corpus=666 coverage=13495 exec total=111214 (225/min) pending=0 reproducing=0 
2026/07/30 02:49:30 candidates=0 corpus=666 coverage=13495 exec total=111231 (225/min) pending=0 reproducing=0 
2026/07/30 02:49:40 candidates=0 corpus=666 coverage=13495 exec total=111272 (225/min) pending=0 reproducing=0 
2026/07/30 02:49:50 candidates=0 corpus=666 coverage=13495 exec total=111291 (225/min) pending=0 reproducing=0 
2026/07/30 02:50:00 candidates=0 corpus=666 coverage=13495 exec total=111310 (225/min) pending=0 reproducing=0 
2026/07/30 02:50:10 candidates=0 corpus=666 coverage=13495 exec total=111341 (225/min) pending=0 reproducing=0 
2026/07/30 02:50:20 candidates=0 corpus=666 coverage=13495 exec total=111353 (225/min) pending=0 reproducing=0 
2026/07/30 02:50:30 candidates=0 corpus=666 coverage=13495 exec total=111370 (224/min) pending=0 reproducing=0 
2026/07/30 02:50:40 candidates=0 corpus=666 coverage=13495 exec total=111391 (224/min) pending=0 reproducing=0 
2026/07/30 02:50:50 candidates=0 corpus=666 coverage=13495 exec total=111418 (224/min) pending=0 reproducing=0 
2026/07/30 02:51:00 candidates=0 corpus=666 coverage=13495 exec total=111441 (224/min) pending=0 reproducing=0 
2026/07/30 02:51:10 candidates=0 corpus=666 coverage=13495 exec total=111482 (224/min) pending=0 reproducing=0 
2026/07/30 02:51:20 candidates=0 corpus=666 coverage=13495 exec total=111505 (224/min) pending=0 reproducing=0 
2026/07/30 02:51:30 candidates=0 corpus=666 coverage=13495 exec total=111538 (224/min) pending=0 reproducing=0 
2026/07/30 02:51:40 candidates=0 corpus=666 coverage=13495 exec total=111548 (224/min) pending=0 reproducing=0 
2026/07/30 02:51:50 candidates=0 corpus=666 coverage=13495 exec total=111559 (224/min) pending=0 reproducing=0 
2026/07/30 02:52:00 candidates=0 corpus=666 coverage=13495 exec total=111584 (224/min) pending=0 reproducing=0 
2026/07/30 02:52:10 candidates=0 corpus=666 coverage=13495 exec total=111593 (224/min) pending=0 reproducing=0 
2026/07/30 02:52:20 candidates=0 corpus=666 coverage=13495 exec total=111618 (224/min) pending=0 reproducing=0 
2026/07/30 02:52:30 candidates=0 corpus=666 coverage=13495 exec total=111638 (224/min) pending=0 reproducing=0 
2026/07/30 02:52:40 candidates=0 corpus=666 coverage=13495 exec total=111646 (224/min) pending=0 reproducing=0 
2026/07/30 02:52:50 candidates=0 corpus=666 coverage=13495 exec total=111651 (224/min) pending=0 reproducing=0 
2026/07/30 02:53:00 candidates=0 corpus=666 coverage=13495 exec total=111682 (224/min) pending=0 reproducing=0 
2026/07/30 02:53:10 candidates=0 corpus=666 coverage=13495 exec total=111719 (224/min) pending=0 reproducing=0 
2026/07/30 02:53:20 candidates=0 corpus=666 coverage=13495 exec total=111735 (224/min) pending=0 reproducing=0 
2026/07/30 02:53:30 candidates=0 corpus=666 coverage=13495 exec total=111776 (224/min) pending=0 reproducing=0 
2026/07/30 02:53:40 candidates=0 corpus=666 coverage=13495 exec total=111782 (224/min) pending=0 reproducing=0 
2026/07/30 02:53:50 candidates=0 corpus=666 coverage=13495 exec total=111803 (224/min) pending=0 reproducing=0 
2026/07/30 02:54:00 candidates=0 corpus=666 coverage=13495 exec total=111835 (224/min) pending=0 reproducing=0 
2026/07/30 02:54:10 candidates=0 corpus=666 coverage=13495 exec total=111850 (224/min) pending=0 reproducing=0 
2026/07/30 02:54:20 candidates=0 corpus=666 coverage=13495 exec total=111886 (224/min) pending=0 reproducing=0 
2026/07/30 02:54:30 candidates=0 corpus=666 coverage=13495 exec total=111900 (224/min) pending=0 reproducing=0 
2026/07/30 02:54:40 candidates=0 corpus=666 coverage=13495 exec total=111910 (224/min) pending=0 reproducing=0 
2026/07/30 02:54:50 candidates=0 corpus=666 coverage=13495 exec total=111931 (224/min) pending=0 reproducing=0 
2026/07/30 02:55:00 candidates=0 corpus=666 coverage=13495 exec total=111954 (224/min) pending=0 reproducing=0 
2026/07/30 02:55:10 candidates=0 corpus=666 coverage=13495 exec total=111962 (224/min) pending=0 reproducing=0 
2026/07/30 02:55:20 candidates=0 corpus=666 coverage=13495 exec total=111971 (224/min) pending=0 reproducing=0 
2026/07/30 02:55:30 candidates=0 corpus=666 coverage=13495 exec total=111992 (223/min) pending=0 reproducing=0 
2026/07/30 02:55:40 candidates=0 corpus=666 coverage=13495 exec total=112009 (223/min) pending=0 reproducing=0 
2026/07/30 02:55:50 candidates=0 corpus=666 coverage=13495 exec total=112018 (223/min) pending=0 reproducing=0 
2026/07/30 02:56:00 candidates=0 corpus=666 coverage=13495 exec total=112034 (223/min) pending=0 reproducing=0 
2026/07/30 02:56:10 candidates=0 corpus=666 coverage=13495 exec total=112047 (223/min) pending=0 reproducing=0 
2026/07/30 02:56:20 candidates=0 corpus=666 coverage=13495 exec total=112091 (223/min) pending=0 reproducing=0 
2026/07/30 02:56:30 candidates=0 corpus=666 coverage=13495 exec total=112145 (223/min) pending=0 reproducing=0 
2026/07/30 02:56:40 candidates=0 corpus=666 coverage=13495 exec total=112161 (223/min) pending=0 reproducing=0 
2026/07/30 02:56:50 candidates=0 corpus=667 coverage=13495 exec total=112218 (223/min) pending=0 reproducing=0 
2026/07/30 02:57:00 candidates=0 corpus=667 coverage=13495 exec total=112252 (223/min) pending=0 reproducing=0 
2026/07/30 02:57:10 candidates=0 corpus=667 coverage=13495 exec total=112270 (223/min) pending=0 reproducing=0 
2026/07/30 02:57:20 candidates=0 corpus=667 coverage=13495 exec total=112301 (223/min) pending=0 reproducing=0 
2026/07/30 02:57:30 candidates=0 corpus=667 coverage=13495 exec total=112319 (223/min) pending=0 reproducing=0 
2026/07/30 02:57:40 candidates=0 corpus=667 coverage=13495 exec total=112333 (223/min) pending=0 reproducing=0 
2026/07/30 02:57:50 candidates=0 corpus=667 coverage=13495 exec total=112421 (223/min) pending=0 reproducing=0 
2026/07/30 02:58:00 candidates=0 corpus=667 coverage=13495 exec total=112450 (223/min) pending=0 reproducing=0 
2026/07/30 02:58:10 candidates=0 corpus=667 coverage=13495 exec total=112529 (223/min) pending=0 reproducing=0 
2026/07/30 02:58:20 candidates=0 corpus=667 coverage=13495 exec total=112561 (223/min) pending=0 reproducing=0 
2026/07/30 02:58:30 candidates=0 corpus=667 coverage=13495 exec total=112569 (223/min) pending=0 reproducing=0 
2026/07/30 02:58:40 candidates=0 corpus=667 coverage=13495 exec total=112583 (223/min) pending=0 reproducing=0 
2026/07/30 02:58:50 candidates=0 corpus=667 coverage=13495 exec total=112596 (223/min) pending=0 reproducing=0 
2026/07/30 02:59:00 candidates=0 corpus=667 coverage=13495 exec total=112649 (223/min) pending=0 reproducing=0 
2026/07/30 02:59:10 candidates=0 corpus=667 coverage=13495 exec total=112682 (223/min) pending=0 reproducing=0 
2026/07/30 02:59:20 candidates=0 corpus=667 coverage=13495 exec total=112687 (223/min) pending=0 reproducing=0 
2026/07/30 02:59:30 candidates=0 corpus=667 coverage=13495 exec total=112729 (223/min) pending=0 reproducing=0 
2026/07/30 02:59:40 candidates=0 corpus=667 coverage=13495 exec total=112753 (223/min) pending=0 reproducing=0 
2026/07/30 02:59:50 candidates=0 corpus=667 coverage=13495 exec total=112764 (223/min) pending=0 reproducing=0 
2026/07/30 03:00:00 candidates=0 corpus=667 coverage=13495 exec total=112803 (223/min) pending=0 reproducing=0 
2026/07/30 03:00:10 candidates=0 corpus=667 coverage=13495 exec total=112847 (223/min) pending=0 reproducing=0 
2026/07/30 03:00:20 candidates=0 corpus=667 coverage=13495 exec total=112875 (223/min) pending=0 reproducing=0 
2026/07/30 03:00:30 candidates=0 corpus=667 coverage=13495 exec total=112926 (223/min) pending=0 reproducing=0 
2026/07/30 03:00:40 candidates=0 corpus=667 coverage=13495 exec total=112934 (223/min) pending=0 reproducing=0 
2026/07/30 03:00:50 candidates=0 corpus=667 coverage=13495 exec total=113011 (223/min) pending=0 reproducing=0 
2026/07/30 03:01:00 candidates=0 corpus=667 coverage=13495 exec total=113051 (223/min) pending=0 reproducing=0 
2026/07/30 03:01:10 candidates=0 corpus=667 coverage=13495 exec total=113089 (223/min) pending=0 reproducing=0 
2026/07/30 03:01:20 candidates=0 corpus=667 coverage=13495 exec total=113107 (223/min) pending=0 reproducing=0 
2026/07/30 03:01:30 candidates=0 corpus=667 coverage=13495 exec total=113123 (223/min) pending=0 reproducing=0 
2026/07/30 03:01:40 candidates=0 corpus=667 coverage=13495 exec total=113171 (223/min) pending=0 reproducing=0 
2026/07/30 03:01:50 candidates=0 corpus=667 coverage=13495 exec total=113175 (223/min) pending=0 reproducing=0 
2026/07/30 03:02:00 candidates=0 corpus=667 coverage=13495 exec total=113203 (223/min) pending=0 reproducing=0 
2026/07/30 03:02:10 candidates=0 corpus=667 coverage=13495 exec total=113245 (223/min) pending=0 reproducing=0 
2026/07/30 03:02:20 candidates=0 corpus=667 coverage=13495 exec total=113298 (223/min) pending=0 reproducing=0 
2026/07/30 03:02:30 candidates=0 corpus=667 coverage=13495 exec total=113325 (223/min) pending=0 reproducing=0 
2026/07/30 03:02:40 candidates=0 corpus=667 coverage=13495 exec total=113364 (223/min) pending=0 reproducing=0 
2026/07/30 03:02:50 candidates=0 corpus=667 coverage=13495 exec total=113398 (223/min) pending=0 reproducing=0 
2026/07/30 03:03:00 candidates=0 corpus=667 coverage=13495 exec total=113412 (223/min) pending=0 reproducing=0 
2026/07/30 03:03:10 candidates=0 corpus=667 coverage=13495 exec total=113427 (223/min) pending=0 reproducing=0 
2026/07/30 03:03:20 candidates=0 corpus=667 coverage=13495 exec total=113445 (223/min) pending=0 reproducing=0 
2026/07/30 03:03:30 candidates=0 corpus=667 coverage=13495 exec total=113499 (223/min) pending=0 reproducing=0 
2026/07/30 03:03:40 candidates=0 corpus=667 coverage=13495 exec total=113538 (223/min) pending=0 reproducing=0 
2026/07/30 03:03:50 candidates=0 corpus=667 coverage=13495 exec total=113544 (223/min) pending=0 reproducing=0 
2026/07/30 03:04:00 candidates=0 corpus=667 coverage=13495 exec total=113583 (223/min) pending=0 reproducing=0 
2026/07/30 03:04:10 candidates=0 corpus=667 coverage=13495 exec total=113623 (223/min) pending=0 reproducing=0 
2026/07/30 03:04:20 candidates=0 corpus=667 coverage=13495 exec total=113660 (223/min) pending=0 reproducing=0 
2026/07/30 03:04:30 candidates=0 corpus=667 coverage=13495 exec total=113694 (223/min) pending=0 reproducing=0 
2026/07/30 03:04:40 candidates=0 corpus=668 coverage=13496 exec total=113703 (223/min) pending=0 reproducing=0 
2026/07/30 03:04:50 candidates=0 corpus=668 coverage=13496 exec total=113742 (223/min) pending=0 reproducing=0 
2026/07/30 03:05:00 candidates=0 corpus=668 coverage=13496 exec total=113789 (223/min) pending=0 reproducing=0 
2026/07/30 03:05:10 candidates=0 corpus=668 coverage=13496 exec total=113842 (223/min) pending=0 reproducing=0 
2026/07/30 03:05:20 candidates=0 corpus=668 coverage=13496 exec total=113843 (223/min) pending=0 reproducing=0 
2026/07/30 03:05:30 candidates=0 corpus=668 coverage=13496 exec total=113859 (223/min) pending=0 reproducing=0 
2026/07/30 03:05:40 candidates=0 corpus=668 coverage=13496 exec total=113899 (223/min) pending=0 reproducing=0 
2026/07/30 03:05:50 candidates=0 corpus=669 coverage=13497 exec total=113962 (223/min) pending=0 reproducing=0 
2026/07/30 03:06:00 candidates=0 corpus=669 coverage=13497 exec total=113980 (223/min) pending=0 reproducing=0 
2026/07/30 03:06:10 candidates=0 corpus=670 coverage=13498 exec total=113987 (223/min) pending=0 reproducing=0 
2026/07/30 03:06:20 candidates=0 corpus=670 coverage=13498 exec total=114010 (223/min) pending=0 reproducing=0 
2026/07/30 03:06:30 candidates=0 corpus=670 coverage=13498 exec total=114029 (223/min) pending=0 reproducing=0 
2026/07/30 03:06:40 candidates=0 corpus=670 coverage=13498 exec total=114071 (223/min) pending=0 reproducing=0 
2026/07/30 03:06:50 candidates=0 corpus=670 coverage=13498 exec total=114108 (223/min) pending=0 reproducing=0 
2026/07/30 03:07:00 candidates=0 corpus=670 coverage=13498 exec total=114136 (223/min) pending=0 reproducing=0 
2026/07/30 03:07:10 candidates=0 corpus=670 coverage=13498 exec total=114166 (223/min) pending=0 reproducing=0 
2026/07/30 03:07:20 candidates=0 corpus=670 coverage=13498 exec total=114193 (223/min) pending=0 reproducing=0 
2026/07/30 03:07:30 candidates=0 corpus=670 coverage=13498 exec total=114240 (223/min) pending=0 reproducing=0 
2026/07/30 03:07:40 candidates=0 corpus=670 coverage=13498 exec total=114268 (223/min) pending=0 reproducing=0 
2026/07/30 03:07:50 candidates=0 corpus=670 coverage=13498 exec total=114271 (223/min) pending=0 reproducing=0 
2026/07/30 03:08:00 candidates=0 corpus=670 coverage=13498 exec total=114280 (222/min) pending=0 reproducing=0 
2026/07/30 03:08:10 candidates=0 corpus=670 coverage=13498 exec total=114305 (222/min) pending=0 reproducing=0 
2026/07/30 03:08:20 candidates=0 corpus=670 coverage=13498 exec total=114313 (222/min) pending=0 reproducing=0 
2026/07/30 03:08:30 candidates=0 corpus=670 coverage=13498 exec total=114325 (222/min) pending=0 reproducing=0 
2026/07/30 03:08:40 candidates=0 corpus=670 coverage=13498 exec total=114369 (222/min) pending=0 reproducing=0 
2026/07/30 03:08:50 candidates=0 corpus=670 coverage=13498 exec total=114425 (222/min) pending=0 reproducing=0 
2026/07/30 03:09:00 candidates=0 corpus=670 coverage=13498 exec total=114442 (222/min) pending=0 reproducing=0 
2026/07/30 03:09:10 candidates=0 corpus=671 coverage=13499 exec total=114492 (222/min) pending=0 reproducing=0 
2026/07/30 03:09:20 candidates=0 corpus=671 coverage=13499 exec total=114518 (222/min) pending=0 reproducing=0 
2026/07/30 03:09:30 candidates=0 corpus=671 coverage=13499 exec total=114558 (222/min) pending=0 reproducing=0 
2026/07/30 03:09:40 candidates=0 corpus=671 coverage=13499 exec total=114594 (222/min) pending=0 reproducing=0 
2026/07/30 03:09:50 candidates=0 corpus=671 coverage=13499 exec total=114632 (222/min) pending=0 reproducing=0 
2026/07/30 03:10:00 candidates=0 corpus=671 coverage=13499 exec total=114644 (222/min) pending=0 reproducing=0 
2026/07/30 03:10:10 candidates=0 corpus=671 coverage=13499 exec total=114669 (222/min) pending=0 reproducing=0 
2026/07/30 03:10:20 candidates=0 corpus=671 coverage=13499 exec total=114685 (222/min) pending=0 reproducing=0 
2026/07/30 03:10:30 candidates=0 corpus=671 coverage=13499 exec total=114694 (222/min) pending=0 reproducing=0 
2026/07/30 03:10:40 candidates=0 corpus=671 coverage=13499 exec total=114712 (222/min) pending=0 reproducing=0 
2026/07/30 03:10:50 candidates=0 corpus=671 coverage=13499 exec total=114731 (222/min) pending=0 reproducing=0 
2026/07/30 03:11:00 candidates=0 corpus=671 coverage=13499 exec total=114764 (222/min) pending=0 reproducing=0 
2026/07/30 03:11:10 candidates=0 corpus=671 coverage=13499 exec total=114778 (222/min) pending=0 reproducing=0 
2026/07/30 03:11:20 candidates=0 corpus=671 coverage=13499 exec total=114786 (222/min) pending=0 reproducing=0 
2026/07/30 03:11:30 candidates=0 corpus=671 coverage=13499 exec total=114808 (222/min) pending=0 reproducing=0 
2026/07/30 03:11:40 candidates=0 corpus=671 coverage=13499 exec total=114828 (222/min) pending=0 reproducing=0 
2026/07/30 03:11:50 candidates=0 corpus=671 coverage=13499 exec total=114842 (222/min) pending=0 reproducing=0 
2026/07/30 03:12:00 candidates=0 corpus=671 coverage=13499 exec total=114859 (222/min) pending=0 reproducing=0 
2026/07/30 03:12:10 candidates=0 corpus=671 coverage=13499 exec total=114886 (222/min) pending=0 reproducing=0 
2026/07/30 03:12:20 candidates=0 corpus=671 coverage=13499 exec total=114948 (222/min) pending=0 reproducing=0 
2026/07/30 03:12:30 candidates=0 corpus=671 coverage=13499 exec total=115026 (222/min) pending=0 reproducing=0 
2026/07/30 03:12:40 candidates=0 corpus=671 coverage=13499 exec total=115053 (222/min) pending=0 reproducing=0 
2026/07/30 03:12:50 candidates=0 corpus=671 coverage=13499 exec total=115066 (222/min) pending=0 reproducing=0 
2026/07/30 03:13:00 candidates=0 corpus=671 coverage=13499 exec total=115109 (222/min) pending=0 reproducing=0 
2026/07/30 03:13:10 candidates=0 corpus=671 coverage=13499 exec total=115140 (222/min) pending=0 reproducing=0 
2026/07/30 03:13:20 candidates=0 corpus=671 coverage=13499 exec total=115202 (222/min) pending=0 reproducing=0 
2026/07/30 03:13:30 candidates=0 corpus=671 coverage=13499 exec total=115222 (222/min) pending=0 reproducing=0 
2026/07/30 03:13:40 candidates=0 corpus=671 coverage=13499 exec total=115230 (222/min) pending=0 reproducing=0 
2026/07/30 03:13:50 candidates=0 corpus=671 coverage=13499 exec total=115261 (222/min) pending=0 reproducing=0 
2026/07/30 03:14:00 candidates=0 corpus=671 coverage=13499 exec total=115277 (222/min) pending=0 reproducing=0 
2026/07/30 03:14:10 candidates=0 corpus=671 coverage=13499 exec total=115328 (222/min) pending=0 reproducing=0 
2026/07/30 03:14:20 candidates=0 corpus=671 coverage=13499 exec total=115343 (222/min) pending=0 reproducing=0 
2026/07/30 03:14:30 candidates=0 corpus=671 coverage=13499 exec total=115354 (222/min) pending=0 reproducing=0 
2026/07/30 03:14:40 candidates=0 corpus=671 coverage=13499 exec total=115410 (222/min) pending=0 reproducing=0 
2026/07/30 03:14:50 candidates=0 corpus=671 coverage=13499 exec total=115434 (222/min) pending=0 reproducing=0 
2026/07/30 03:15:00 candidates=0 corpus=671 coverage=13499 exec total=115467 (222/min) pending=0 reproducing=0 
2026/07/30 03:15:10 candidates=0 corpus=671 coverage=13499 exec total=115504 (222/min) pending=0 reproducing=0 
2026/07/30 03:15:20 candidates=0 corpus=671 coverage=13499 exec total=115515 (222/min) pending=0 reproducing=0 
2026/07/30 03:15:30 candidates=0 corpus=671 coverage=13499 exec total=115566 (222/min) pending=0 reproducing=0 
2026/07/30 03:15:40 candidates=0 corpus=671 coverage=13499 exec total=115611 (222/min) pending=0 reproducing=0 
2026/07/30 03:15:50 candidates=0 corpus=671 coverage=13499 exec total=115620 (222/min) pending=0 reproducing=0 
2026/07/30 03:16:00 candidates=0 corpus=671 coverage=13499 exec total=115655 (222/min) pending=0 reproducing=0 
2026/07/30 03:16:10 candidates=0 corpus=671 coverage=13499 exec total=115702 (222/min) pending=0 reproducing=0 
2026/07/30 03:16:20 candidates=0 corpus=671 coverage=13499 exec total=115746 (222/min) pending=0 reproducing=0 
2026/07/30 03:16:30 candidates=0 corpus=671 coverage=13499 exec total=115749 (222/min) pending=0 reproducing=0 
2026/07/30 03:16:40 candidates=0 corpus=671 coverage=13499 exec total=115770 (222/min) pending=0 reproducing=0 
2026/07/30 03:16:50 candidates=0 corpus=671 coverage=13499 exec total=115844 (222/min) pending=0 reproducing=0 
2026/07/30 03:17:00 candidates=0 corpus=671 coverage=13499 exec total=115903 (222/min) pending=0 reproducing=0 
2026/07/30 03:17:10 candidates=0 corpus=671 coverage=13499 exec total=115937 (222/min) pending=0 reproducing=0 
2026/07/30 03:17:20 candidates=0 corpus=671 coverage=13499 exec total=115971 (222/min) pending=0 reproducing=0 
2026/07/30 03:17:30 candidates=0 corpus=671 coverage=13499 exec total=115986 (222/min) pending=0 reproducing=0 
2026/07/30 03:17:40 candidates=0 corpus=671 coverage=13499 exec total=116003 (222/min) pending=0 reproducing=0 
2026/07/30 03:17:50 candidates=0 corpus=671 coverage=13499 exec total=116012 (222/min) pending=0 reproducing=0 
2026/07/30 03:18:00 candidates=0 corpus=671 coverage=13499 exec total=116025 (222/min) pending=0 reproducing=0 
2026/07/30 03:18:10 candidates=0 corpus=671 coverage=13499 exec total=116048 (222/min) pending=0 reproducing=0 
2026/07/30 03:18:20 candidates=0 corpus=671 coverage=13499 exec total=116085 (222/min) pending=0 reproducing=0 
2026/07/30 03:18:30 candidates=0 corpus=671 coverage=13499 exec total=116144 (222/min) pending=0 reproducing=0 
2026/07/30 03:18:40 candidates=0 corpus=671 coverage=13499 exec total=116162 (222/min) pending=0 reproducing=0 
2026/07/30 03:18:50 candidates=0 corpus=671 coverage=13499 exec total=116185 (222/min) pending=0 reproducing=0 
2026/07/30 03:19:00 candidates=0 corpus=672 coverage=13499 exec total=116205 (221/min) pending=0 reproducing=0 
2026/07/30 03:19:10 candidates=0 corpus=672 coverage=13499 exec total=116236 (221/min) pending=0 reproducing=0 
2026/07/30 03:19:20 candidates=0 corpus=672 coverage=13499 exec total=116252 (221/min) pending=0 reproducing=0 
2026/07/30 03:19:30 candidates=0 corpus=672 coverage=13499 exec total=116318 (221/min) pending=0 reproducing=0 
2026/07/30 03:19:40 candidates=0 corpus=672 coverage=13499 exec total=116381 (222/min) pending=0 reproducing=0 
2026/07/30 03:19:50 candidates=0 corpus=672 coverage=13499 exec total=116423 (222/min) pending=0 reproducing=0 
2026/07/30 03:20:00 candidates=0 corpus=672 coverage=13499 exec total=116432 (221/min) pending=0 reproducing=0 
2026/07/30 03:20:10 candidates=0 corpus=672 coverage=13499 exec total=116452 (221/min) pending=0 reproducing=0 
2026/07/30 03:20:20 candidates=0 corpus=672 coverage=13499 exec total=116468 (221/min) pending=0 reproducing=0 
2026/07/30 03:20:30 candidates=0 corpus=672 coverage=13499 exec total=116511 (221/min) pending=0 reproducing=0 
2026/07/30 03:20:40 candidates=0 corpus=672 coverage=13499 exec total=116572 (221/min) pending=0 reproducing=0 
2026/07/30 03:20:50 candidates=0 corpus=672 coverage=13499 exec total=116584 (221/min) pending=0 reproducing=0 
2026/07/30 03:21:00 candidates=0 corpus=672 coverage=13499 exec total=116604 (221/min) pending=0 reproducing=0 
2026/07/30 03:21:10 candidates=0 corpus=672 coverage=13499 exec total=116628 (221/min) pending=0 reproducing=0 
2026/07/30 03:21:20 candidates=0 corpus=672 coverage=13499 exec total=116715 (221/min) pending=0 reproducing=0 
2026/07/30 03:21:30 candidates=0 corpus=672 coverage=13499 exec total=116765 (221/min) pending=0 reproducing=0 
2026/07/30 03:21:40 candidates=0 corpus=672 coverage=13499 exec total=116795 (221/min) pending=0 reproducing=0 
2026/07/30 03:21:50 candidates=0 corpus=672 coverage=13499 exec total=116841 (221/min) pending=0 reproducing=0 
2026/07/30 03:22:00 candidates=0 corpus=672 coverage=13499 exec total=116852 (221/min) pending=0 reproducing=0 
2026/07/30 03:22:10 candidates=0 corpus=672 coverage=13499 exec total=116883 (221/min) pending=0 reproducing=0 
2026/07/30 03:22:20 candidates=0 corpus=672 coverage=13499 exec total=116914 (221/min) pending=0 reproducing=0 
2026/07/30 03:22:30 candidates=0 corpus=672 coverage=13499 exec total=116951 (221/min) pending=0 reproducing=0 
2026/07/30 03:22:40 candidates=0 corpus=672 coverage=13499 exec total=117024 (221/min) pending=0 reproducing=0 
2026/07/30 03:22:50 candidates=0 corpus=672 coverage=13499 exec total=117042 (221/min) pending=0 reproducing=0 
2026/07/30 03:23:00 candidates=0 corpus=672 coverage=13499 exec total=117050 (221/min) pending=0 reproducing=0 
2026/07/30 03:23:10 candidates=0 corpus=672 coverage=13499 exec total=117084 (221/min) pending=0 reproducing=0 
2026/07/30 03:23:20 candidates=0 corpus=672 coverage=13499 exec total=117096 (221/min) pending=0 reproducing=0 
2026/07/30 03:23:30 candidates=0 corpus=672 coverage=13499 exec total=117108 (221/min) pending=0 reproducing=0 
2026/07/30 03:23:40 candidates=0 corpus=672 coverage=13499 exec total=117130 (221/min) pending=0 reproducing=0 
2026/07/30 03:23:50 candidates=0 corpus=672 coverage=13499 exec total=117150 (221/min) pending=0 reproducing=0 
2026/07/30 03:24:00 candidates=0 corpus=672 coverage=13499 exec total=117166 (221/min) pending=0 reproducing=0 
2026/07/30 03:24:10 candidates=0 corpus=672 coverage=13499 exec total=117185 (221/min) pending=0 reproducing=0 
2026/07/30 03:24:20 candidates=0 corpus=672 coverage=13499 exec total=117209 (221/min) pending=0 reproducing=0 
2026/07/30 03:24:30 candidates=0 corpus=672 coverage=13499 exec total=117225 (221/min) pending=0 reproducing=0 
2026/07/30 03:24:40 candidates=0 corpus=672 coverage=13499 exec total=117273 (221/min) pending=0 reproducing=0 
2026/07/30 03:24:50 candidates=0 corpus=672 coverage=13499 exec total=117284 (221/min) pending=0 reproducing=0 
2026/07/30 03:25:00 candidates=0 corpus=672 coverage=13499 exec total=117305 (221/min) pending=0 reproducing=0 
2026/07/30 03:25:10 candidates=0 corpus=672 coverage=13499 exec total=117324 (221/min) pending=0 reproducing=0 
2026/07/30 03:25:20 candidates=0 corpus=672 coverage=13499 exec total=117353 (221/min) pending=0 reproducing=0 
2026/07/30 03:25:30 candidates=0 corpus=672 coverage=13499 exec total=117387 (221/min) pending=0 reproducing=0 
2026/07/30 03:25:40 candidates=0 corpus=672 coverage=13499 exec total=117395 (221/min) pending=0 reproducing=0 
2026/07/30 03:25:50 candidates=0 corpus=672 coverage=13499 exec total=117490 (221/min) pending=0 reproducing=0 
2026/07/30 03:26:00 candidates=0 corpus=672 coverage=13499 exec total=117500 (221/min) pending=0 reproducing=0 
2026/07/30 03:26:10 candidates=0 corpus=672 coverage=13499 exec total=117573 (221/min) pending=0 reproducing=0 
2026/07/30 03:26:20 candidates=0 corpus=672 coverage=13499 exec total=117601 (221/min) pending=0 reproducing=0 
2026/07/30 03:26:30 candidates=0 corpus=672 coverage=13499 exec total=117606 (221/min) pending=0 reproducing=0 
2026/07/30 03:26:40 candidates=0 corpus=672 coverage=13499 exec total=117613 (221/min) pending=0 reproducing=0 
2026/07/30 03:26:50 candidates=0 corpus=672 coverage=13499 exec total=117639 (221/min) pending=0 reproducing=0 
2026/07/30 03:27:00 candidates=0 corpus=672 coverage=13499 exec total=117657 (221/min) pending=0 reproducing=0 
2026/07/30 03:27:10 candidates=0 corpus=672 coverage=13499 exec total=117690 (221/min) pending=0 reproducing=0 
2026/07/30 03:27:20 candidates=0 corpus=672 coverage=13499 exec total=117767 (221/min) pending=0 reproducing=0 
2026/07/30 03:27:30 candidates=0 corpus=673 coverage=13521 exec total=117791 (221/min) pending=0 reproducing=0 
2026/07/30 03:27:40 candidates=0 corpus=673 coverage=13521 exec total=117823 (221/min) pending=0 reproducing=0 
2026/07/30 03:27:50 candidates=0 corpus=673 coverage=13521 exec total=117842 (221/min) pending=0 reproducing=0 
2026/07/30 03:28:00 candidates=0 corpus=673 coverage=13521 exec total=117870 (221/min) pending=0 reproducing=0 
2026/07/30 03:28:10 candidates=0 corpus=673 coverage=13521 exec total=117926 (221/min) pending=0 reproducing=0 
2026/07/30 03:28:20 candidates=0 corpus=673 coverage=13521 exec total=117960 (221/min) pending=0 reproducing=0 
2026/07/30 03:28:30 candidates=0 corpus=673 coverage=13521 exec total=117987 (221/min) pending=0 reproducing=0 
2026/07/30 03:28:40 candidates=0 corpus=673 coverage=13521 exec total=118022 (221/min) pending=0 reproducing=0 
2026/07/30 03:28:50 candidates=0 corpus=673 coverage=13521 exec total=118054 (221/min) pending=0 reproducing=0 
2026/07/30 03:29:00 candidates=0 corpus=673 coverage=13521 exec total=118088 (221/min) pending=0 reproducing=0 
2026/07/30 03:29:10 candidates=0 corpus=673 coverage=13521 exec total=118095 (221/min) pending=0 reproducing=0 
2026/07/30 03:29:20 candidates=0 corpus=673 coverage=13521 exec total=118124 (221/min) pending=0 reproducing=0 
2026/07/30 03:29:30 candidates=0 corpus=673 coverage=13521 exec total=118141 (221/min) pending=0 reproducing=0 
2026/07/30 03:29:40 candidates=0 corpus=673 coverage=13521 exec total=118146 (221/min) pending=0 reproducing=0 
2026/07/30 03:29:50 candidates=0 corpus=673 coverage=13521 exec total=118151 (221/min) pending=0 reproducing=0 
2026/07/30 03:30:00 candidates=0 corpus=673 coverage=13521 exec total=118257 (221/min) pending=0 reproducing=0 
2026/07/30 03:30:10 candidates=0 corpus=673 coverage=13521 exec total=118288 (221/min) pending=0 reproducing=0 
2026/07/30 03:30:20 candidates=0 corpus=674 coverage=13522 exec total=118393 (221/min) pending=0 reproducing=0 
2026/07/30 03:30:30 candidates=0 corpus=674 coverage=13522 exec total=118419 (221/min) pending=0 reproducing=0 
2026/07/30 03:30:40 candidates=0 corpus=674 coverage=13522 exec total=118473 (221/min) pending=0 reproducing=0 
2026/07/30 03:30:50 candidates=0 corpus=674 coverage=13522 exec total=118497 (221/min) pending=0 reproducing=0 
2026/07/30 03:31:00 candidates=0 corpus=674 coverage=13522 exec total=118550 (221/min) pending=0 reproducing=0 
2026/07/30 03:31:10 candidates=0 corpus=674 coverage=13522 exec total=118597 (221/min) pending=0 reproducing=0 
2026/07/30 03:31:20 candidates=0 corpus=674 coverage=13522 exec total=118623 (221/min) pending=0 reproducing=0 
2026/07/30 03:31:30 candidates=0 corpus=674 coverage=13522 exec total=118638 (221/min) pending=0 reproducing=0 
2026/07/30 03:31:40 candidates=0 corpus=674 coverage=13522 exec total=118712 (221/min) pending=0 reproducing=0 
2026/07/30 03:31:50 candidates=0 corpus=674 coverage=13522 exec total=118717 (221/min) pending=0 reproducing=0 
2026/07/30 03:32:00 candidates=0 corpus=674 coverage=13522 exec total=118753 (221/min) pending=0 reproducing=0 
2026/07/30 03:32:10 candidates=0 corpus=674 coverage=13522 exec total=118773 (221/min) pending=0 reproducing=0 
2026/07/30 03:32:20 candidates=0 corpus=674 coverage=13522 exec total=118827 (221/min) pending=0 reproducing=0 
2026/07/30 03:32:30 candidates=0 corpus=674 coverage=13522 exec total=118841 (221/min) pending=0 reproducing=0 
2026/07/30 03:32:40 candidates=0 corpus=674 coverage=13522 exec total=118876 (221/min) pending=0 reproducing=0 
2026/07/30 03:32:50 candidates=0 corpus=674 coverage=13522 exec total=118923 (221/min) pending=0 reproducing=0 
2026/07/30 03:33:00 candidates=0 corpus=674 coverage=13522 exec total=118953 (221/min) pending=0 reproducing=0 
2026/07/30 03:33:10 candidates=0 corpus=674 coverage=13522 exec total=118965 (221/min) pending=0 reproducing=0 
2026/07/30 03:33:20 candidates=0 corpus=674 coverage=13522 exec total=118983 (221/min) pending=0 reproducing=0 
2026/07/30 03:33:30 candidates=0 corpus=674 coverage=13522 exec total=119017 (221/min) pending=0 reproducing=0 
2026/07/30 03:33:40 candidates=0 corpus=674 coverage=13522 exec total=119048 (221/min) pending=0 reproducing=0 
2026/07/30 03:33:50 candidates=0 corpus=674 coverage=13522 exec total=119067 (221/min) pending=0 reproducing=0 
2026/07/30 03:34:00 candidates=0 corpus=674 coverage=13522 exec total=119094 (221/min) pending=0 reproducing=0 
2026/07/30 03:34:10 candidates=0 corpus=674 coverage=13522 exec total=119113 (221/min) pending=0 reproducing=0 
2026/07/30 03:34:20 candidates=0 corpus=674 coverage=13522 exec total=119146 (221/min) pending=0 reproducing=0 
2026/07/30 03:34:30 candidates=0 corpus=674 coverage=13522 exec total=119168 (221/min) pending=0 reproducing=0 
2026/07/30 03:34:40 candidates=0 corpus=674 coverage=13522 exec total=119183 (221/min) pending=0 reproducing=0 
2026/07/30 03:34:50 candidates=0 corpus=674 coverage=13522 exec total=119258 (221/min) pending=0 reproducing=0 
2026/07/30 03:35:00 candidates=0 corpus=674 coverage=13522 exec total=119263 (221/min) pending=0 reproducing=0 
2026/07/30 03:35:10 candidates=0 corpus=674 coverage=13522 exec total=119322 (221/min) pending=0 reproducing=0 
2026/07/30 03:35:20 candidates=0 corpus=675 coverage=13522 exec total=119349 (221/min) pending=0 reproducing=0 
2026/07/30 03:35:30 candidates=0 corpus=675 coverage=13522 exec total=119377 (221/min) pending=0 reproducing=0 
2026/07/30 03:35:40 candidates=0 corpus=675 coverage=13522 exec total=119400 (221/min) pending=0 reproducing=0 
2026/07/30 03:35:50 candidates=0 corpus=675 coverage=13522 exec total=119424 (221/min) pending=0 reproducing=0 
2026/07/30 03:36:00 candidates=0 corpus=675 coverage=13522 exec total=119443 (220/min) pending=0 reproducing=0 
2026/07/30 03:36:06 VM 0: running for 3h0m0.001049631s, restarting
2026/07/30 03:36:08 VM 1: running for 3h0m0.001095975s, restarting
2026/07/30 03:36:10 candidates=0 corpus=675 coverage=13522 exec total=119473 (220/min) pending=0 reproducing=0 
2026/07/30 03:36:20 candidates=0 corpus=675 coverage=13522 exec total=119473 (220/min) pending=0 reproducing=0 
2026/07/30 03:36:22 [ERROR] kernel build has changed; instance module gpu_sched differs from canonical
2026/07/30 03:36:22 [ERROR] kernel build has changed; instance module drm_buddy differs from canonical
2026/07/30 03:36:22 [ERROR] kernel build has changed; instance module amdxcp differs from canonical
2026/07/30 03:36:22 [ERROR] kernel build has changed; instance module drm_suballoc_helper differs from canonical
2026/07/30 03:36:22 [ERROR] kernel build has changed; instance module drm_exec differs from canonical
2026/07/30 03:36:22 [ERROR] kernel build has changed; instance module video differs from canonical
2026/07/30 03:36:22 [ERROR] kernel build has changed; instance module ttm differs from canonical
2026/07/30 03:36:22 [ERROR] kernel build has changed; instance module drm_ttm_helper differs from canonical
2026/07/30 03:36:22 [ERROR] kernel build has changed; instance module i2c_algo_bit differs from canonical
2026/07/30 03:36:22 [ERROR] kernel build has changed; instance module amdgpu differs from canonical
2026/07/30 03:36:22 [ERROR] kernel build has changed; instance module i2c_phytium_core differs from canonical
2026/07/30 03:36:22 [ERROR] kernel build has changed; instance module xhci_pci_renesas differs from canonical
2026/07/30 03:36:22 [ERROR] kernel build has changed; instance module snd_hda_codec_hdmi differs from canonical
2026/07/30 03:36:22 [ERROR] kernel build has changed; instance module i2c_phytium_platform differs from canonical
2026/07/30 03:36:22 [ERROR] kernel build has changed; instance module xhci_pci differs from canonical
2026/07/30 03:36:22 [ERROR] kernel build has changed; instance module snd_intel_dspcfg differs from canonical
2026/07/30 03:36:22 [ERROR] kernel build has changed; instance module snd_hda_intel differs from canonical
2026/07/30 03:36:22 [ERROR] kernel build has changed; instance module overlay differs from canonical
2026/07/30 03:36:22 [ERROR] kernel build has changed; instance module xfrm_algo differs from canonical
2026/07/30 03:36:22 [ERROR] kernel build has changed; instance module xt_addrtype differs from canonical
2026/07/30 03:36:22 [ERROR] kernel build has changed; instance module br_netfilter differs from canonical
2026/07/30 03:36:22 [ERROR] kernel build has changed; instance module xfrm_user differs from canonical
2026/07/30 03:36:22 [ERROR] kernel build has changed; instance module nfnetlink differs from canonical
2026/07/30 03:36:22 [ERROR] kernel build has changed; instance module nf_conntrack_netlink differs from canonical
2026/07/30 03:36:22 [ERROR] kernel build has changed; instance module xt_MASQUERADE differs from canonical
2026/07/30 03:36:22 [ERROR] kernel build has changed; instance module xt_conntrack differs from canonical
2026/07/30 03:36:22 [ERROR] kernel build has changed; instance module cfg80211 differs from canonical
2026/07/30 03:36:22 [ERROR] kernel build has changed; instance module xt_tcpudp differs from canonical
2026/07/30 03:36:30 candidates=0 corpus=675 coverage=13522 exec total=119530 (220/min) pending=0 reproducing=0 
2026/07/30 03:36:40 candidates=0 corpus=675 coverage=13522 exec total=119541 (220/min) pending=0 reproducing=0 
2026/07/30 03:36:50 candidates=0 corpus=675 coverage=13522 exec total=119574 (220/min) pending=0 reproducing=0 
2026/07/30 03:37:00 candidates=0 corpus=675 coverage=13522 exec total=119585 (220/min) pending=0 reproducing=0 
2026/07/30 03:37:10 candidates=0 corpus=675 coverage=13522 exec total=119606 (220/min) pending=0 reproducing=0 
2026/07/30 03:37:20 candidates=0 corpus=675 coverage=13522 exec total=119638 (220/min) pending=0 reproducing=0 
2026/07/30 03:37:30 candidates=0 corpus=675 coverage=13522 exec total=119671 (220/min) pending=0 reproducing=0 
2026/07/30 03:37:40 candidates=0 corpus=675 coverage=13522 exec total=119719 (220/min) pending=0 reproducing=0 
2026/07/30 03:37:50 candidates=0 corpus=675 coverage=13522 exec total=119765 (220/min) pending=0 reproducing=0 
2026/07/30 03:38:00 candidates=0 corpus=675 coverage=13522 exec total=119859 (220/min) pending=0 reproducing=0 
2026/07/30 03:38:10 candidates=0 corpus=675 coverage=13522 exec total=119881 (220/min) pending=0 reproducing=0 
2026/07/30 03:38:20 candidates=0 corpus=675 coverage=13522 exec total=119907 (220/min) pending=0 reproducing=0 
2026/07/30 03:38:30 candidates=0 corpus=675 coverage=13522 exec total=119910 (220/min) pending=0 reproducing=0 
2026/07/30 03:38:40 candidates=0 corpus=675 coverage=13522 exec total=119914 (220/min) pending=0 reproducing=0 
2026/07/30 03:38:50 candidates=0 corpus=675 coverage=13522 exec total=119917 (220/min) pending=0 reproducing=0 
2026/07/30 03:39:00 candidates=0 corpus=675 coverage=13522 exec total=119919 (220/min) pending=0 reproducing=0 
2026/07/30 03:39:04 [ERROR] kernel build has changed; instance module gpu_sched differs from canonical
2026/07/30 03:39:04 [ERROR] kernel build has changed; instance module drm_buddy differs from canonical
2026/07/30 03:39:04 [ERROR] kernel build has changed; instance module amdxcp differs from canonical
2026/07/30 03:39:04 [ERROR] kernel build has changed; instance module drm_suballoc_helper differs from canonical
2026/07/30 03:39:04 [ERROR] kernel build has changed; instance module drm_exec differs from canonical
2026/07/30 03:39:04 [ERROR] kernel build has changed; instance module video differs from canonical
2026/07/30 03:39:04 [ERROR] kernel build has changed; instance module ttm differs from canonical
2026/07/30 03:39:04 [ERROR] kernel build has changed; instance module drm_ttm_helper differs from canonical
2026/07/30 03:39:04 [ERROR] kernel build has changed; instance module i2c_algo_bit differs from canonical
2026/07/30 03:39:04 [ERROR] kernel build has changed; instance module amdgpu differs from canonical
2026/07/30 03:39:04 [ERROR] kernel build has changed; instance module i2c_phytium_core differs from canonical
2026/07/30 03:39:04 [ERROR] kernel build has changed; instance module xhci_pci_renesas differs from canonical
2026/07/30 03:39:04 [ERROR] kernel build has changed; instance module snd_hda_codec_hdmi differs from canonical
2026/07/30 03:39:04 [ERROR] kernel build has changed; instance module i2c_phytium_platform differs from canonical
2026/07/30 03:39:04 [ERROR] kernel build has changed; instance module xhci_pci differs from canonical
2026/07/30 03:39:04 [ERROR] kernel build has changed; instance module snd_intel_dspcfg differs from canonical
2026/07/30 03:39:04 [ERROR] kernel build has changed; instance module snd_hda_intel differs from canonical
2026/07/30 03:39:04 [ERROR] kernel build has changed; instance module overlay differs from canonical
2026/07/30 03:39:04 [ERROR] kernel build has changed; instance module xfrm_algo differs from canonical
2026/07/30 03:39:04 [ERROR] kernel build has changed; instance module xt_addrtype differs from canonical
2026/07/30 03:39:04 [ERROR] kernel build has changed; instance module br_netfilter differs from canonical
2026/07/30 03:39:04 [ERROR] kernel build has changed; instance module xfrm_user differs from canonical
2026/07/30 03:39:04 [ERROR] kernel build has changed; instance module nfnetlink differs from canonical
2026/07/30 03:39:04 [ERROR] kernel build has changed; instance module nf_conntrack_netlink differs from canonical
2026/07/30 03:39:04 [ERROR] kernel build has changed; instance module xt_MASQUERADE differs from canonical
2026/07/30 03:39:04 [ERROR] kernel build has changed; instance module xt_conntrack differs from canonical
2026/07/30 03:39:04 [ERROR] kernel build has changed; instance module cfg80211 differs from canonical
2026/07/30 03:39:04 [ERROR] kernel build has changed; instance module xt_tcpudp differs from canonical
2026/07/30 03:39:10 candidates=0 corpus=675 coverage=13522 exec total=119921 (220/min) pending=0 reproducing=0 
2026/07/30 03:39:20 candidates=0 corpus=675 coverage=13522 exec total=119921 (220/min) pending=0 reproducing=0 
2026/07/30 03:39:30 candidates=0 corpus=675 coverage=13522 exec total=119921 (220/min) pending=0 reproducing=0 
2026/07/30 03:39:40 candidates=0 corpus=675 coverage=13522 exec total=119921 (220/min) pending=0 reproducing=0 
2026/07/30 03:39:50 candidates=0 corpus=675 coverage=13522 exec total=119921 (220/min) pending=0 reproducing=0 
2026/07/30 03:40:00 candidates=0 corpus=675 coverage=13522 exec total=119931 (220/min) pending=0 reproducing=0 
2026/07/30 03:40:10 candidates=0 corpus=675 coverage=13522 exec total=119977 (220/min) pending=0 reproducing=0 
2026/07/30 03:40:20 [ERROR] failed to symbolize report: failed to run ["scripts/get_maintainer.pl" "--git-min-percent=15" "-f" "home/jose/common/mm/slub.c"]: exit status 2
2026/07/30 03:40:20 VM 1: crash: BUG: unable to handle kernel NULL pointer dereference in __kvm_mmu_topup_memory_cache
2026/07/30 03:40:20 VM 1: crash(tail0): Internal error in __kvm_mmu_topup_memory_cache
2026/07/30 03:40:20 VM 1: crash(tail1): SYZFAIL: rpc peer closed connection (EOF)
2026/07/30 03:40:20 VM 1: crash(tail2): kernel BUG in kvm_arch_vcpu_load_fp
2026/07/30 03:40:20 VM 1: crash(tail3): BUG: ADDR [#NUM] SMP
2026/07/30 03:40:20 start reproducing 'BUG: unable to handle kernel NULL pointer dereference in __kvm_mmu_topup_memory_cache'
2026/07/30 03:40:20 VM 0: running for 28.050242018s, restarting
2026/07/30 03:40:20 VM 1: running for 1m18.111495112s, restarting
2026/07/30 03:40:20 candidates=0 corpus=675 coverage=13522 exec total=119991 (220/min) pending=0 reproducing=1 
2026/07/30 03:40:30 candidates=0 corpus=675 coverage=13522 exec total=119991 (220/min) pending=0 reproducing=1 
2026/07/30 03:40:40 candidates=0 corpus=675 coverage=13522 exec total=119991 (220/min) pending=0 reproducing=1 
2026/07/30 03:40:50 candidates=0 corpus=675 coverage=13522 exec total=119991 (220/min) pending=0 reproducing=1 
2026/07/30 03:41:00 candidates=0 corpus=675 coverage=13522 exec total=119991 (219/min) pending=0 reproducing=1 
2026/07/30 03:41:10 candidates=0 corpus=675 coverage=13522 exec total=119991 (219/min) pending=0 reproducing=1 
2026/07/30 03:41:17 reproducing crash 'BUG: unable to handle kernel NULL pointer dereference in __kvm_mmu_topup_memory_cache': failed to symbolize report: failed to run ["scripts/get_maintainer.pl" "--git-min-percent=15" "-f" "home/jose/common/mm/slub.c"]: exit status 2
2026/07/30 03:41:20 candidates=0 corpus=675 coverage=13522 exec total=119991 (219/min) pending=0 reproducing=1 
2026/07/30 03:41:30 candidates=0 corpus=675 coverage=13522 exec total=119991 (219/min) pending=0 reproducing=1 
2026/07/30 03:41:40 candidates=0 corpus=675 coverage=13522 exec total=119991 (219/min) pending=0 reproducing=1 
2026/07/30 03:41:50 candidates=0 corpus=675 coverage=13522 exec total=119991 (219/min) pending=0 reproducing=1 
2026/07/30 03:41:50 [ERROR] failed to symbolize report: failed to run ["scripts/get_maintainer.pl" "--git-min-percent=15" "-f" "home/jose/common/mm/slub.c"]: exit status 2
2026/07/30 03:41:50 VM 0: crash: BUG: unable to handle kernel NULL pointer dereference in __kvm_mmu_topup_memory_cache
2026/07/30 03:41:50 VM 0: crash(tail0): Internal error in __kvm_mmu_topup_memory_cache
2026/07/30 03:41:50 VM 0: crash(tail1): kernel BUG in kvm_arch_vcpu_load_fp
2026/07/30 03:41:50 VM 0: crash(tail2): BUG: ADDR [#NUM] SMP
2026/07/30 03:41:50 VM 0: crash(tail3): SYZFAIL: rpc peer closed connection (EOF)
2026/07/30 03:42:00 candidates=0 corpus=675 coverage=13522 exec total=119991 (219/min) pending=1 reproducing=1 
2026/07/30 03:42:10 candidates=0 corpus=675 coverage=13522 exec total=119991 (219/min) pending=1 reproducing=1 
2026/07/30 03:42:20 candidates=0 corpus=675 coverage=13522 exec total=119991 (219/min) pending=1 reproducing=1 
2026/07/30 03:42:30 candidates=0 corpus=675 coverage=13522 exec total=119991 (219/min) pending=1 reproducing=1 
2026/07/30 03:42:40 candidates=0 corpus=675 coverage=13522 exec total=119991 (219/min) pending=1 reproducing=1 
2026/07/30 03:42:50 candidates=0 corpus=675 coverage=13522 exec total=119991 (219/min) pending=1 reproducing=1 
2026/07/30 03:43:00 candidates=0 corpus=675 coverage=13522 exec total=119991 (219/min) pending=1 reproducing=1 
2026/07/30 03:43:10 candidates=0 corpus=675 coverage=13522 exec total=119991 (219/min) pending=1 reproducing=1 
2026/07/30 03:43:20 candidates=0 corpus=675 coverage=13522 exec total=119991 (219/min) pending=1 reproducing=1 
2026/07/30 03:43:30 candidates=0 corpus=675 coverage=13522 exec total=119991 (218/min) pending=1 reproducing=1 
2026/07/30 03:43:40 candidates=0 corpus=675 coverage=13522 exec total=119991 (218/min) pending=1 reproducing=1 
2026/07/30 03:43:50 candidates=0 corpus=675 coverage=13522 exec total=119991 (218/min) pending=1 reproducing=1 
2026/07/30 03:44:00 candidates=0 corpus=675 coverage=13522 exec total=119991 (218/min) pending=1 reproducing=1 
2026/07/30 03:44:10 candidates=0 corpus=675 coverage=13522 exec total=119991 (218/min) pending=1 reproducing=1 
2026/07/30 03:44:20 candidates=0 corpus=675 coverage=13522 exec total=119991 (218/min) pending=1 reproducing=1 
2026/07/30 03:44:30 candidates=0 corpus=675 coverage=13522 exec total=119991 (218/min) pending=1 reproducing=1 
2026/07/30 03:44:40 candidates=0 corpus=675 coverage=13522 exec total=119991 (218/min) pending=1 reproducing=1 
2026/07/30 03:44:50 candidates=0 corpus=675 coverage=13522 exec total=119991 (218/min) pending=1 reproducing=1 
2026/07/30 03:45:00 candidates=0 corpus=675 coverage=13522 exec total=119991 (218/min) pending=1 reproducing=1 
2026/07/30 03:45:10 candidates=0 corpus=675 coverage=13522 exec total=119991 (218/min) pending=1 reproducing=1 
2026/07/30 03:45:20 candidates=0 corpus=675 coverage=13522 exec total=119991 (218/min) pending=1 reproducing=1 
2026/07/30 03:45:30 candidates=0 corpus=675 coverage=13522 exec total=119991 (218/min) pending=1 reproducing=1 
2026/07/30 03:45:40 candidates=0 corpus=675 coverage=13522 exec total=119991 (218/min) pending=1 reproducing=1 
2026/07/30 03:45:50 candidates=0 corpus=675 coverage=13522 exec total=119991 (218/min) pending=1 reproducing=1 
2026/07/30 03:46:00 candidates=0 corpus=675 coverage=13522 exec total=119991 (217/min) pending=1 reproducing=1 
2026/07/30 03:46:10 candidates=0 corpus=675 coverage=13522 exec total=119991 (217/min) pending=1 reproducing=1 
2026/07/30 03:46:20 candidates=0 corpus=675 coverage=13522 exec total=119991 (217/min) pending=1 reproducing=1 
2026/07/30 03:46:30 candidates=0 corpus=675 coverage=13522 exec total=119991 (217/min) pending=1 reproducing=1 
2026/07/30 03:46:40 candidates=0 corpus=675 coverage=13522 exec total=119991 (217/min) pending=1 reproducing=1 
2026/07/30 03:46:50 candidates=0 corpus=675 coverage=13522 exec total=119991 (217/min) pending=1 reproducing=1 
2026/07/30 03:47:00 candidates=0 corpus=675 coverage=13522 exec total=119991 (217/min) pending=1 reproducing=1 
2026/07/30 03:47:10 candidates=0 corpus=675 coverage=13522 exec total=119991 (217/min) pending=1 reproducing=1 
2026/07/30 03:47:20 candidates=0 corpus=675 coverage=13522 exec total=119991 (217/min) pending=1 reproducing=1 
2026/07/30 03:47:30 candidates=0 corpus=675 coverage=13522 exec total=119991 (217/min) pending=1 reproducing=1 
2026/07/30 03:47:40 candidates=0 corpus=675 coverage=13522 exec total=119991 (217/min) pending=1 reproducing=1 
2026/07/30 03:47:50 candidates=0 corpus=675 coverage=13522 exec total=119991 (217/min) pending=1 reproducing=1 
2026/07/30 03:48:00 candidates=0 corpus=675 coverage=13522 exec total=119991 (217/min) pending=1 reproducing=1 
2026/07/30 03:48:10 candidates=0 corpus=675 coverage=13522 exec total=119991 (217/min) pending=1 reproducing=1 
2026/07/30 03:48:20 candidates=0 corpus=675 coverage=13522 exec total=119991 (217/min) pending=1 reproducing=1 
2026/07/30 03:48:30 candidates=0 corpus=675 coverage=13522 exec total=119991 (216/min) pending=1 reproducing=1 
2026/07/30 03:48:40 candidates=0 corpus=675 coverage=13522 exec total=119991 (216/min) pending=1 reproducing=1 
2026/07/30 03:48:50 candidates=0 corpus=675 coverage=13522 exec total=119991 (216/min) pending=1 reproducing=1 
2026/07/30 03:49:00 candidates=0 corpus=675 coverage=13522 exec total=119991 (216/min) pending=1 reproducing=1 
2026/07/30 03:49:10 candidates=0 corpus=675 coverage=13522 exec total=119991 (216/min) pending=1 reproducing=1 
2026/07/30 03:49:20 candidates=0 corpus=675 coverage=13522 exec total=119991 (216/min) pending=1 reproducing=1 
2026/07/30 03:49:30 candidates=0 corpus=675 coverage=13522 exec total=119991 (216/min) pending=1 reproducing=1 
2026/07/30 03:49:40 candidates=0 corpus=675 coverage=13522 exec total=119991 (216/min) pending=1 reproducing=1 
2026/07/30 03:49:50 candidates=0 corpus=675 coverage=13522 exec total=119991 (216/min) pending=1 reproducing=1 
2026/07/30 03:50:00 candidates=0 corpus=675 coverage=13522 exec total=119991 (216/min) pending=1 reproducing=1 
2026/07/30 03:50:10 candidates=0 corpus=675 coverage=13522 exec total=119991 (216/min) pending=1 reproducing=1 
2026/07/30 03:50:20 candidates=0 corpus=675 coverage=13522 exec total=119991 (216/min) pending=1 reproducing=1 
2026/07/30 03:50:30 candidates=0 corpus=675 coverage=13522 exec total=119991 (216/min) pending=1 reproducing=1 
2026/07/30 03:50:40 candidates=0 corpus=675 coverage=13522 exec total=119991 (216/min) pending=1 reproducing=1 
2026/07/30 03:50:50 candidates=0 corpus=675 coverage=13522 exec total=119991 (216/min) pending=1 reproducing=1 
2026/07/30 03:51:00 candidates=0 corpus=675 coverage=13522 exec total=119991 (215/min) pending=1 reproducing=1 
2026/07/30 03:51:10 candidates=0 corpus=675 coverage=13522 exec total=119991 (215/min) pending=1 reproducing=1 
2026/07/30 03:51:13 reproducing crash 'BUG: unable to handle kernel NULL pointer dereference in __kvm_mmu_topup_memory_cache': failed to symbolize report: failed to run ["scripts/get_maintainer.pl" "--git-min-percent=15" "-f" "home/jose/common/mm/slub.c"]: exit status 2
2026/07/30 03:51:20 candidates=0 corpus=675 coverage=13522 exec total=119991 (215/min) pending=1 reproducing=1 
2026/07/30 03:51:30 candidates=0 corpus=675 coverage=13522 exec total=119991 (215/min) pending=1 reproducing=1 
2026/07/30 03:51:40 candidates=0 corpus=675 coverage=13522 exec total=119991 (215/min) pending=1 reproducing=1 
2026/07/30 03:51:50 candidates=0 corpus=675 coverage=13522 exec total=119991 (215/min) pending=1 reproducing=1 
2026/07/30 03:52:00 candidates=0 corpus=675 coverage=13522 exec total=119991 (215/min) pending=1 reproducing=1 
2026/07/30 03:52:10 candidates=0 corpus=675 coverage=13522 exec total=119991 (215/min) pending=1 reproducing=1 
2026/07/30 03:52:20 candidates=0 corpus=675 coverage=13522 exec total=119991 (215/min) pending=1 reproducing=1 
2026/07/30 03:52:30 candidates=0 corpus=675 coverage=13522 exec total=119991 (215/min) pending=1 reproducing=1 
2026/07/30 03:52:33 reproducing crash 'BUG: unable to handle kernel NULL pointer dereference in __kvm_mmu_topup_memory_cache': failed to symbolize report: failed to run ["scripts/get_maintainer.pl" "--git-min-percent=15" "-f" "home/jose/common/mm/slub.c"]: exit status 2
2026/07/30 03:52:40 candidates=0 corpus=675 coverage=13522 exec total=119991 (215/min) pending=1 reproducing=1 
2026/07/30 03:52:50 candidates=0 corpus=675 coverage=13522 exec total=119991 (215/min) pending=1 reproducing=1 
2026/07/30 03:53:00 candidates=0 corpus=675 coverage=13522 exec total=119991 (215/min) pending=1 reproducing=1 
2026/07/30 03:53:10 candidates=0 corpus=675 coverage=13522 exec total=119991 (215/min) pending=1 reproducing=1 
2026/07/30 03:53:13 reproducing crash 'BUG: unable to handle kernel NULL pointer dereference in __kvm_mmu_topup_memory_cache': failed to symbolize report: failed to run ["scripts/get_maintainer.pl" "--git-min-percent=15" "-f" "home/jose/common/mm/slub.c"]: exit status 2
2026/07/30 03:53:20 candidates=0 corpus=675 coverage=13522 exec total=119991 (215/min) pending=1 reproducing=1 
2026/07/30 03:53:30 candidates=0 corpus=675 coverage=13522 exec total=119991 (215/min) pending=1 reproducing=1 
2026/07/30 03:53:40 candidates=0 corpus=675 coverage=13522 exec total=119991 (214/min) pending=1 reproducing=1 
2026/07/30 03:53:50 candidates=0 corpus=675 coverage=13522 exec total=119991 (214/min) pending=1 reproducing=1 
2026/07/30 03:53:59 reproducing crash 'BUG: unable to handle kernel NULL pointer dereference in __kvm_mmu_topup_memory_cache': failed to symbolize report: failed to run ["scripts/get_maintainer.pl" "--git-min-percent=15" "-f" "home/jose/common/mm/slub.c"]: exit status 2
2026/07/30 03:53:59 repro finished 'BUG: unable to handle kernel NULL pointer dereference in __kvm_mmu_topup_memory_cache', repro=true crepro=false desc='BUG: unable to handle kernel NULL pointer dereference in __kvm_mmu_topup_memory_cache' hub=false from_dashboard=false
2026/07/30 03:54:00 candidates=0 corpus=675 coverage=13522 exec total=119991 (214/min) pending=0 reproducing=0 
2026/07/30 03:54:10 candidates=0 corpus=675 coverage=13522 exec total=119992 (214/min) pending=0 reproducing=0 
2026/07/30 03:54:14 [ERROR] kernel build has changed; instance module gpu_sched differs from canonical
2026/07/30 03:54:14 [ERROR] kernel build has changed; instance module drm_buddy differs from canonical
2026/07/30 03:54:14 [ERROR] kernel build has changed; instance module amdxcp differs from canonical
2026/07/30 03:54:14 [ERROR] kernel build has changed; instance module drm_suballoc_helper differs from canonical
2026/07/30 03:54:14 [ERROR] kernel build has changed; instance module drm_exec differs from canonical
2026/07/30 03:54:14 [ERROR] kernel build has changed; instance module video differs from canonical
2026/07/30 03:54:14 [ERROR] kernel build has changed; instance module ttm differs from canonical
2026/07/30 03:54:14 [ERROR] kernel build has changed; instance module drm_ttm_helper differs from canonical
2026/07/30 03:54:14 [ERROR] kernel build has changed; instance module i2c_algo_bit differs from canonical
2026/07/30 03:54:14 [ERROR] kernel build has changed; instance module amdgpu differs from canonical
2026/07/30 03:54:14 [ERROR] kernel build has changed; instance module i2c_phytium_core differs from canonical
2026/07/30 03:54:14 [ERROR] kernel build has changed; instance module xhci_pci_renesas differs from canonical
2026/07/30 03:54:14 [ERROR] kernel build has changed; instance module snd_hda_codec_hdmi differs from canonical
2026/07/30 03:54:14 [ERROR] kernel build has changed; instance module i2c_phytium_platform differs from canonical
2026/07/30 03:54:14 [ERROR] kernel build has changed; instance module xhci_pci differs from canonical
2026/07/30 03:54:14 [ERROR] kernel build has changed; instance module snd_intel_dspcfg differs from canonical
2026/07/30 03:54:14 [ERROR] kernel build has changed; instance module snd_hda_intel differs from canonical
2026/07/30 03:54:14 [ERROR] kernel build has changed; instance module overlay differs from canonical
2026/07/30 03:54:14 [ERROR] kernel build has changed; instance module xfrm_algo differs from canonical
2026/07/30 03:54:14 [ERROR] kernel build has changed; instance module xt_addrtype differs from canonical
2026/07/30 03:54:14 [ERROR] kernel build has changed; instance module br_netfilter differs from canonical
2026/07/30 03:54:14 [ERROR] kernel build has changed; instance module xfrm_user differs from canonical
2026/07/30 03:54:14 [ERROR] kernel build has changed; instance module nfnetlink differs from canonical
2026/07/30 03:54:14 [ERROR] kernel build has changed; instance module nf_conntrack_netlink differs from canonical
2026/07/30 03:54:14 [ERROR] kernel build has changed; instance module xt_MASQUERADE differs from canonical
2026/07/30 03:54:14 [ERROR] kernel build has changed; instance module xt_conntrack differs from canonical
2026/07/30 03:54:14 [ERROR] kernel build has changed; instance module cfg80211 differs from canonical
2026/07/30 03:54:14 [ERROR] kernel build has changed; instance module xt_tcpudp differs from canonical
2026/07/30 03:54:20 candidates=0 corpus=675 coverage=13522 exec total=120020 (214/min) pending=0 reproducing=0 
2026/07/30 03:54:30 candidates=0 corpus=675 coverage=13522 exec total=120023 (214/min) pending=0 reproducing=0 
2026/07/30 03:54:40 candidates=0 corpus=675 coverage=13522 exec total=120043 (214/min) pending=0 reproducing=0 
2026/07/30 03:54:50 candidates=0 corpus=675 coverage=13522 exec total=120098 (214/min) pending=0 reproducing=0 
2026/07/30 03:55:00 candidates=0 corpus=675 coverage=13522 exec total=120106 (214/min) pending=0 reproducing=0 
2026/07/30 03:55:10 candidates=0 corpus=675 coverage=13522 exec total=120123 (214/min) pending=0 reproducing=0 
2026/07/30 03:55:20 candidates=0 corpus=675 coverage=13522 exec total=120131 (214/min) pending=0 reproducing=0 
2026/07/30 03:55:30 candidates=0 corpus=675 coverage=13522 exec total=120138 (214/min) pending=0 reproducing=0 
2026/07/30 03:55:40 candidates=0 corpus=675 coverage=13522 exec total=120142 (214/min) pending=0 reproducing=0 
2026/07/30 03:55:50 candidates=0 corpus=675 coverage=13522 exec total=120145 (214/min) pending=0 reproducing=0 
2026/07/30 03:56:00 candidates=0 corpus=675 coverage=13522 exec total=120148 (214/min) pending=0 reproducing=0 
2026/07/30 03:56:10 candidates=0 corpus=675 coverage=13522 exec total=120174 (214/min) pending=0 reproducing=0 
2026/07/30 03:56:20 candidates=0 corpus=675 coverage=13522 exec total=120194 (214/min) pending=0 reproducing=0 
2026/07/30 03:56:30 candidates=0 corpus=675 coverage=13522 exec total=120204 (214/min) pending=0 reproducing=0 
2026/07/30 03:56:40 candidates=0 corpus=675 coverage=13522 exec total=120205 (214/min) pending=0 reproducing=0 
2026/07/30 03:56:50 candidates=0 corpus=675 coverage=13522 exec total=120206 (214/min) pending=0 reproducing=0 
2026/07/30 03:57:00 candidates=0 corpus=675 coverage=13522 exec total=120213 (214/min) pending=0 reproducing=0 
2026/07/30 03:57:10 candidates=0 corpus=675 coverage=13522 exec total=120228 (214/min) pending=0 reproducing=0 
2026/07/30 03:57:20 candidates=0 corpus=675 coverage=13522 exec total=120258 (214/min) pending=0 reproducing=0 
2026/07/30 03:57:30 candidates=0 corpus=675 coverage=13522 exec total=120270 (213/min) pending=0 reproducing=0 
2026/07/30 03:57:40 candidates=0 corpus=675 coverage=13522 exec total=120308 (214/min) pending=0 reproducing=0 
2026/07/30 03:57:50 candidates=0 corpus=675 coverage=13522 exec total=120366 (214/min) pending=0 reproducing=0 
2026/07/30 03:58:00 candidates=0 corpus=675 coverage=13522 exec total=120387 (214/min) pending=0 reproducing=0 
2026/07/30 03:58:10 candidates=0 corpus=675 coverage=13522 exec total=120411 (213/min) pending=0 reproducing=0 
2026/07/30 03:58:20 candidates=0 corpus=675 coverage=13522 exec total=120415 (213/min) pending=0 reproducing=0 
2026/07/30 03:58:30 candidates=0 corpus=675 coverage=13522 exec total=120429 (213/min) pending=0 reproducing=0 
2026/07/30 03:58:40 candidates=0 corpus=675 coverage=13522 exec total=120451 (213/min) pending=0 reproducing=0 
2026/07/30 03:58:50 candidates=0 corpus=675 coverage=13522 exec total=120461 (213/min) pending=0 reproducing=0 
2026/07/30 03:59:00 candidates=0 corpus=675 coverage=13522 exec total=120467 (213/min) pending=0 reproducing=0 
2026/07/30 03:59:10 candidates=0 corpus=675 coverage=13522 exec total=120490 (213/min) pending=0 reproducing=0 
2026/07/30 03:59:20 candidates=0 corpus=675 coverage=13522 exec total=120493 (213/min) pending=0 reproducing=0 
2026/07/30 03:59:30 candidates=0 corpus=675 coverage=13522 exec total=120504 (213/min) pending=0 reproducing=0 
2026/07/30 03:59:40 candidates=0 corpus=675 coverage=13522 exec total=120513 (213/min) pending=0 reproducing=0 
2026/07/30 03:59:50 candidates=0 corpus=675 coverage=13522 exec total=120518 (213/min) pending=0 reproducing=0 
2026/07/30 04:00:00 candidates=0 corpus=675 coverage=13522 exec total=120620 (213/min) pending=0 reproducing=0 
2026/07/30 04:00:10 candidates=0 corpus=675 coverage=13522 exec total=120647 (213/min) pending=0 reproducing=0 
2026/07/30 04:00:20 candidates=0 corpus=675 coverage=13522 exec total=120649 (213/min) pending=0 reproducing=0 
2026/07/30 04:00:30 candidates=0 corpus=675 coverage=13522 exec total=120675 (213/min) pending=0 reproducing=0 
2026/07/30 04:00:40 candidates=0 corpus=675 coverage=13522 exec total=120682 (213/min) pending=0 reproducing=0 
2026/07/30 04:00:50 candidates=0 corpus=675 coverage=13522 exec total=120684 (213/min) pending=0 reproducing=0 
2026/07/30 04:01:00 candidates=0 corpus=675 coverage=13522 exec total=120690 (213/min) pending=0 reproducing=0 
2026/07/30 04:01:10 candidates=0 corpus=675 coverage=13522 exec total=120731 (213/min) pending=0 reproducing=0 
2026/07/30 04:01:20 candidates=0 corpus=675 coverage=13522 exec total=120738 (213/min) pending=0 reproducing=0 
2026/07/30 04:01:30 candidates=0 corpus=675 coverage=13522 exec total=120745 (213/min) pending=0 reproducing=0 
2026/07/30 04:01:40 candidates=0 corpus=675 coverage=13522 exec total=120777 (213/min) pending=0 reproducing=0 
2026/07/30 04:01:50 candidates=0 corpus=675 coverage=13522 exec total=120786 (213/min) pending=0 reproducing=0 
2026/07/30 04:02:00 candidates=0 corpus=675 coverage=13522 exec total=120789 (213/min) pending=0 reproducing=0 
2026/07/30 04:02:10 candidates=0 corpus=675 coverage=13522 exec total=120791 (213/min) pending=0 reproducing=0 
2026/07/30 04:02:20 candidates=0 corpus=675 coverage=13522 exec total=120843 (213/min) pending=0 reproducing=0 
2026/07/30 04:02:30 candidates=0 corpus=675 coverage=13522 exec total=120876 (213/min) pending=0 reproducing=0 
2026/07/30 04:02:40 candidates=0 corpus=675 coverage=13522 exec total=120885 (213/min) pending=0 reproducing=0 
2026/07/30 04:02:50 candidates=0 corpus=675 coverage=13522 exec total=120892 (213/min) pending=0 reproducing=0 
2026/07/30 04:03:00 candidates=0 corpus=675 coverage=13522 exec total=120974 (213/min) pending=0 reproducing=0 
2026/07/30 04:03:10 candidates=0 corpus=675 coverage=13522 exec total=120982 (213/min) pending=0 reproducing=0 
2026/07/30 04:03:20 candidates=0 corpus=675 coverage=13522 exec total=120983 (213/min) pending=0 reproducing=0 
2026/07/30 04:03:30 candidates=0 corpus=675 coverage=13522 exec total=120984 (212/min) pending=0 reproducing=0 
2026/07/30 04:03:40 candidates=0 corpus=675 coverage=13522 exec total=121010 (212/min) pending=0 reproducing=0 
2026/07/30 04:03:50 candidates=0 corpus=675 coverage=13522 exec total=121025 (212/min) pending=0 reproducing=0 
2026/07/30 04:04:00 candidates=0 corpus=675 coverage=13522 exec total=121026 (212/min) pending=0 reproducing=0 
2026/07/30 04:04:10 candidates=0 corpus=675 coverage=13522 exec total=121048 (212/min) pending=0 reproducing=0 
2026/07/30 04:04:20 candidates=0 corpus=675 coverage=13522 exec total=121076 (212/min) pending=0 reproducing=0 
2026/07/30 04:04:30 candidates=0 corpus=675 coverage=13522 exec total=121103 (212/min) pending=0 reproducing=0 
2026/07/30 04:04:40 candidates=0 corpus=675 coverage=13522 exec total=121106 (212/min) pending=0 reproducing=0 
2026/07/30 04:04:50 candidates=0 corpus=675 coverage=13522 exec total=121120 (212/min) pending=0 reproducing=0 
2026/07/30 04:05:00 candidates=0 corpus=675 coverage=13522 exec total=121131 (212/min) pending=0 reproducing=0 
2026/07/30 04:05:10 candidates=0 corpus=675 coverage=13522 exec total=121157 (212/min) pending=0 reproducing=0 
2026/07/30 04:05:20 candidates=0 corpus=675 coverage=13522 exec total=121191 (212/min) pending=0 reproducing=0 
2026/07/30 04:05:30 candidates=0 corpus=675 coverage=13522 exec total=121206 (212/min) pending=0 reproducing=0 
2026/07/30 04:05:40 candidates=0 corpus=675 coverage=13522 exec total=121222 (212/min) pending=0 reproducing=0 
2026/07/30 04:05:50 candidates=0 corpus=675 coverage=13522 exec total=121232 (212/min) pending=0 reproducing=0 
2026/07/30 04:06:00 candidates=0 corpus=675 coverage=13522 exec total=121235 (212/min) pending=0 reproducing=0 
2026/07/30 04:06:10 candidates=0 corpus=675 coverage=13522 exec total=121244 (212/min) pending=0 reproducing=0 
2026/07/30 04:06:20 candidates=0 corpus=675 coverage=13522 exec total=121248 (212/min) pending=0 reproducing=0 
2026/07/30 04:06:30 candidates=0 corpus=675 coverage=13522 exec total=121263 (212/min) pending=0 reproducing=0 
2026/07/30 04:06:40 candidates=0 corpus=675 coverage=13522 exec total=121279 (212/min) pending=0 reproducing=0 
2026/07/30 04:06:50 candidates=0 corpus=675 coverage=13522 exec total=121292 (212/min) pending=0 reproducing=0 
2026/07/30 04:07:00 candidates=0 corpus=675 coverage=13522 exec total=121312 (212/min) pending=0 reproducing=0 
2026/07/30 04:07:10 candidates=0 corpus=675 coverage=13522 exec total=121330 (212/min) pending=0 reproducing=0 
2026/07/30 04:07:20 candidates=0 corpus=675 coverage=13522 exec total=121343 (212/min) pending=0 reproducing=0 
2026/07/30 04:07:30 candidates=0 corpus=675 coverage=13522 exec total=121348 (212/min) pending=0 reproducing=0 
2026/07/30 04:07:40 candidates=0 corpus=675 coverage=13522 exec total=121354 (212/min) pending=0 reproducing=0 
2026/07/30 04:07:50 candidates=0 corpus=675 coverage=13522 exec total=121357 (212/min) pending=0 reproducing=0 
2026/07/30 04:08:00 candidates=0 corpus=675 coverage=13522 exec total=121388 (212/min) pending=0 reproducing=0 
2026/07/30 04:08:10 candidates=0 corpus=675 coverage=13522 exec total=121420 (212/min) pending=0 reproducing=0 
2026/07/30 04:08:20 candidates=0 corpus=675 coverage=13522 exec total=121439 (211/min) pending=0 reproducing=0 
2026/07/30 04:08:30 candidates=0 corpus=675 coverage=13522 exec total=121449 (211/min) pending=0 reproducing=0 
2026/07/30 04:08:40 candidates=0 corpus=675 coverage=13522 exec total=121455 (211/min) pending=0 reproducing=0 
2026/07/30 04:08:50 candidates=0 corpus=675 coverage=13522 exec total=121458 (211/min) pending=0 reproducing=0 
2026/07/30 04:09:00 candidates=0 corpus=675 coverage=13522 exec total=121478 (211/min) pending=0 reproducing=0 
2026/07/30 04:09:10 candidates=0 corpus=675 coverage=13522 exec total=121486 (211/min) pending=0 reproducing=0 
2026/07/30 04:09:20 candidates=0 corpus=675 coverage=13522 exec total=121499 (211/min) pending=0 reproducing=0 
2026/07/30 04:09:30 candidates=0 corpus=675 coverage=13522 exec total=121502 (211/min) pending=0 reproducing=0 
2026/07/30 04:09:40 candidates=0 corpus=675 coverage=13522 exec total=121542 (211/min) pending=0 reproducing=0 
2026/07/30 04:09:50 candidates=0 corpus=675 coverage=13522 exec total=121555 (211/min) pending=0 reproducing=0 
2026/07/30 04:10:00 candidates=0 corpus=675 coverage=13522 exec total=121565 (211/min) pending=0 reproducing=0 
2026/07/30 04:10:10 candidates=0 corpus=675 coverage=13522 exec total=121576 (211/min) pending=0 reproducing=0 
2026/07/30 04:10:20 candidates=0 corpus=675 coverage=13522 exec total=121586 (211/min) pending=0 reproducing=0 
2026/07/30 04:10:30 candidates=0 corpus=675 coverage=13522 exec total=121597 (211/min) pending=0 reproducing=0 
2026/07/30 04:10:40 candidates=0 corpus=675 coverage=13522 exec total=121602 (211/min) pending=0 reproducing=0 
2026/07/30 04:10:50 candidates=0 corpus=675 coverage=13522 exec total=121659 (211/min) pending=0 reproducing=0 
2026/07/30 04:11:00 candidates=0 corpus=675 coverage=13522 exec total=121670 (211/min) pending=0 reproducing=0 
2026/07/30 04:11:10 candidates=0 corpus=675 coverage=13522 exec total=121677 (211/min) pending=0 reproducing=0 
2026/07/30 04:11:20 candidates=0 corpus=675 coverage=13522 exec total=121685 (211/min) pending=0 reproducing=0 
2026/07/30 04:11:30 candidates=0 corpus=675 coverage=13522 exec total=121687 (211/min) pending=0 reproducing=0 
2026/07/30 04:11:40 candidates=0 corpus=675 coverage=13522 exec total=121716 (211/min) pending=0 reproducing=0 
2026/07/30 04:11:50 candidates=0 corpus=675 coverage=13522 exec total=121725 (211/min) pending=0 reproducing=0 
2026/07/30 04:12:00 candidates=0 corpus=675 coverage=13522 exec total=121727 (211/min) pending=0 reproducing=0 
2026/07/30 04:12:10 candidates=0 corpus=675 coverage=13522 exec total=121738 (211/min) pending=0 reproducing=0 
2026/07/30 04:12:20 candidates=0 corpus=675 coverage=13522 exec total=121743 (211/min) pending=0 reproducing=0 
2026/07/30 04:12:30 candidates=0 corpus=675 coverage=13522 exec total=121759 (211/min) pending=0 reproducing=0 
2026/07/30 04:12:40 candidates=0 corpus=675 coverage=13522 exec total=121773 (210/min) pending=0 reproducing=0 
2026/07/30 04:12:50 candidates=0 corpus=675 coverage=13522 exec total=121777 (210/min) pending=0 reproducing=0 
2026/07/30 04:13:00 candidates=0 corpus=675 coverage=13522 exec total=121782 (210/min) pending=0 reproducing=0 
2026/07/30 04:13:10 candidates=0 corpus=675 coverage=13522 exec total=121788 (210/min) pending=0 reproducing=0 
2026/07/30 04:13:20 candidates=0 corpus=675 coverage=13522 exec total=121794 (210/min) pending=0 reproducing=0 
2026/07/30 04:13:30 candidates=0 corpus=675 coverage=13522 exec total=121800 (210/min) pending=0 reproducing=0 
2026/07/30 04:13:40 candidates=0 corpus=675 coverage=13522 exec total=121810 (210/min) pending=0 reproducing=0 
2026/07/30 04:13:50 candidates=0 corpus=675 coverage=13522 exec total=121812 (210/min) pending=0 reproducing=0 
2026/07/30 04:14:00 candidates=0 corpus=675 coverage=13522 exec total=121817 (210/min) pending=0 reproducing=0 
2026/07/30 04:14:10 candidates=0 corpus=675 coverage=13522 exec total=121845 (210/min) pending=0 reproducing=0 
2026/07/30 04:14:20 candidates=0 corpus=675 coverage=13522 exec total=121866 (210/min) pending=0 reproducing=0 
2026/07/30 04:14:30 candidates=0 corpus=675 coverage=13522 exec total=121877 (210/min) pending=0 reproducing=0 
2026/07/30 04:14:40 candidates=0 corpus=675 coverage=13522 exec total=121885 (210/min) pending=0 reproducing=0 
2026/07/30 04:14:50 candidates=0 corpus=675 coverage=13522 exec total=121895 (210/min) pending=0 reproducing=0 
2026/07/30 04:15:00 candidates=0 corpus=675 coverage=13522 exec total=121931 (210/min) pending=0 reproducing=0 
2026/07/30 04:15:10 candidates=0 corpus=675 coverage=13522 exec total=121937 (210/min) pending=0 reproducing=0 
2026/07/30 04:15:20 candidates=0 corpus=675 coverage=13522 exec total=121940 (210/min) pending=0 reproducing=0 
2026/07/30 04:15:30 candidates=0 corpus=675 coverage=13522 exec total=121944 (210/min) pending=0 reproducing=0 
2026/07/30 04:15:40 candidates=0 corpus=675 coverage=13522 exec total=121954 (210/min) pending=0 reproducing=0 
2026/07/30 04:15:50 candidates=0 corpus=675 coverage=13522 exec total=121955 (210/min) pending=0 reproducing=0 
2026/07/30 04:16:00 candidates=0 corpus=675 coverage=13522 exec total=121984 (210/min) pending=0 reproducing=0 
2026/07/30 04:16:10 candidates=0 corpus=675 coverage=13522 exec total=122028 (210/min) pending=0 reproducing=0 
2026/07/30 04:16:20 candidates=0 corpus=675 coverage=13522 exec total=122063 (210/min) pending=0 reproducing=0 
2026/07/30 04:16:30 candidates=0 corpus=675 coverage=13522 exec total=122069 (210/min) pending=0 reproducing=0 
2026/07/30 04:16:40 candidates=0 corpus=675 coverage=13522 exec total=122116 (210/min) pending=0 reproducing=0 
2026/07/30 04:16:50 candidates=0 corpus=675 coverage=13522 exec total=122132 (210/min) pending=0 reproducing=0 
2026/07/30 04:17:00 candidates=0 corpus=675 coverage=13522 exec total=122194 (210/min) pending=0 reproducing=0 
2026/07/30 04:17:10 candidates=0 corpus=675 coverage=13522 exec total=122286 (210/min) pending=0 reproducing=0 
2026/07/30 04:17:20 candidates=0 corpus=675 coverage=13522 exec total=122291 (210/min) pending=0 reproducing=0 
2026/07/30 04:17:30 candidates=0 corpus=675 coverage=13522 exec total=122307 (210/min) pending=0 reproducing=0 
2026/07/30 04:17:40 candidates=0 corpus=675 coverage=13522 exec total=122337 (210/min) pending=0 reproducing=0 
2026/07/30 04:17:50 candidates=0 corpus=675 coverage=13522 exec total=122341 (210/min) pending=0 reproducing=0 
2026/07/30 04:18:00 candidates=0 corpus=675 coverage=13522 exec total=122359 (210/min) pending=0 reproducing=0 
2026/07/30 04:18:10 candidates=0 corpus=675 coverage=13522 exec total=122359 (209/min) pending=0 reproducing=0 
2026/07/30 04:18:20 candidates=0 corpus=675 coverage=13522 exec total=122365 (209/min) pending=0 reproducing=0 
2026/07/30 04:18:30 candidates=0 corpus=675 coverage=13522 exec total=122373 (209/min) pending=0 reproducing=0 
2026/07/30 04:18:40 candidates=0 corpus=675 coverage=13522 exec total=122380 (209/min) pending=0 reproducing=0 
2026/07/30 04:18:50 candidates=0 corpus=675 coverage=13522 exec total=122426 (209/min) pending=0 reproducing=0 
2026/07/30 04:19:00 candidates=0 corpus=675 coverage=13522 exec total=122433 (209/min) pending=0 reproducing=0 
2026/07/30 04:19:10 candidates=0 corpus=675 coverage=13522 exec total=122475 (209/min) pending=0 reproducing=0 
2026/07/30 04:19:20 candidates=0 corpus=675 coverage=13522 exec total=122476 (209/min) pending=0 reproducing=0 
2026/07/30 04:19:30 candidates=0 corpus=675 coverage=13522 exec total=122489 (209/min) pending=0 reproducing=0 
2026/07/30 04:19:40 candidates=0 corpus=675 coverage=13522 exec total=122495 (209/min) pending=0 reproducing=0 
2026/07/30 04:19:50 candidates=0 corpus=675 coverage=13522 exec total=122513 (209/min) pending=0 reproducing=0 
2026/07/30 04:20:00 candidates=0 corpus=675 coverage=13522 exec total=122514 (209/min) pending=0 reproducing=0 
2026/07/30 04:20:10 candidates=0 corpus=675 coverage=13522 exec total=122529 (209/min) pending=0 reproducing=0 
2026/07/30 04:20:20 candidates=0 corpus=675 coverage=13522 exec total=122545 (209/min) pending=0 reproducing=0 
2026/07/30 04:20:30 candidates=0 corpus=675 coverage=13522 exec total=122548 (209/min) pending=0 reproducing=0 
2026/07/30 04:20:40 candidates=0 corpus=675 coverage=13522 exec total=122554 (209/min) pending=0 reproducing=0 
2026/07/30 04:20:50 candidates=0 corpus=675 coverage=13522 exec total=122558 (209/min) pending=0 reproducing=0 
2026/07/30 04:21:00 candidates=0 corpus=675 coverage=13522 exec total=122559 (209/min) pending=0 reproducing=0 
2026/07/30 04:21:10 candidates=0 corpus=675 coverage=13522 exec total=122583 (209/min) pending=0 reproducing=0 
2026/07/30 04:21:20 candidates=0 corpus=675 coverage=13522 exec total=122592 (209/min) pending=0 reproducing=0 
2026/07/30 04:21:30 candidates=0 corpus=675 coverage=13522 exec total=122646 (209/min) pending=0 reproducing=0 
2026/07/30 04:21:40 candidates=0 corpus=675 coverage=13522 exec total=122648 (209/min) pending=0 reproducing=0 
2026/07/30 04:21:50 candidates=0 corpus=675 coverage=13522 exec total=122658 (209/min) pending=0 reproducing=0 
2026/07/30 04:22:00 candidates=0 corpus=675 coverage=13522 exec total=122671 (209/min) pending=0 reproducing=0 
2026/07/30 04:22:10 candidates=0 corpus=675 coverage=13522 exec total=122682 (209/min) pending=0 reproducing=0 
2026/07/30 04:22:20 candidates=0 corpus=675 coverage=13522 exec total=122701 (209/min) pending=0 reproducing=0 
2026/07/30 04:22:30 candidates=0 corpus=675 coverage=13522 exec total=122708 (209/min) pending=0 reproducing=0 
2026/07/30 04:22:40 candidates=0 corpus=675 coverage=13522 exec total=122736 (209/min) pending=0 reproducing=0 
2026/07/30 04:22:50 candidates=0 corpus=675 coverage=13522 exec total=122754 (208/min) pending=0 reproducing=0 
2026/07/30 04:23:00 candidates=0 corpus=675 coverage=13522 exec total=122771 (208/min) pending=0 reproducing=0 
2026/07/30 04:23:10 candidates=0 corpus=675 coverage=13522 exec total=122776 (208/min) pending=0 reproducing=0 
2026/07/30 04:23:20 candidates=0 corpus=675 coverage=13522 exec total=122783 (208/min) pending=0 reproducing=0 
2026/07/30 04:23:30 candidates=0 corpus=675 coverage=13522 exec total=122786 (208/min) pending=0 reproducing=0 
2026/07/30 04:23:40 candidates=0 corpus=675 coverage=13522 exec total=122792 (208/min) pending=0 reproducing=0 
2026/07/30 04:23:50 candidates=0 corpus=675 coverage=13522 exec total=122799 (208/min) pending=0 reproducing=0 
2026/07/30 04:24:00 candidates=0 corpus=675 coverage=13522 exec total=122818 (208/min) pending=0 reproducing=0 
2026/07/30 04:24:10 candidates=0 corpus=675 coverage=13522 exec total=122845 (208/min) pending=0 reproducing=0 
2026/07/30 04:24:20 candidates=0 corpus=675 coverage=13522 exec total=122855 (208/min) pending=0 reproducing=0 
2026/07/30 04:24:30 candidates=0 corpus=675 coverage=13522 exec total=122857 (208/min) pending=0 reproducing=0 
2026/07/30 04:24:40 candidates=0 corpus=675 coverage=13522 exec total=122875 (208/min) pending=0 reproducing=0 
2026/07/30 04:24:50 candidates=0 corpus=675 coverage=13522 exec total=122893 (208/min) pending=0 reproducing=0 
2026/07/30 04:25:00 candidates=0 corpus=675 coverage=13522 exec total=122899 (208/min) pending=0 reproducing=0 
2026/07/30 04:25:10 candidates=0 corpus=675 coverage=13522 exec total=122918 (208/min) pending=0 reproducing=0 
2026/07/30 04:25:20 candidates=0 corpus=675 coverage=13522 exec total=122943 (208/min) pending=0 reproducing=0 
2026/07/30 04:25:30 candidates=0 corpus=675 coverage=13522 exec total=122953 (208/min) pending=0 reproducing=0 
2026/07/30 04:25:40 candidates=0 corpus=675 coverage=13522 exec total=122983 (208/min) pending=0 reproducing=0 
2026/07/30 04:25:50 candidates=0 corpus=675 coverage=13522 exec total=123005 (208/min) pending=0 reproducing=0 
2026/07/30 04:26:00 candidates=0 corpus=675 coverage=13522 exec total=123021 (208/min) pending=0 reproducing=0 
2026/07/30 04:26:10 candidates=0 corpus=675 coverage=13522 exec total=123028 (208/min) pending=0 reproducing=0 
2026/07/30 04:26:20 candidates=0 corpus=675 coverage=13522 exec total=123061 (208/min) pending=0 reproducing=0 
2026/07/30 04:26:30 candidates=0 corpus=675 coverage=13522 exec total=123065 (208/min) pending=0 reproducing=0 
2026/07/30 04:26:40 candidates=0 corpus=675 coverage=13522 exec total=123070 (208/min) pending=0 reproducing=0 
2026/07/30 04:26:50 candidates=0 corpus=675 coverage=13522 exec total=123102 (208/min) pending=0 reproducing=0 
2026/07/30 04:27:00 candidates=0 corpus=675 coverage=13522 exec total=123104 (208/min) pending=0 reproducing=0 
2026/07/30 04:27:10 candidates=0 corpus=675 coverage=13522 exec total=123140 (208/min) pending=0 reproducing=0 
2026/07/30 04:27:20 candidates=0 corpus=675 coverage=13522 exec total=123149 (208/min) pending=0 reproducing=0 
2026/07/30 04:27:30 candidates=0 corpus=675 coverage=13522 exec total=123154 (208/min) pending=0 reproducing=0 
2026/07/30 04:27:40 candidates=0 corpus=675 coverage=13522 exec total=123157 (207/min) pending=0 reproducing=0 
2026/07/30 04:27:50 candidates=0 corpus=675 coverage=13522 exec total=123185 (207/min) pending=0 reproducing=0 
2026/07/30 04:28:00 candidates=0 corpus=675 coverage=13522 exec total=123203 (207/min) pending=0 reproducing=0 
2026/07/30 04:28:10 candidates=0 corpus=675 coverage=13522 exec total=123208 (207/min) pending=0 reproducing=0 
2026/07/30 04:28:20 candidates=0 corpus=675 coverage=13522 exec total=123209 (207/min) pending=0 reproducing=0 
2026/07/30 04:28:30 candidates=0 corpus=675 coverage=13522 exec total=123220 (207/min) pending=0 reproducing=0 
2026/07/30 04:28:40 candidates=0 corpus=675 coverage=13522 exec total=123238 (207/min) pending=0 reproducing=0 
2026/07/30 04:28:50 candidates=0 corpus=675 coverage=13522 exec total=123241 (207/min) pending=0 reproducing=0 
2026/07/30 04:29:00 candidates=0 corpus=675 coverage=13522 exec total=123246 (207/min) pending=0 reproducing=0 
2026/07/30 04:29:10 candidates=0 corpus=675 coverage=13522 exec total=123279 (207/min) pending=0 reproducing=0 
2026/07/30 04:29:20 candidates=0 corpus=675 coverage=13522 exec total=123302 (207/min) pending=0 reproducing=0 
2026/07/30 04:29:30 candidates=0 corpus=675 coverage=13522 exec total=123308 (207/min) pending=0 reproducing=0 
2026/07/30 04:29:40 candidates=0 corpus=675 coverage=13522 exec total=123320 (207/min) pending=0 reproducing=0 
2026/07/30 04:29:50 candidates=0 corpus=675 coverage=13522 exec total=123323 (207/min) pending=0 reproducing=0 
2026/07/30 04:30:00 candidates=0 corpus=675 coverage=13522 exec total=123334 (207/min) pending=0 reproducing=0 
2026/07/30 04:30:10 candidates=0 corpus=675 coverage=13522 exec total=123361 (207/min) pending=0 reproducing=0 
2026/07/30 04:30:20 candidates=0 corpus=675 coverage=13522 exec total=123383 (207/min) pending=0 reproducing=0 
2026/07/30 04:30:30 candidates=0 corpus=675 coverage=13522 exec total=123387 (207/min) pending=0 reproducing=0 
2026/07/30 04:30:40 candidates=0 corpus=675 coverage=13522 exec total=123392 (207/min) pending=0 reproducing=0 
2026/07/30 04:30:50 candidates=0 corpus=675 coverage=13522 exec total=123402 (207/min) pending=0 reproducing=0 
2026/07/30 04:31:00 candidates=0 corpus=675 coverage=13522 exec total=123442 (207/min) pending=0 reproducing=0 
2026/07/30 04:31:10 candidates=0 corpus=675 coverage=13522 exec total=123444 (207/min) pending=0 reproducing=0 
2026/07/30 04:31:20 candidates=0 corpus=675 coverage=13522 exec total=123468 (207/min) pending=0 reproducing=0 
2026/07/30 04:31:30 candidates=0 corpus=675 coverage=13522 exec total=123470 (207/min) pending=0 reproducing=0 
2026/07/30 04:31:40 candidates=0 corpus=675 coverage=13522 exec total=123504 (207/min) pending=0 reproducing=0 
2026/07/30 04:31:50 candidates=0 corpus=675 coverage=13522 exec total=123509 (207/min) pending=0 reproducing=0 
2026/07/30 04:32:00 candidates=0 corpus=675 coverage=13522 exec total=123531 (207/min) pending=0 reproducing=0 
2026/07/30 04:32:10 candidates=0 corpus=675 coverage=13522 exec total=123573 (207/min) pending=0 reproducing=0 
2026/07/30 04:32:20 candidates=0 corpus=675 coverage=13522 exec total=123583 (207/min) pending=0 reproducing=0 
2026/07/30 04:32:30 candidates=0 corpus=675 coverage=13522 exec total=123589 (207/min) pending=0 reproducing=0 
2026/07/30 04:32:40 candidates=0 corpus=675 coverage=13522 exec total=123610 (206/min) pending=0 reproducing=0 
2026/07/30 04:32:50 candidates=0 corpus=675 coverage=13522 exec total=123612 (206/min) pending=0 reproducing=0 
2026/07/30 04:33:00 candidates=0 corpus=675 coverage=13522 exec total=123619 (206/min) pending=0 reproducing=0 
2026/07/30 04:33:10 candidates=0 corpus=675 coverage=13522 exec total=123631 (206/min) pending=0 reproducing=0 
2026/07/30 04:33:20 candidates=0 corpus=675 coverage=13522 exec total=123632 (206/min) pending=0 reproducing=0 
2026/07/30 04:33:30 candidates=0 corpus=675 coverage=13522 exec total=123635 (206/min) pending=0 reproducing=0 
2026/07/30 04:33:40 candidates=0 corpus=675 coverage=13522 exec total=123642 (206/min) pending=0 reproducing=0 
2026/07/30 04:33:50 candidates=0 corpus=675 coverage=13522 exec total=123656 (206/min) pending=0 reproducing=0 
2026/07/30 04:34:00 candidates=0 corpus=675 coverage=13522 exec total=123700 (206/min) pending=0 reproducing=0 
2026/07/30 04:34:10 candidates=0 corpus=675 coverage=13522 exec total=123701 (206/min) pending=0 reproducing=0 
2026/07/30 04:34:20 candidates=0 corpus=675 coverage=13522 exec total=123704 (206/min) pending=0 reproducing=0 
2026/07/30 04:34:30 candidates=0 corpus=675 coverage=13522 exec total=123722 (206/min) pending=0 reproducing=0 
2026/07/30 04:34:40 candidates=0 corpus=675 coverage=13522 exec total=123726 (206/min) pending=0 reproducing=0 
2026/07/30 04:34:50 candidates=0 corpus=675 coverage=13522 exec total=123727 (206/min) pending=0 reproducing=0 
2026/07/30 04:35:00 candidates=0 corpus=675 coverage=13522 exec total=123787 (206/min) pending=0 reproducing=0 
2026/07/30 04:35:10 candidates=0 corpus=675 coverage=13522 exec total=123804 (206/min) pending=0 reproducing=0 
2026/07/30 04:35:20 candidates=0 corpus=675 coverage=13522 exec total=123808 (206/min) pending=0 reproducing=0 
2026/07/30 04:35:30 candidates=0 corpus=675 coverage=13522 exec total=123814 (206/min) pending=0 reproducing=0 
2026/07/30 04:35:40 candidates=0 corpus=675 coverage=13522 exec total=123816 (206/min) pending=0 reproducing=0 
2026/07/30 04:35:50 candidates=0 corpus=675 coverage=13522 exec total=123825 (206/min) pending=0 reproducing=0 
2026/07/30 04:36:00 candidates=0 corpus=675 coverage=13522 exec total=123832 (206/min) pending=0 reproducing=0 
2026/07/30 04:36:10 candidates=0 corpus=675 coverage=13522 exec total=123842 (206/min) pending=0 reproducing=0 
2026/07/30 04:36:20 candidates=0 corpus=675 coverage=13522 exec total=123847 (206/min) pending=0 reproducing=0 
2026/07/30 04:36:30 candidates=0 corpus=675 coverage=13522 exec total=123882 (206/min) pending=0 reproducing=0 
2026/07/30 04:36:40 candidates=0 corpus=675 coverage=13522 exec total=123887 (206/min) pending=0 reproducing=0 
2026/07/30 04:36:50 candidates=0 corpus=675 coverage=13522 exec total=123894 (206/min) pending=0 reproducing=0 
2026/07/30 04:37:00 candidates=0 corpus=675 coverage=13522 exec total=123932 (206/min) pending=0 reproducing=0 
2026/07/30 04:37:10 candidates=0 corpus=675 coverage=13522 exec total=123934 (205/min) pending=0 reproducing=0 
2026/07/30 04:37:20 candidates=0 corpus=675 coverage=13522 exec total=123983 (206/min) pending=0 reproducing=0 
2026/07/30 04:37:30 candidates=0 corpus=675 coverage=13522 exec total=124012 (205/min) pending=0 reproducing=0 
2026/07/30 04:37:40 candidates=0 corpus=675 coverage=13522 exec total=124016 (205/min) pending=0 reproducing=0 
2026/07/30 04:37:50 candidates=0 corpus=675 coverage=13522 exec total=124048 (205/min) pending=0 reproducing=0 
2026/07/30 04:38:00 candidates=0 corpus=675 coverage=13522 exec total=124051 (205/min) pending=0 reproducing=0 
2026/07/30 04:38:10 candidates=0 corpus=675 coverage=13522 exec total=124057 (205/min) pending=0 reproducing=0 
2026/07/30 04:38:20 candidates=0 corpus=675 coverage=13522 exec total=124074 (205/min) pending=0 reproducing=0 
2026/07/30 04:38:30 candidates=0 corpus=675 coverage=13522 exec total=124075 (205/min) pending=0 reproducing=0 
2026/07/30 04:38:40 candidates=0 corpus=675 coverage=13522 exec total=124080 (205/min) pending=0 reproducing=0 
2026/07/30 04:38:50 candidates=0 corpus=675 coverage=13522 exec total=124084 (205/min) pending=0 reproducing=0 
2026/07/30 04:39:00 candidates=0 corpus=675 coverage=13522 exec total=124097 (205/min) pending=0 reproducing=0 
2026/07/30 04:39:10 candidates=0 corpus=675 coverage=13522 exec total=124101 (205/min) pending=0 reproducing=0 
2026/07/30 04:39:20 candidates=0 corpus=675 coverage=13522 exec total=124102 (205/min) pending=0 reproducing=0 
2026/07/30 04:39:30 candidates=0 corpus=675 coverage=13522 exec total=124115 (205/min) pending=0 reproducing=0 
2026/07/30 04:39:40 candidates=0 corpus=675 coverage=13522 exec total=124119 (205/min) pending=0 reproducing=0 
2026/07/30 04:39:50 candidates=0 corpus=675 coverage=13522 exec total=124129 (205/min) pending=0 reproducing=0 
2026/07/30 04:40:00 candidates=0 corpus=675 coverage=13522 exec total=124144 (205/min) pending=0 reproducing=0 
2026/07/30 04:40:10 candidates=0 corpus=675 coverage=13522 exec total=124171 (205/min) pending=0 reproducing=0 
2026/07/30 04:40:20 candidates=0 corpus=675 coverage=13522 exec total=124171 (205/min) pending=0 reproducing=0 
2026/07/30 04:40:30 candidates=0 corpus=675 coverage=13522 exec total=124173 (205/min) pending=0 reproducing=0 
2026/07/30 04:40:40 candidates=0 corpus=675 coverage=13522 exec total=124208 (205/min) pending=0 reproducing=0 
2026/07/30 04:40:50 candidates=0 corpus=675 coverage=13522 exec total=124276 (205/min) pending=0 reproducing=0 
2026/07/30 04:41:00 candidates=0 corpus=675 coverage=13522 exec total=124298 (205/min) pending=0 reproducing=0 
2026/07/30 04:41:10 candidates=0 corpus=675 coverage=13522 exec total=124319 (205/min) pending=0 reproducing=0 
2026/07/30 04:41:20 candidates=0 corpus=675 coverage=13522 exec total=124324 (205/min) pending=0 reproducing=0 
2026/07/30 04:41:30 candidates=0 corpus=675 coverage=13522 exec total=124327 (205/min) pending=0 reproducing=0 
2026/07/30 04:41:40 candidates=0 corpus=675 coverage=13522 exec total=124330 (205/min) pending=0 reproducing=0 
2026/07/30 04:41:50 candidates=0 corpus=675 coverage=13522 exec total=124350 (205/min) pending=0 reproducing=0 
2026/07/30 04:42:00 candidates=0 corpus=675 coverage=13522 exec total=124384 (205/min) pending=0 reproducing=0 
2026/07/30 04:42:10 candidates=0 corpus=675 coverage=13522 exec total=124398 (205/min) pending=0 reproducing=0 
2026/07/30 04:42:20 candidates=0 corpus=675 coverage=13522 exec total=124423 (205/min) pending=0 reproducing=0 
2026/07/30 04:42:30 candidates=0 corpus=675 coverage=13522 exec total=124442 (205/min) pending=0 reproducing=0 
2026/07/30 04:42:40 candidates=0 corpus=675 coverage=13522 exec total=124443 (204/min) pending=0 reproducing=0 
2026/07/30 04:42:50 candidates=0 corpus=675 coverage=13522 exec total=124444 (204/min) pending=0 reproducing=0 
2026/07/30 04:43:00 candidates=0 corpus=675 coverage=13522 exec total=124503 (204/min) pending=0 reproducing=0 
2026/07/30 04:43:10 candidates=0 corpus=675 coverage=13522 exec total=124506 (204/min) pending=0 reproducing=0 
2026/07/30 04:43:20 candidates=0 corpus=675 coverage=13522 exec total=124508 (204/min) pending=0 reproducing=0 
2026/07/30 04:43:30 candidates=0 corpus=675 coverage=13522 exec total=124529 (204/min) pending=0 reproducing=0 
2026/07/30 04:43:40 candidates=0 corpus=675 coverage=13522 exec total=124595 (204/min) pending=0 reproducing=0 
2026/07/30 04:43:50 candidates=0 corpus=675 coverage=13522 exec total=124599 (204/min) pending=0 reproducing=0 
2026/07/30 04:44:00 candidates=0 corpus=675 coverage=13522 exec total=124659 (204/min) pending=0 reproducing=0 
2026/07/30 04:44:10 candidates=0 corpus=675 coverage=13522 exec total=124661 (204/min) pending=0 reproducing=0 
2026/07/30 04:44:20 candidates=0 corpus=675 coverage=13522 exec total=124673 (204/min) pending=0 reproducing=0 
2026/07/30 04:44:30 candidates=0 corpus=675 coverage=13522 exec total=124676 (204/min) pending=0 reproducing=0 
2026/07/30 04:44:40 candidates=0 corpus=675 coverage=13522 exec total=124708 (204/min) pending=0 reproducing=0 
2026/07/30 04:44:50 candidates=0 corpus=675 coverage=13522 exec total=124716 (204/min) pending=0 reproducing=0 
2026/07/30 04:45:00 candidates=0 corpus=675 coverage=13522 exec total=124735 (204/min) pending=0 reproducing=0 
2026/07/30 04:45:10 candidates=0 corpus=675 coverage=13522 exec total=124797 (204/min) pending=0 reproducing=0 
2026/07/30 04:45:20 candidates=0 corpus=675 coverage=13522 exec total=124814 (204/min) pending=0 reproducing=0 
2026/07/30 04:45:30 candidates=0 corpus=675 coverage=13522 exec total=124838 (204/min) pending=0 reproducing=0 
2026/07/30 04:45:40 candidates=0 corpus=675 coverage=13522 exec total=124848 (204/min) pending=0 reproducing=0 
2026/07/30 04:45:50 candidates=0 corpus=675 coverage=13522 exec total=124851 (204/min) pending=0 reproducing=0 
2026/07/30 04:46:00 candidates=0 corpus=675 coverage=13522 exec total=124852 (204/min) pending=0 reproducing=0 
2026/07/30 04:46:10 candidates=0 corpus=675 coverage=13522 exec total=124860 (204/min) pending=0 reproducing=0 
2026/07/30 04:46:20 candidates=0 corpus=675 coverage=13522 exec total=124861 (204/min) pending=0 reproducing=0 
2026/07/30 04:46:30 candidates=0 corpus=675 coverage=13522 exec total=124869 (204/min) pending=0 reproducing=0 
2026/07/30 04:46:40 candidates=0 corpus=675 coverage=13522 exec total=124884 (204/min) pending=0 reproducing=0 
2026/07/30 04:46:50 candidates=0 corpus=675 coverage=13522 exec total=124888 (204/min) pending=0 reproducing=0 
2026/07/30 04:47:00 candidates=0 corpus=675 coverage=13522 exec total=124969 (204/min) pending=0 reproducing=0 
2026/07/30 04:47:10 candidates=0 corpus=675 coverage=13522 exec total=124975 (204/min) pending=0 reproducing=0 
2026/07/30 04:47:20 candidates=0 corpus=675 coverage=13522 exec total=124998 (204/min) pending=0 reproducing=0 
2026/07/30 04:47:30 candidates=0 corpus=675 coverage=13522 exec total=125009 (204/min) pending=0 reproducing=0 
2026/07/30 04:47:40 candidates=0 corpus=675 coverage=13522 exec total=125012 (204/min) pending=0 reproducing=0 
2026/07/30 04:47:50 candidates=0 corpus=675 coverage=13522 exec total=125029 (204/min) pending=0 reproducing=0 
2026/07/30 04:48:00 candidates=0 corpus=675 coverage=13522 exec total=125049 (204/min) pending=0 reproducing=0 
2026/07/30 04:48:10 candidates=0 corpus=675 coverage=13522 exec total=125060 (204/min) pending=0 reproducing=0 
2026/07/30 04:48:20 candidates=0 corpus=675 coverage=13522 exec total=125082 (204/min) pending=0 reproducing=0 
2026/07/30 04:48:30 candidates=0 corpus=675 coverage=13522 exec total=125098 (204/min) pending=0 reproducing=0 
2026/07/30 04:48:40 candidates=0 corpus=675 coverage=13522 exec total=125106 (204/min) pending=0 reproducing=0 
2026/07/30 04:48:50 candidates=0 corpus=675 coverage=13522 exec total=125113 (203/min) pending=0 reproducing=0 
2026/07/30 04:49:00 candidates=0 corpus=675 coverage=13522 exec total=125144 (203/min) pending=0 reproducing=0 
2026/07/30 04:49:10 candidates=0 corpus=675 coverage=13522 exec total=125148 (203/min) pending=0 reproducing=0 
2026/07/30 04:49:20 candidates=0 corpus=675 coverage=13522 exec total=125152 (203/min) pending=0 reproducing=0 
2026/07/30 04:49:30 candidates=0 corpus=675 coverage=13522 exec total=125170 (203/min) pending=0 reproducing=0 
2026/07/30 04:49:40 candidates=0 corpus=675 coverage=13522 exec total=125172 (203/min) pending=0 reproducing=0 
2026/07/30 04:49:50 candidates=0 corpus=675 coverage=13522 exec total=125201 (203/min) pending=0 reproducing=0 
2026/07/30 04:50:00 candidates=0 corpus=675 coverage=13522 exec total=125206 (203/min) pending=0 reproducing=0 
2026/07/30 04:50:10 candidates=0 corpus=675 coverage=13522 exec total=125218 (203/min) pending=0 reproducing=0 
2026/07/30 04:50:20 candidates=0 corpus=675 coverage=13522 exec total=125247 (203/min) pending=0 reproducing=0 
2026/07/30 04:50:30 candidates=0 corpus=675 coverage=13522 exec total=125256 (203/min) pending=0 reproducing=0 
2026/07/30 04:50:40 candidates=0 corpus=675 coverage=13522 exec total=125276 (203/min) pending=0 reproducing=0 
2026/07/30 04:50:50 candidates=0 corpus=675 coverage=13522 exec total=125296 (203/min) pending=0 reproducing=0 
2026/07/30 04:51:00 candidates=0 corpus=675 coverage=13522 exec total=125327 (203/min) pending=0 reproducing=0 
2026/07/30 04:51:10 candidates=0 corpus=675 coverage=13522 exec total=125372 (203/min) pending=0 reproducing=0 
2026/07/30 04:51:20 candidates=0 corpus=675 coverage=13522 exec total=125393 (203/min) pending=0 reproducing=0 
2026/07/30 04:51:30 candidates=0 corpus=675 coverage=13522 exec total=125396 (203/min) pending=0 reproducing=0 
2026/07/30 04:51:40 candidates=0 corpus=675 coverage=13522 exec total=125401 (203/min) pending=0 reproducing=0 
2026/07/30 04:51:50 candidates=0 corpus=675 coverage=13522 exec total=125424 (203/min) pending=0 reproducing=0 
2026/07/30 04:52:00 candidates=0 corpus=675 coverage=13522 exec total=125450 (203/min) pending=0 reproducing=0 
2026/07/30 04:52:10 candidates=0 corpus=675 coverage=13522 exec total=125454 (203/min) pending=0 reproducing=0 
2026/07/30 04:52:20 candidates=0 corpus=675 coverage=13522 exec total=125500 (203/min) pending=0 reproducing=0 
2026/07/30 04:52:30 candidates=0 corpus=675 coverage=13522 exec total=125520 (203/min) pending=0 reproducing=0 
2026/07/30 04:52:40 candidates=0 corpus=675 coverage=13522 exec total=125538 (203/min) pending=0 reproducing=0 
2026/07/30 04:52:50 candidates=0 corpus=675 coverage=13522 exec total=125579 (203/min) pending=0 reproducing=0 
2026/07/30 04:53:00 candidates=0 corpus=675 coverage=13522 exec total=125616 (203/min) pending=0 reproducing=0 
2026/07/30 04:53:10 candidates=0 corpus=675 coverage=13522 exec total=125620 (203/min) pending=0 reproducing=0 
2026/07/30 04:53:20 candidates=0 corpus=675 coverage=13522 exec total=125626 (203/min) pending=0 reproducing=0 
2026/07/30 04:53:30 candidates=0 corpus=675 coverage=13522 exec total=125636 (203/min) pending=0 reproducing=0 
2026/07/30 04:53:40 candidates=0 corpus=675 coverage=13522 exec total=125663 (203/min) pending=0 reproducing=0 
2026/07/30 04:53:50 candidates=0 corpus=675 coverage=13522 exec total=125671 (203/min) pending=0 reproducing=0 
2026/07/30 04:54:00 candidates=0 corpus=675 coverage=13522 exec total=125678 (203/min) pending=0 reproducing=0 
2026/07/30 04:54:10 candidates=0 corpus=675 coverage=13522 exec total=125689 (203/min) pending=0 reproducing=0 
2026/07/30 04:54:20 candidates=0 corpus=675 coverage=13522 exec total=125701 (203/min) pending=0 reproducing=0 
2026/07/30 04:54:30 candidates=0 corpus=675 coverage=13522 exec total=125708 (203/min) pending=0 reproducing=0 
2026/07/30 04:54:40 candidates=0 corpus=675 coverage=13522 exec total=125717 (203/min) pending=0 reproducing=0 
2026/07/30 04:54:50 candidates=0 corpus=675 coverage=13522 exec total=125748 (203/min) pending=0 reproducing=0 
2026/07/30 04:55:00 candidates=0 corpus=675 coverage=13522 exec total=125752 (202/min) pending=0 reproducing=0 
2026/07/30 04:55:10 candidates=0 corpus=675 coverage=13522 exec total=125753 (202/min) pending=0 reproducing=0 
2026/07/30 04:55:20 candidates=0 corpus=675 coverage=13522 exec total=125769 (202/min) pending=0 reproducing=0 
2026/07/30 04:55:30 candidates=0 corpus=675 coverage=13522 exec total=125781 (202/min) pending=0 reproducing=0 
2026/07/30 04:55:40 candidates=0 corpus=675 coverage=13522 exec total=125799 (202/min) pending=0 reproducing=0 
2026/07/30 04:55:50 candidates=0 corpus=675 coverage=13522 exec total=125805 (202/min) pending=0 reproducing=0 
2026/07/30 04:56:00 candidates=0 corpus=675 coverage=13522 exec total=125816 (202/min) pending=0 reproducing=0 
2026/07/30 04:56:10 candidates=0 corpus=675 coverage=13522 exec total=125827 (202/min) pending=0 reproducing=0 
2026/07/30 04:56:20 candidates=0 corpus=675 coverage=13522 exec total=125875 (202/min) pending=0 reproducing=0 
2026/07/30 04:56:30 candidates=0 corpus=675 coverage=13522 exec total=125881 (202/min) pending=0 reproducing=0 
2026/07/30 04:56:40 candidates=0 corpus=675 coverage=13522 exec total=125895 (202/min) pending=0 reproducing=0 
2026/07/30 04:56:50 candidates=0 corpus=675 coverage=13522 exec total=125911 (202/min) pending=0 reproducing=0 
2026/07/30 04:57:00 candidates=0 corpus=675 coverage=13522 exec total=125932 (202/min) pending=0 reproducing=0 
2026/07/30 04:57:10 candidates=0 corpus=675 coverage=13522 exec total=125938 (202/min) pending=0 reproducing=0 
2026/07/30 04:57:20 candidates=0 corpus=675 coverage=13522 exec total=125953 (202/min) pending=0 reproducing=0 
2026/07/30 04:57:30 candidates=0 corpus=675 coverage=13522 exec total=125957 (202/min) pending=0 reproducing=0 
2026/07/30 04:57:40 candidates=0 corpus=675 coverage=13522 exec total=125962 (202/min) pending=0 reproducing=0 
2026/07/30 04:57:50 candidates=0 corpus=675 coverage=13522 exec total=125997 (202/min) pending=0 reproducing=0 
2026/07/30 04:58:00 candidates=0 corpus=675 coverage=13522 exec total=125999 (202/min) pending=0 reproducing=0 
2026/07/30 04:58:10 candidates=0 corpus=675 coverage=13522 exec total=126026 (202/min) pending=0 reproducing=0 
2026/07/30 04:58:20 candidates=0 corpus=675 coverage=13522 exec total=126047 (202/min) pending=0 reproducing=0 
2026/07/30 04:58:30 candidates=0 corpus=675 coverage=13522 exec total=126057 (202/min) pending=0 reproducing=0 
2026/07/30 04:58:40 candidates=0 corpus=675 coverage=13522 exec total=126117 (202/min) pending=0 reproducing=0 
2026/07/30 04:58:50 candidates=0 corpus=675 coverage=13522 exec total=126162 (202/min) pending=0 reproducing=0 
2026/07/30 04:59:00 candidates=0 corpus=675 coverage=13522 exec total=126169 (202/min) pending=0 reproducing=0 
2026/07/30 04:59:06 VM 1: crash: lost connection to test machine
2026/07/30 04:59:06 start reproducing 'lost connection to test machine'
2026/07/30 04:59:06 VM 0: running for 1h5m6.049251988s, restarting
2026/07/30 04:59:10 candidates=0 corpus=675 coverage=13522 exec total=126188 (202/min) pending=0 reproducing=1 
2026/07/30 04:59:20 candidates=0 corpus=675 coverage=13522 exec total=126188 (202/min) pending=0 reproducing=1 
2026/07/30 04:59:30 candidates=0 corpus=675 coverage=13522 exec total=126188 (202/min) pending=0 reproducing=1 
2026/07/30 04:59:40 candidates=0 corpus=675 coverage=13522 exec total=126188 (202/min) pending=0 reproducing=1 
2026/07/30 04:59:50 candidates=0 corpus=675 coverage=13522 exec total=126188 (202/min) pending=0 reproducing=1 
2026/07/30 05:00:00 candidates=0 corpus=675 coverage=13522 exec total=126188 (202/min) pending=0 reproducing=1 
2026/07/30 05:00:10 candidates=0 corpus=675 coverage=13522 exec total=126188 (202/min) pending=0 reproducing=1 
2026/07/30 05:00:20 candidates=0 corpus=675 coverage=13522 exec total=126188 (201/min) pending=0 reproducing=1 
2026/07/30 05:00:30 candidates=0 corpus=675 coverage=13522 exec total=126188 (201/min) pending=0 reproducing=1 
2026/07/30 05:00:40 candidates=0 corpus=675 coverage=13522 exec total=126188 (201/min) pending=0 reproducing=1 
2026/07/30 05:00:50 candidates=0 corpus=675 coverage=13522 exec total=126188 (201/min) pending=0 reproducing=1 
2026/07/30 05:01:00 candidates=0 corpus=675 coverage=13522 exec total=126188 (201/min) pending=0 reproducing=1 
2026/07/30 05:01:10 candidates=0 corpus=675 coverage=13522 exec total=126188 (201/min) pending=0 reproducing=1 
2026/07/30 05:01:20 candidates=0 corpus=675 coverage=13522 exec total=126188 (201/min) pending=0 reproducing=1 
2026/07/30 05:01:30 candidates=0 corpus=675 coverage=13522 exec total=126188 (201/min) pending=0 reproducing=1 
2026/07/30 05:01:40 candidates=0 corpus=675 coverage=13522 exec total=126188 (201/min) pending=0 reproducing=1 
2026/07/30 05:01:50 candidates=0 corpus=675 coverage=13522 exec total=126188 (201/min) pending=0 reproducing=1 
2026/07/30 05:02:00 candidates=0 corpus=675 coverage=13522 exec total=126188 (201/min) pending=0 reproducing=1 
2026/07/30 05:02:10 candidates=0 corpus=675 coverage=13522 exec total=126188 (201/min) pending=0 reproducing=1 
2026/07/30 05:02:20 candidates=0 corpus=675 coverage=13522 exec total=126188 (201/min) pending=0 reproducing=1 
2026/07/30 05:02:30 candidates=0 corpus=675 coverage=13522 exec total=126188 (201/min) pending=0 reproducing=1 
2026/07/30 05:02:40 candidates=0 corpus=675 coverage=13522 exec total=126188 (201/min) pending=0 reproducing=1 
2026/07/30 05:02:50 candidates=0 corpus=675 coverage=13522 exec total=126188 (201/min) pending=0 reproducing=1 
2026/07/30 05:03:00 candidates=0 corpus=675 coverage=13522 exec total=126188 (201/min) pending=0 reproducing=1 
2026/07/30 05:03:10 candidates=0 corpus=675 coverage=13522 exec total=126188 (201/min) pending=0 reproducing=1 
2026/07/30 05:03:20 candidates=0 corpus=675 coverage=13522 exec total=126188 (200/min) pending=0 reproducing=1 
2026/07/30 05:03:30 candidates=0 corpus=675 coverage=13522 exec total=126188 (200/min) pending=0 reproducing=1 
2026/07/30 05:03:40 candidates=0 corpus=675 coverage=13522 exec total=126188 (200/min) pending=0 reproducing=1 
2026/07/30 05:03:50 candidates=0 corpus=675 coverage=13522 exec total=126188 (200/min) pending=0 reproducing=1 
2026/07/30 05:04:00 candidates=0 corpus=675 coverage=13522 exec total=126188 (200/min) pending=0 reproducing=1 
2026/07/30 05:04:10 candidates=0 corpus=675 coverage=13522 exec total=126188 (200/min) pending=0 reproducing=1 
2026/07/30 05:04:20 candidates=0 corpus=675 coverage=13522 exec total=126188 (200/min) pending=0 reproducing=1 
2026/07/30 05:04:30 candidates=0 corpus=675 coverage=13522 exec total=126188 (200/min) pending=0 reproducing=1 
2026/07/30 05:04:40 candidates=0 corpus=675 coverage=13522 exec total=126188 (200/min) pending=0 reproducing=1 
2026/07/30 05:04:50 candidates=0 corpus=675 coverage=13522 exec total=126188 (200/min) pending=0 reproducing=1 
2026/07/30 05:05:00 candidates=0 corpus=675 coverage=13522 exec total=126188 (200/min) pending=0 reproducing=1 
2026/07/30 05:05:10 candidates=0 corpus=675 coverage=13522 exec total=126188 (200/min) pending=0 reproducing=1 
2026/07/30 05:05:20 candidates=0 corpus=675 coverage=13522 exec total=126188 (200/min) pending=0 reproducing=1 
2026/07/30 05:05:30 candidates=0 corpus=675 coverage=13522 exec total=126188 (200/min) pending=0 reproducing=1 
2026/07/30 05:05:40 candidates=0 corpus=675 coverage=13522 exec total=126188 (200/min) pending=0 reproducing=1 
2026/07/30 05:05:50 candidates=0 corpus=675 coverage=13522 exec total=126188 (200/min) pending=0 reproducing=1 
2026/07/30 05:06:00 candidates=0 corpus=675 coverage=13522 exec total=126188 (200/min) pending=0 reproducing=1 
2026/07/30 05:06:10 candidates=0 corpus=675 coverage=13522 exec total=126188 (200/min) pending=0 reproducing=1 
2026/07/30 05:06:20 candidates=0 corpus=675 coverage=13522 exec total=126188 (200/min) pending=0 reproducing=1 
2026/07/30 05:06:24 scp failed: failed to run ["scp" "-P" "22" "-F" "/dev/null" "-o" "UserKnownHostsFile=/dev/null" "-o" "IdentitiesOnly=yes" "-o" "BatchMode=yes" "-o" "StrictHostKeyChecking=no" "-o" "ConnectTimeout=10" "-o" "LogLevel=ERROR" "-i" "/home/jose/.ssh/id_ed25519" "-O" "/home/jose/syzkaller-pkvm/bin/linux_arm64/syz-execprog" "root@10.42.27.18:/root/syzkaller-fuzz/syz-execprog"]: exit status 1
scp: /root/syzkaller-fuzz/syz-execprog: Text file busy
2026/07/30 05:06:30 candidates=0 corpus=675 coverage=13522 exec total=126188 (199/min) pending=0 reproducing=1 
2026/07/30 05:06:40 candidates=0 corpus=675 coverage=13522 exec total=126188 (199/min) pending=0 reproducing=1 
2026/07/30 05:06:50 candidates=0 corpus=675 coverage=13522 exec total=126188 (199/min) pending=0 reproducing=1 
2026/07/30 05:07:00 candidates=0 corpus=675 coverage=13522 exec total=126188 (199/min) pending=0 reproducing=1 
2026/07/30 05:07:10 candidates=0 corpus=675 coverage=13522 exec total=126188 (199/min) pending=0 reproducing=1 
2026/07/30 05:07:20 candidates=0 corpus=675 coverage=13522 exec total=126188 (199/min) pending=0 reproducing=1 
2026/07/30 05:07:30 candidates=0 corpus=675 coverage=13522 exec total=126188 (199/min) pending=0 reproducing=1 
2026/07/30 05:07:40 candidates=0 corpus=675 coverage=13522 exec total=126188 (199/min) pending=0 reproducing=1 
2026/07/30 05:07:50 candidates=0 corpus=675 coverage=13522 exec total=126188 (199/min) pending=0 reproducing=1 
2026/07/30 05:08:00 candidates=0 corpus=675 coverage=13522 exec total=126188 (199/min) pending=0 reproducing=1 
2026/07/30 05:08:10 candidates=0 corpus=675 coverage=13522 exec total=126188 (199/min) pending=0 reproducing=1 
2026/07/30 05:08:20 candidates=0 corpus=675 coverage=13522 exec total=126188 (199/min) pending=0 reproducing=1 
2026/07/30 05:08:30 candidates=0 corpus=675 coverage=13522 exec total=126188 (199/min) pending=0 reproducing=1 
2026/07/30 05:08:40 candidates=0 corpus=675 coverage=13522 exec total=126188 (199/min) pending=0 reproducing=1 
2026/07/30 05:08:50 candidates=0 corpus=675 coverage=13522 exec total=126188 (199/min) pending=0 reproducing=1 
2026/07/30 05:09:00 candidates=0 corpus=675 coverage=13522 exec total=126188 (199/min) pending=0 reproducing=1 
2026/07/30 05:09:10 candidates=0 corpus=675 coverage=13522 exec total=126188 (199/min) pending=0 reproducing=1 
2026/07/30 05:09:20 candidates=0 corpus=675 coverage=13522 exec total=126188 (199/min) pending=0 reproducing=1 
2026/07/30 05:09:30 candidates=0 corpus=675 coverage=13522 exec total=126188 (199/min) pending=0 reproducing=1 
2026/07/30 05:09:40 candidates=0 corpus=675 coverage=13522 exec total=126188 (198/min) pending=0 reproducing=1 
2026/07/30 05:09:50 candidates=0 corpus=675 coverage=13522 exec total=126188 (198/min) pending=0 reproducing=1 
2026/07/30 05:10:00 candidates=0 corpus=675 coverage=13522 exec total=126188 (198/min) pending=0 reproducing=1 
2026/07/30 05:10:10 candidates=0 corpus=675 coverage=13522 exec total=126188 (198/min) pending=0 reproducing=1 
2026/07/30 05:10:20 candidates=0 corpus=675 coverage=13522 exec total=126188 (198/min) pending=0 reproducing=1 
2026/07/30 05:10:30 candidates=0 corpus=675 coverage=13522 exec total=126188 (198/min) pending=0 reproducing=1 
2026/07/30 05:10:40 candidates=0 corpus=675 coverage=13522 exec total=126188 (198/min) pending=0 reproducing=1 
2026/07/30 05:10:50 candidates=0 corpus=675 coverage=13522 exec total=126188 (198/min) pending=0 reproducing=1 
2026/07/30 05:11:00 candidates=0 corpus=675 coverage=13522 exec total=126188 (198/min) pending=0 reproducing=1 
2026/07/30 05:11:10 candidates=0 corpus=675 coverage=13522 exec total=126188 (198/min) pending=0 reproducing=1 
2026/07/30 05:11:20 candidates=0 corpus=675 coverage=13522 exec total=126188 (198/min) pending=0 reproducing=1 
2026/07/30 05:11:30 candidates=0 corpus=675 coverage=13522 exec total=126188 (198/min) pending=0 reproducing=1 
2026/07/30 05:11:40 candidates=0 corpus=675 coverage=13522 exec total=126188 (198/min) pending=0 reproducing=1 
2026/07/30 05:11:50 candidates=0 corpus=675 coverage=13522 exec total=126188 (198/min) pending=0 reproducing=1 
2026/07/30 05:12:00 candidates=0 corpus=675 coverage=13522 exec total=126188 (198/min) pending=0 reproducing=1 
2026/07/30 05:12:10 candidates=0 corpus=675 coverage=13522 exec total=126188 (198/min) pending=0 reproducing=1 
2026/07/30 05:12:20 candidates=0 corpus=675 coverage=13522 exec total=126188 (198/min) pending=0 reproducing=1 
2026/07/30 05:12:30 candidates=0 corpus=675 coverage=13522 exec total=126188 (198/min) pending=0 reproducing=1 
2026/07/30 05:12:40 candidates=0 corpus=675 coverage=13522 exec total=126188 (198/min) pending=0 reproducing=1 
2026/07/30 05:12:50 candidates=0 corpus=675 coverage=13522 exec total=126188 (197/min) pending=0 reproducing=1 
2026/07/30 05:13:00 candidates=0 corpus=675 coverage=13522 exec total=126188 (197/min) pending=0 reproducing=1 
2026/07/30 05:13:10 candidates=0 corpus=675 coverage=13522 exec total=126188 (197/min) pending=0 reproducing=1 
2026/07/30 05:13:20 candidates=0 corpus=675 coverage=13522 exec total=126188 (197/min) pending=0 reproducing=1 
2026/07/30 05:13:30 candidates=0 corpus=675 coverage=13522 exec total=126188 (197/min) pending=0 reproducing=1 
2026/07/30 05:13:40 candidates=0 corpus=675 coverage=13522 exec total=126188 (197/min) pending=0 reproducing=1 
2026/07/30 05:13:50 candidates=0 corpus=675 coverage=13522 exec total=126188 (197/min) pending=0 reproducing=1 
2026/07/30 05:14:00 candidates=0 corpus=675 coverage=13522 exec total=126188 (197/min) pending=0 reproducing=1 
2026/07/30 05:14:04 scp failed: failed to run ["scp" "-P" "22" "-F" "/dev/null" "-o" "UserKnownHostsFile=/dev/null" "-o" "IdentitiesOnly=yes" "-o" "BatchMode=yes" "-o" "StrictHostKeyChecking=no" "-o" "ConnectTimeout=10" "-o" "LogLevel=ERROR" "-i" "/home/jose/.ssh/id_ed25519" "-O" "/home/jose/syzkaller-pkvm/bin/linux_arm64/syz-execprog" "root@10.42.27.18:/root/syzkaller-fuzz/syz-execprog"]: exit status 1
scp: /root/syzkaller-fuzz/syz-execprog: Text file busy
2026/07/30 05:14:10 candidates=0 corpus=675 coverage=13522 exec total=126188 (197/min) pending=0 reproducing=1 
2026/07/30 05:14:20 candidates=0 corpus=675 coverage=13522 exec total=126188 (197/min) pending=0 reproducing=1 
2026/07/30 05:14:30 candidates=0 corpus=675 coverage=13522 exec total=126188 (197/min) pending=0 reproducing=1 
2026/07/30 05:14:40 candidates=0 corpus=675 coverage=13522 exec total=126188 (197/min) pending=0 reproducing=1 
2026/07/30 05:14:50 candidates=0 corpus=675 coverage=13522 exec total=126188 (197/min) pending=0 reproducing=1 
2026/07/30 05:15:00 candidates=0 corpus=675 coverage=13522 exec total=126188 (197/min) pending=0 reproducing=1 
2026/07/30 05:15:10 candidates=0 corpus=675 coverage=13522 exec total=126188 (197/min) pending=0 reproducing=1 
2026/07/30 05:15:20 candidates=0 corpus=675 coverage=13522 exec total=126188 (197/min) pending=0 reproducing=1 
2026/07/30 05:15:30 candidates=0 corpus=675 coverage=13522 exec total=126188 (197/min) pending=0 reproducing=1 
2026/07/30 05:15:40 candidates=0 corpus=675 coverage=13522 exec total=126188 (197/min) pending=0 reproducing=1 
2026/07/30 05:15:50 candidates=0 corpus=675 coverage=13522 exec total=126188 (197/min) pending=0 reproducing=1 
2026/07/30 05:16:00 candidates=0 corpus=675 coverage=13522 exec total=126188 (197/min) pending=0 reproducing=1 
2026/07/30 05:16:10 candidates=0 corpus=675 coverage=13522 exec total=126188 (196/min) pending=0 reproducing=1 
2026/07/30 05:16:20 candidates=0 corpus=675 coverage=13522 exec total=126188 (196/min) pending=0 reproducing=1 
2026/07/30 05:16:30 candidates=0 corpus=675 coverage=13522 exec total=126188 (196/min) pending=0 reproducing=1 
2026/07/30 05:16:40 candidates=0 corpus=675 coverage=13522 exec total=126188 (196/min) pending=0 reproducing=1 
2026/07/30 05:16:50 candidates=0 corpus=675 coverage=13522 exec total=126188 (196/min) pending=0 reproducing=1 
2026/07/30 05:17:00 candidates=0 corpus=675 coverage=13522 exec total=126188 (196/min) pending=0 reproducing=1 
2026/07/30 05:17:10 candidates=0 corpus=675 coverage=13522 exec total=126188 (196/min) pending=0 reproducing=1 
2026/07/30 05:17:20 candidates=0 corpus=675 coverage=13522 exec total=126188 (196/min) pending=0 reproducing=1 
2026/07/30 05:17:30 candidates=0 corpus=675 coverage=13522 exec total=126188 (196/min) pending=0 reproducing=1 
2026/07/30 05:17:40 candidates=0 corpus=675 coverage=13522 exec total=126188 (196/min) pending=0 reproducing=1 
2026/07/30 05:17:50 candidates=0 corpus=675 coverage=13522 exec total=126188 (196/min) pending=0 reproducing=1 
2026/07/30 05:18:00 candidates=0 corpus=675 coverage=13522 exec total=126188 (196/min) pending=0 reproducing=1 
2026/07/30 05:18:10 candidates=0 corpus=675 coverage=13522 exec total=126188 (196/min) pending=0 reproducing=1 
2026/07/30 05:18:20 candidates=0 corpus=675 coverage=13522 exec total=126188 (196/min) pending=0 reproducing=1 
2026/07/30 05:18:30 candidates=0 corpus=675 coverage=13522 exec total=126188 (196/min) pending=0 reproducing=1 
2026/07/30 05:18:40 candidates=0 corpus=675 coverage=13522 exec total=126188 (196/min) pending=0 reproducing=1 
2026/07/30 05:18:50 candidates=0 corpus=675 coverage=13522 exec total=126188 (196/min) pending=0 reproducing=1 
2026/07/30 05:19:00 candidates=0 corpus=675 coverage=13522 exec total=126188 (196/min) pending=0 reproducing=1 
2026/07/30 05:19:10 candidates=0 corpus=675 coverage=13522 exec total=126188 (196/min) pending=0 reproducing=1 
2026/07/30 05:19:20 candidates=0 corpus=675 coverage=13522 exec total=126188 (195/min) pending=0 reproducing=1 
2026/07/30 05:19:30 candidates=0 corpus=675 coverage=13522 exec total=126188 (195/min) pending=0 reproducing=1 
2026/07/30 05:19:40 candidates=0 corpus=675 coverage=13522 exec total=126188 (195/min) pending=0 reproducing=1 
2026/07/30 05:19:50 candidates=0 corpus=675 coverage=13522 exec total=126188 (195/min) pending=0 reproducing=1 
2026/07/30 05:20:00 candidates=0 corpus=675 coverage=13522 exec total=126188 (195/min) pending=0 reproducing=1 
2026/07/30 05:20:10 candidates=0 corpus=675 coverage=13522 exec total=126188 (195/min) pending=0 reproducing=1 
2026/07/30 05:20:20 candidates=0 corpus=675 coverage=13522 exec total=126188 (195/min) pending=0 reproducing=1 
2026/07/30 05:20:30 candidates=0 corpus=675 coverage=13522 exec total=126188 (195/min) pending=0 reproducing=1 
2026/07/30 05:20:40 candidates=0 corpus=675 coverage=13522 exec total=126188 (195/min) pending=0 reproducing=1 
2026/07/30 05:20:50 candidates=0 corpus=675 coverage=13522 exec total=126188 (195/min) pending=0 reproducing=1 
2026/07/30 05:21:00 candidates=0 corpus=675 coverage=13522 exec total=126188 (195/min) pending=0 reproducing=1 
2026/07/30 05:21:10 candidates=0 corpus=675 coverage=13522 exec total=126188 (195/min) pending=0 reproducing=1 
2026/07/30 05:21:20 candidates=0 corpus=675 coverage=13522 exec total=126188 (195/min) pending=0 reproducing=1 
2026/07/30 05:21:30 candidates=0 corpus=675 coverage=13522 exec total=126188 (195/min) pending=0 reproducing=1 
2026/07/30 05:21:40 candidates=0 corpus=675 coverage=13522 exec total=126188 (195/min) pending=0 reproducing=1 
2026/07/30 05:21:50 candidates=0 corpus=675 coverage=13522 exec total=126188 (195/min) pending=0 reproducing=1 
2026/07/30 05:22:00 candidates=0 corpus=675 coverage=13522 exec total=126188 (195/min) pending=0 reproducing=1 
2026/07/30 05:22:10 candidates=0 corpus=675 coverage=13522 exec total=126188 (195/min) pending=0 reproducing=1 
2026/07/30 05:22:20 candidates=0 corpus=675 coverage=13522 exec total=126188 (195/min) pending=0 reproducing=1 
2026/07/30 05:22:30 candidates=0 corpus=675 coverage=13522 exec total=126188 (195/min) pending=0 reproducing=1 
2026/07/30 05:22:40 candidates=0 corpus=675 coverage=13522 exec total=126188 (194/min) pending=0 reproducing=1 
2026/07/30 05:22:50 candidates=0 corpus=675 coverage=13522 exec total=126188 (194/min) pending=0 reproducing=1 
2026/07/30 05:23:00 candidates=0 corpus=675 coverage=13522 exec total=126188 (194/min) pending=0 reproducing=1 
2026/07/30 05:23:10 candidates=0 corpus=675 coverage=13522 exec total=126188 (194/min) pending=0 reproducing=1 
2026/07/30 05:23:20 candidates=0 corpus=675 coverage=13522 exec total=126188 (194/min) pending=0 reproducing=1 
2026/07/30 05:23:30 candidates=0 corpus=675 coverage=13522 exec total=126188 (194/min) pending=0 reproducing=1 
2026/07/30 05:23:40 candidates=0 corpus=675 coverage=13522 exec total=126188 (194/min) pending=0 reproducing=1 
2026/07/30 05:23:50 candidates=0 corpus=675 coverage=13522 exec total=126188 (194/min) pending=0 reproducing=1 
2026/07/30 05:24:00 candidates=0 corpus=675 coverage=13522 exec total=126188 (194/min) pending=0 reproducing=1 
2026/07/30 05:24:10 candidates=0 corpus=675 coverage=13522 exec total=126188 (194/min) pending=0 reproducing=1 
2026/07/30 05:24:20 candidates=0 corpus=675 coverage=13522 exec total=126188 (194/min) pending=0 reproducing=1 
2026/07/30 05:24:30 candidates=0 corpus=675 coverage=13522 exec total=126188 (194/min) pending=0 reproducing=1 
2026/07/30 05:24:40 candidates=0 corpus=675 coverage=13522 exec total=126188 (194/min) pending=0 reproducing=1 
2026/07/30 05:24:50 candidates=0 corpus=675 coverage=13522 exec total=126188 (194/min) pending=0 reproducing=1 
2026/07/30 05:25:00 candidates=0 corpus=675 coverage=13522 exec total=126188 (194/min) pending=0 reproducing=1 
2026/07/30 05:25:10 candidates=0 corpus=675 coverage=13522 exec total=126188 (194/min) pending=0 reproducing=1 
2026/07/30 05:25:20 candidates=0 corpus=675 coverage=13522 exec total=126188 (194/min) pending=0 reproducing=1 
2026/07/30 05:25:30 candidates=0 corpus=675 coverage=13522 exec total=126188 (194/min) pending=0 reproducing=1 
2026/07/30 05:25:40 candidates=0 corpus=675 coverage=13522 exec total=126188 (194/min) pending=0 reproducing=1 
2026/07/30 05:25:50 candidates=0 corpus=675 coverage=13522 exec total=126188 (194/min) pending=0 reproducing=1 
2026/07/30 05:26:00 candidates=0 corpus=675 coverage=13522 exec total=126188 (193/min) pending=0 reproducing=1 
2026/07/30 05:26:10 candidates=0 corpus=675 coverage=13522 exec total=126188 (193/min) pending=0 reproducing=1 
2026/07/30 05:26:20 candidates=0 corpus=675 coverage=13522 exec total=126188 (193/min) pending=0 reproducing=1 
2026/07/30 05:26:30 candidates=0 corpus=675 coverage=13522 exec total=126188 (193/min) pending=0 reproducing=1 
2026/07/30 05:26:40 candidates=0 corpus=675 coverage=13522 exec total=126188 (193/min) pending=0 reproducing=1 
2026/07/30 05:26:50 candidates=0 corpus=675 coverage=13522 exec total=126188 (193/min) pending=0 reproducing=1 
2026/07/30 05:27:00 candidates=0 corpus=675 coverage=13522 exec total=126188 (193/min) pending=0 reproducing=1 
2026/07/30 05:27:10 candidates=0 corpus=675 coverage=13522 exec total=126188 (193/min) pending=0 reproducing=1 
2026/07/30 05:27:20 candidates=0 corpus=675 coverage=13522 exec total=126188 (193/min) pending=0 reproducing=1 
2026/07/30 05:27:30 candidates=0 corpus=675 coverage=13522 exec total=126188 (193/min) pending=0 reproducing=1 
2026/07/30 05:27:40 candidates=0 corpus=675 coverage=13522 exec total=126188 (193/min) pending=0 reproducing=1 
2026/07/30 05:27:50 candidates=0 corpus=675 coverage=13522 exec total=126188 (193/min) pending=0 reproducing=1 
2026/07/30 05:28:00 candidates=0 corpus=675 coverage=13522 exec total=126188 (193/min) pending=0 reproducing=1 
2026/07/30 05:28:10 candidates=0 corpus=675 coverage=13522 exec total=126188 (193/min) pending=0 reproducing=1 
2026/07/30 05:28:20 candidates=0 corpus=675 coverage=13522 exec total=126188 (193/min) pending=0 reproducing=1 
2026/07/30 05:28:30 candidates=0 corpus=675 coverage=13522 exec total=126188 (193/min) pending=0 reproducing=1 
2026/07/30 05:28:40 candidates=0 corpus=675 coverage=13522 exec total=126188 (193/min) pending=0 reproducing=1 
2026/07/30 05:28:50 candidates=0 corpus=675 coverage=13522 exec total=126188 (193/min) pending=0 reproducing=1 
2026/07/30 05:29:00 candidates=0 corpus=675 coverage=13522 exec total=126188 (193/min) pending=0 reproducing=1 
2026/07/30 05:29:10 candidates=0 corpus=675 coverage=13522 exec total=126188 (193/min) pending=0 reproducing=1 
2026/07/30 05:29:20 candidates=0 corpus=675 coverage=13522 exec total=126188 (192/min) pending=0 reproducing=1 
2026/07/30 05:29:30 candidates=0 corpus=675 coverage=13522 exec total=126188 (192/min) pending=0 reproducing=1 
2026/07/30 05:29:40 candidates=0 corpus=675 coverage=13522 exec total=126188 (192/min) pending=0 reproducing=1 
2026/07/30 05:29:50 candidates=0 corpus=675 coverage=13522 exec total=126188 (192/min) pending=0 reproducing=1 
2026/07/30 05:30:00 candidates=0 corpus=675 coverage=13522 exec total=126188 (192/min) pending=0 reproducing=1 
2026/07/30 05:30:10 candidates=0 corpus=675 coverage=13522 exec total=126188 (192/min) pending=0 reproducing=1 
2026/07/30 05:30:20 candidates=0 corpus=675 coverage=13522 exec total=126188 (192/min) pending=0 reproducing=1 
2026/07/30 05:30:30 candidates=0 corpus=675 coverage=13522 exec total=126188 (192/min) pending=0 reproducing=1 
2026/07/30 05:30:40 candidates=0 corpus=675 coverage=13522 exec total=126188 (192/min) pending=0 reproducing=1 
2026/07/30 05:30:50 candidates=0 corpus=675 coverage=13522 exec total=126188 (192/min) pending=0 reproducing=1 
2026/07/30 05:31:00 candidates=0 corpus=675 coverage=13522 exec total=126188 (192/min) pending=0 reproducing=1 
2026/07/30 05:31:10 candidates=0 corpus=675 coverage=13522 exec total=126188 (192/min) pending=0 reproducing=1 
2026/07/30 05:31:20 candidates=0 corpus=675 coverage=13522 exec total=126188 (192/min) pending=0 reproducing=1 
2026/07/30 05:31:30 candidates=0 corpus=675 coverage=13522 exec total=126188 (192/min) pending=0 reproducing=1 
2026/07/30 05:31:40 candidates=0 corpus=675 coverage=13522 exec total=126188 (192/min) pending=0 reproducing=1 
2026/07/30 05:31:50 candidates=0 corpus=675 coverage=13522 exec total=126188 (192/min) pending=0 reproducing=1 
2026/07/30 05:32:00 candidates=0 corpus=675 coverage=13522 exec total=126188 (192/min) pending=0 reproducing=1 
2026/07/30 05:32:10 candidates=0 corpus=675 coverage=13522 exec total=126188 (192/min) pending=0 reproducing=1 
2026/07/30 05:32:20 candidates=0 corpus=675 coverage=13522 exec total=126188 (192/min) pending=0 reproducing=1 
2026/07/30 05:32:30 candidates=0 corpus=675 coverage=13522 exec total=126188 (192/min) pending=0 reproducing=1 
2026/07/30 05:32:40 candidates=0 corpus=675 coverage=13522 exec total=126188 (192/min) pending=0 reproducing=1 
2026/07/30 05:32:50 candidates=0 corpus=675 coverage=13522 exec total=126188 (191/min) pending=0 reproducing=1 
2026/07/30 05:33:00 candidates=0 corpus=675 coverage=13522 exec total=126188 (191/min) pending=0 reproducing=1 
2026/07/30 05:33:10 candidates=0 corpus=675 coverage=13522 exec total=126188 (191/min) pending=0 reproducing=1 
2026/07/30 05:33:20 candidates=0 corpus=675 coverage=13522 exec total=126188 (191/min) pending=0 reproducing=1 
2026/07/30 05:33:30 candidates=0 corpus=675 coverage=13522 exec total=126188 (191/min) pending=0 reproducing=1 
2026/07/30 05:33:40 candidates=0 corpus=675 coverage=13522 exec total=126188 (191/min) pending=0 reproducing=1 
2026/07/30 05:33:50 candidates=0 corpus=675 coverage=13522 exec total=126188 (191/min) pending=0 reproducing=1 
2026/07/30 05:34:00 candidates=0 corpus=675 coverage=13522 exec total=126188 (191/min) pending=0 reproducing=1 
2026/07/30 05:34:10 candidates=0 corpus=675 coverage=13522 exec total=126188 (191/min) pending=0 reproducing=1 
2026/07/30 05:34:20 candidates=0 corpus=675 coverage=13522 exec total=126188 (191/min) pending=0 reproducing=1 
2026/07/30 05:34:30 candidates=0 corpus=675 coverage=13522 exec total=126188 (191/min) pending=0 reproducing=1 
2026/07/30 05:34:40 candidates=0 corpus=675 coverage=13522 exec total=126188 (191/min) pending=0 reproducing=1 
2026/07/30 05:34:50 candidates=0 corpus=675 coverage=13522 exec total=126188 (191/min) pending=0 reproducing=1 
2026/07/30 05:35:00 candidates=0 corpus=675 coverage=13522 exec total=126188 (191/min) pending=0 reproducing=1 
2026/07/30 05:35:10 candidates=0 corpus=675 coverage=13522 exec total=126188 (191/min) pending=0 reproducing=1 
2026/07/30 05:35:20 candidates=0 corpus=675 coverage=13522 exec total=126188 (191/min) pending=0 reproducing=1 
2026/07/30 05:35:30 candidates=0 corpus=675 coverage=13522 exec total=126188 (191/min) pending=0 reproducing=1 
2026/07/30 05:35:40 candidates=0 corpus=675 coverage=13522 exec total=126188 (191/min) pending=0 reproducing=1 
2026/07/30 05:35:50 candidates=0 corpus=675 coverage=13522 exec total=126188 (191/min) pending=0 reproducing=1 
2026/07/30 05:36:00 candidates=0 corpus=675 coverage=13522 exec total=126188 (191/min) pending=0 reproducing=1 
2026/07/30 05:36:10 candidates=0 corpus=675 coverage=13522 exec total=126188 (190/min) pending=0 reproducing=1 
2026/07/30 05:36:20 candidates=0 corpus=675 coverage=13522 exec total=126188 (190/min) pending=0 reproducing=1 
2026/07/30 05:36:30 candidates=0 corpus=675 coverage=13522 exec total=126188 (190/min) pending=0 reproducing=1 
2026/07/30 05:36:40 candidates=0 corpus=675 coverage=13522 exec total=126188 (190/min) pending=0 reproducing=1 
2026/07/30 05:36:50 candidates=0 corpus=675 coverage=13522 exec total=126188 (190/min) pending=0 reproducing=1 
2026/07/30 05:37:00 candidates=0 corpus=675 coverage=13522 exec total=126188 (190/min) pending=0 reproducing=1 
2026/07/30 05:37:10 candidates=0 corpus=675 coverage=13522 exec total=126188 (190/min) pending=0 reproducing=1 
2026/07/30 05:37:20 candidates=0 corpus=675 coverage=13522 exec total=126188 (190/min) pending=0 reproducing=1 
2026/07/30 05:37:30 candidates=0 corpus=675 coverage=13522 exec total=126188 (190/min) pending=0 reproducing=1 
2026/07/30 05:37:40 candidates=0 corpus=675 coverage=13522 exec total=126188 (190/min) pending=0 reproducing=1 
2026/07/30 05:37:50 candidates=0 corpus=675 coverage=13522 exec total=126188 (190/min) pending=0 reproducing=1 
2026/07/30 05:38:00 candidates=0 corpus=675 coverage=13522 exec total=126188 (190/min) pending=0 reproducing=1 
2026/07/30 05:38:10 candidates=0 corpus=675 coverage=13522 exec total=126188 (190/min) pending=0 reproducing=1 
2026/07/30 05:38:20 candidates=0 corpus=675 coverage=13522 exec total=126188 (190/min) pending=0 reproducing=1 
2026/07/30 05:38:30 candidates=0 corpus=675 coverage=13522 exec total=126188 (190/min) pending=0 reproducing=1 
2026/07/30 05:38:40 candidates=0 corpus=675 coverage=13522 exec total=126188 (190/min) pending=0 reproducing=1 
2026/07/30 05:38:50 candidates=0 corpus=675 coverage=13522 exec total=126188 (190/min) pending=0 reproducing=1 
2026/07/30 05:39:00 candidates=0 corpus=675 coverage=13522 exec total=126188 (190/min) pending=0 reproducing=1 
2026/07/30 05:39:10 candidates=0 corpus=675 coverage=13522 exec total=126188 (190/min) pending=0 reproducing=1 
2026/07/30 05:39:20 candidates=0 corpus=675 coverage=13522 exec total=126188 (190/min) pending=0 reproducing=1 
2026/07/30 05:39:30 candidates=0 corpus=675 coverage=13522 exec total=126188 (190/min) pending=0 reproducing=1 
2026/07/30 05:39:40 candidates=0 corpus=675 coverage=13522 exec total=126188 (189/min) pending=0 reproducing=1 
2026/07/30 05:39:50 candidates=0 corpus=675 coverage=13522 exec total=126188 (189/min) pending=0 reproducing=1 
2026/07/30 05:40:00 candidates=0 corpus=675 coverage=13522 exec total=126188 (189/min) pending=0 reproducing=1 
2026/07/30 05:40:10 candidates=0 corpus=675 coverage=13522 exec total=126188 (189/min) pending=0 reproducing=1 
2026/07/30 05:40:20 candidates=0 corpus=675 coverage=13522 exec total=126188 (189/min) pending=0 reproducing=1 
2026/07/30 05:40:30 candidates=0 corpus=675 coverage=13522 exec total=126188 (189/min) pending=0 reproducing=1 
2026/07/30 05:40:40 candidates=0 corpus=675 coverage=13522 exec total=126188 (189/min) pending=0 reproducing=1 
2026/07/30 05:40:50 candidates=0 corpus=675 coverage=13522 exec total=126188 (189/min) pending=0 reproducing=1 
2026/07/30 05:41:00 candidates=0 corpus=675 coverage=13522 exec total=126188 (189/min) pending=0 reproducing=1 
2026/07/30 05:41:10 candidates=0 corpus=675 coverage=13522 exec total=126188 (189/min) pending=0 reproducing=1 
2026/07/30 05:41:20 candidates=0 corpus=675 coverage=13522 exec total=126188 (189/min) pending=0 reproducing=1 
2026/07/30 05:41:30 candidates=0 corpus=675 coverage=13522 exec total=126188 (189/min) pending=0 reproducing=1 
2026/07/30 05:41:40 candidates=0 corpus=675 coverage=13522 exec total=126188 (189/min) pending=0 reproducing=1 
2026/07/30 05:41:50 candidates=0 corpus=675 coverage=13522 exec total=126188 (189/min) pending=0 reproducing=1 
2026/07/30 05:42:00 candidates=0 corpus=675 coverage=13522 exec total=126188 (189/min) pending=0 reproducing=1 
2026/07/30 05:42:10 candidates=0 corpus=675 coverage=13522 exec total=126188 (189/min) pending=0 reproducing=1 
2026/07/30 05:42:20 candidates=0 corpus=675 coverage=13522 exec total=126188 (189/min) pending=0 reproducing=1 
2026/07/30 05:42:30 candidates=0 corpus=675 coverage=13522 exec total=126188 (189/min) pending=0 reproducing=1 
2026/07/30 05:42:40 candidates=0 corpus=675 coverage=13522 exec total=126188 (189/min) pending=0 reproducing=1 
2026/07/30 05:42:50 candidates=0 corpus=675 coverage=13522 exec total=126188 (189/min) pending=0 reproducing=1 
2026/07/30 05:43:00 candidates=0 corpus=675 coverage=13522 exec total=126188 (189/min) pending=0 reproducing=1 
2026/07/30 05:43:10 candidates=0 corpus=675 coverage=13522 exec total=126188 (188/min) pending=0 reproducing=1 
2026/07/30 05:43:20 candidates=0 corpus=675 coverage=13522 exec total=126188 (188/min) pending=0 reproducing=1 
2026/07/30 05:43:30 candidates=0 corpus=675 coverage=13522 exec total=126188 (188/min) pending=0 reproducing=1 
2026/07/30 05:43:40 candidates=0 corpus=675 coverage=13522 exec total=126188 (188/min) pending=0 reproducing=1 
2026/07/30 05:43:50 candidates=0 corpus=675 coverage=13522 exec total=126188 (188/min) pending=0 reproducing=1 
2026/07/30 05:44:00 candidates=0 corpus=675 coverage=13522 exec total=126188 (188/min) pending=0 reproducing=1 
2026/07/30 05:44:10 candidates=0 corpus=675 coverage=13522 exec total=126188 (188/min) pending=0 reproducing=1 
2026/07/30 05:44:20 candidates=0 corpus=675 coverage=13522 exec total=126188 (188/min) pending=0 reproducing=1 
2026/07/30 05:44:30 candidates=0 corpus=675 coverage=13522 exec total=126188 (188/min) pending=0 reproducing=1 
2026/07/30 05:44:40 candidates=0 corpus=675 coverage=13522 exec total=126188 (188/min) pending=0 reproducing=1 
2026/07/30 05:44:50 candidates=0 corpus=675 coverage=13522 exec total=126188 (188/min) pending=0 reproducing=1 
2026/07/30 05:45:00 candidates=0 corpus=675 coverage=13522 exec total=126188 (188/min) pending=0 reproducing=1 
2026/07/30 05:45:10 candidates=0 corpus=675 coverage=13522 exec total=126188 (188/min) pending=0 reproducing=1 
2026/07/30 05:45:20 candidates=0 corpus=675 coverage=13522 exec total=126188 (188/min) pending=0 reproducing=1 
2026/07/30 05:45:30 candidates=0 corpus=675 coverage=13522 exec total=126188 (188/min) pending=0 reproducing=1 
2026/07/30 05:45:40 candidates=0 corpus=675 coverage=13522 exec total=126188 (188/min) pending=0 reproducing=1 
2026/07/30 05:45:50 candidates=0 corpus=675 coverage=13522 exec total=126188 (188/min) pending=0 reproducing=1 
2026/07/30 05:46:00 candidates=0 corpus=675 coverage=13522 exec total=126188 (188/min) pending=0 reproducing=1 
2026/07/30 05:46:10 candidates=0 corpus=675 coverage=13522 exec total=126188 (188/min) pending=0 reproducing=1 
2026/07/30 05:46:20 candidates=0 corpus=675 coverage=13522 exec total=126188 (188/min) pending=0 reproducing=1 
2026/07/30 05:46:30 candidates=0 corpus=675 coverage=13522 exec total=126188 (188/min) pending=0 reproducing=1 
2026/07/30 05:46:40 candidates=0 corpus=675 coverage=13522 exec total=126188 (188/min) pending=0 reproducing=1 
2026/07/30 05:46:50 candidates=0 corpus=675 coverage=13522 exec total=126188 (187/min) pending=0 reproducing=1 
2026/07/30 05:47:00 candidates=0 corpus=675 coverage=13522 exec total=126188 (187/min) pending=0 reproducing=1 
2026/07/30 05:47:10 candidates=0 corpus=675 coverage=13522 exec total=126188 (187/min) pending=0 reproducing=1 
2026/07/30 05:47:20 candidates=0 corpus=675 coverage=13522 exec total=126188 (187/min) pending=0 reproducing=1 
2026/07/30 05:47:30 candidates=0 corpus=675 coverage=13522 exec total=126188 (187/min) pending=0 reproducing=1 
2026/07/30 05:47:40 candidates=0 corpus=675 coverage=13522 exec total=126188 (187/min) pending=0 reproducing=1 
2026/07/30 05:47:50 candidates=0 corpus=675 coverage=13522 exec total=126188 (187/min) pending=0 reproducing=1 
2026/07/30 05:48:00 candidates=0 corpus=675 coverage=13522 exec total=126188 (187/min) pending=0 reproducing=1 
2026/07/30 05:48:10 candidates=0 corpus=675 coverage=13522 exec total=126188 (187/min) pending=0 reproducing=1 
2026/07/30 05:48:20 candidates=0 corpus=675 coverage=13522 exec total=126188 (187/min) pending=0 reproducing=1 
2026/07/30 05:48:30 candidates=0 corpus=675 coverage=13522 exec total=126188 (187/min) pending=0 reproducing=1 
2026/07/30 05:48:33 scp failed: failed to run ["scp" "-P" "22" "-F" "/dev/null" "-o" "UserKnownHostsFile=/dev/null" "-o" "IdentitiesOnly=yes" "-o" "BatchMode=yes" "-o" "StrictHostKeyChecking=no" "-o" "ConnectTimeout=10" "-o" "LogLevel=ERROR" "-i" "/home/jose/.ssh/id_ed25519" "-O" "/home/jose/syzkaller-pkvm/bin/linux_arm64/syz-execprog" "root@10.42.27.18:/root/syzkaller-fuzz/syz-execprog"]: exit status 1
scp: /root/syzkaller-fuzz/syz-execprog: Text file busy
2026/07/30 05:48:40 candidates=0 corpus=675 coverage=13522 exec total=126188 (187/min) pending=0 reproducing=1 
2026/07/30 05:48:50 candidates=0 corpus=675 coverage=13522 exec total=126188 (187/min) pending=0 reproducing=1 
2026/07/30 05:49:00 candidates=0 corpus=675 coverage=13522 exec total=126188 (187/min) pending=0 reproducing=1 
2026/07/30 05:49:10 candidates=0 corpus=675 coverage=13522 exec total=126188 (187/min) pending=0 reproducing=1 
2026/07/30 05:49:20 candidates=0 corpus=675 coverage=13522 exec total=126188 (187/min) pending=0 reproducing=1 
2026/07/30 05:49:30 candidates=0 corpus=675 coverage=13522 exec total=126188 (187/min) pending=0 reproducing=1 
2026/07/30 05:49:40 candidates=0 corpus=675 coverage=13522 exec total=126188 (187/min) pending=0 reproducing=1 
2026/07/30 05:49:50 candidates=0 corpus=675 coverage=13522 exec total=126188 (187/min) pending=0 reproducing=1 
2026/07/30 05:50:00 candidates=0 corpus=675 coverage=13522 exec total=126188 (187/min) pending=0 reproducing=1 
2026/07/30 05:50:10 candidates=0 corpus=675 coverage=13522 exec total=126188 (187/min) pending=0 reproducing=1 
2026/07/30 05:50:20 candidates=0 corpus=675 coverage=13522 exec total=126188 (186/min) pending=0 reproducing=1 
2026/07/30 05:50:30 candidates=0 corpus=675 coverage=13522 exec total=126188 (186/min) pending=0 reproducing=1 
2026/07/30 05:50:40 candidates=0 corpus=675 coverage=13522 exec total=126188 (186/min) pending=0 reproducing=1 
2026/07/30 05:50:50 candidates=0 corpus=675 coverage=13522 exec total=126188 (186/min) pending=0 reproducing=1 
2026/07/30 05:51:00 candidates=0 corpus=675 coverage=13522 exec total=126188 (186/min) pending=0 reproducing=1 
2026/07/30 05:51:10 candidates=0 corpus=675 coverage=13522 exec total=126188 (186/min) pending=0 reproducing=1 
2026/07/30 05:51:20 candidates=0 corpus=675 coverage=13522 exec total=126188 (186/min) pending=0 reproducing=1 
2026/07/30 05:51:30 candidates=0 corpus=675 coverage=13522 exec total=126188 (186/min) pending=0 reproducing=1 
2026/07/30 05:51:40 candidates=0 corpus=675 coverage=13522 exec total=126188 (186/min) pending=0 reproducing=1 
2026/07/30 05:51:50 candidates=0 corpus=675 coverage=13522 exec total=126188 (186/min) pending=0 reproducing=1 
2026/07/30 05:52:00 candidates=0 corpus=675 coverage=13522 exec total=126188 (186/min) pending=0 reproducing=1 
2026/07/30 05:52:10 candidates=0 corpus=675 coverage=13522 exec total=126188 (186/min) pending=0 reproducing=1 
2026/07/30 05:52:20 candidates=0 corpus=675 coverage=13522 exec total=126188 (186/min) pending=0 reproducing=1 
2026/07/30 05:52:30 candidates=0 corpus=675 coverage=13522 exec total=126188 (186/min) pending=0 reproducing=1 
2026/07/30 05:52:40 candidates=0 corpus=675 coverage=13522 exec total=126188 (186/min) pending=0 reproducing=1 
2026/07/30 05:52:50 candidates=0 corpus=675 coverage=13522 exec total=126188 (186/min) pending=0 reproducing=1 
2026/07/30 05:53:00 candidates=0 corpus=675 coverage=13522 exec total=126188 (186/min) pending=0 reproducing=1 
2026/07/30 05:53:10 candidates=0 corpus=675 coverage=13522 exec total=126188 (186/min) pending=0 reproducing=1 
2026/07/30 05:53:20 candidates=0 corpus=675 coverage=13522 exec total=126188 (186/min) pending=0 reproducing=1 
2026/07/30 05:53:30 candidates=0 corpus=675 coverage=13522 exec total=126188 (186/min) pending=0 reproducing=1 
2026/07/30 05:53:40 candidates=0 corpus=675 coverage=13522 exec total=126188 (186/min) pending=0 reproducing=1 
2026/07/30 05:53:50 candidates=0 corpus=675 coverage=13522 exec total=126188 (186/min) pending=0 reproducing=1 
2026/07/30 05:54:00 candidates=0 corpus=675 coverage=13522 exec total=126188 (185/min) pending=0 reproducing=1 
2026/07/30 05:54:10 candidates=0 corpus=675 coverage=13522 exec total=126188 (185/min) pending=0 reproducing=1 
2026/07/30 05:54:20 candidates=0 corpus=675 coverage=13522 exec total=126188 (185/min) pending=0 reproducing=1 
2026/07/30 05:54:28 scp failed: timedout after 3m0s ["scp" "-P" "22" "-F" "/dev/null" "-o" "UserKnownHostsFile=/dev/null" "-o" "IdentitiesOnly=yes" "-o" "BatchMode=yes" "-o" "StrictHostKeyChecking=no" "-o" "ConnectTimeout=10" "-o" "LogLevel=ERROR" "-i" "/home/jose/.ssh/id_ed25519" "-O" "/home/jose/syzkaller-pkvm/bin/linux_arm64/syz-execprog" "root@10.42.27.18:/root/syzkaller-fuzz/syz-execprog"]
2026/07/30 05:54:30 candidates=0 corpus=675 coverage=13522 exec total=126188 (185/min) pending=0 reproducing=1 
2026/07/30 05:54:40 candidates=0 corpus=675 coverage=13522 exec total=126188 (185/min) pending=0 reproducing=1 
2026/07/30 05:54:50 candidates=0 corpus=675 coverage=13522 exec total=126188 (185/min) pending=0 reproducing=1 
2026/07/30 05:55:00 candidates=0 corpus=675 coverage=13522 exec total=126188 (185/min) pending=0 reproducing=1 
2026/07/30 05:55:10 candidates=0 corpus=675 coverage=13522 exec total=126188 (185/min) pending=0 reproducing=1 
2026/07/30 05:55:20 candidates=0 corpus=675 coverage=13522 exec total=126188 (185/min) pending=0 reproducing=1 
2026/07/30 05:55:30 candidates=0 corpus=675 coverage=13522 exec total=126188 (185/min) pending=0 reproducing=1 
2026/07/30 05:55:40 candidates=0 corpus=675 coverage=13522 exec total=126188 (185/min) pending=0 reproducing=1 
2026/07/30 05:55:50 candidates=0 corpus=675 coverage=13522 exec total=126188 (185/min) pending=0 reproducing=1 
2026/07/30 05:56:00 candidates=0 corpus=675 coverage=13522 exec total=126188 (185/min) pending=0 reproducing=1 
2026/07/30 05:56:10 candidates=0 corpus=675 coverage=13522 exec total=126188 (185/min) pending=0 reproducing=1 
2026/07/30 05:56:20 candidates=0 corpus=675 coverage=13522 exec total=126188 (185/min) pending=0 reproducing=1 
2026/07/30 05:56:30 candidates=0 corpus=675 coverage=13522 exec total=126188 (185/min) pending=0 reproducing=1 
2026/07/30 05:56:40 candidates=0 corpus=675 coverage=13522 exec total=126188 (185/min) pending=0 reproducing=1 
2026/07/30 05:56:50 candidates=0 corpus=675 coverage=13522 exec total=126188 (185/min) pending=0 reproducing=1 
2026/07/30 05:57:00 candidates=0 corpus=675 coverage=13522 exec total=126188 (185/min) pending=0 reproducing=1 
2026/07/30 05:57:10 candidates=0 corpus=675 coverage=13522 exec total=126188 (185/min) pending=0 reproducing=1 
2026/07/30 05:57:20 candidates=0 corpus=675 coverage=13522 exec total=126188 (185/min) pending=0 reproducing=1 
2026/07/30 05:57:30 candidates=0 corpus=675 coverage=13522 exec total=126188 (185/min) pending=0 reproducing=1 
2026/07/30 05:57:40 candidates=0 corpus=675 coverage=13522 exec total=126188 (184/min) pending=0 reproducing=1 
2026/07/30 05:57:50 candidates=0 corpus=675 coverage=13522 exec total=126188 (184/min) pending=0 reproducing=1 
2026/07/30 05:58:00 candidates=0 corpus=675 coverage=13522 exec total=126188 (184/min) pending=0 reproducing=1 
2026/07/30 05:58:10 candidates=0 corpus=675 coverage=13522 exec total=126188 (184/min) pending=0 reproducing=1 
2026/07/30 05:58:20 candidates=0 corpus=675 coverage=13522 exec total=126188 (184/min) pending=0 reproducing=1 
2026/07/30 05:58:30 candidates=0 corpus=675 coverage=13522 exec total=126188 (184/min) pending=0 reproducing=1 
2026/07/30 05:58:40 candidates=0 corpus=675 coverage=13522 exec total=126188 (184/min) pending=0 reproducing=1 
2026/07/30 05:58:50 candidates=0 corpus=675 coverage=13522 exec total=126188 (184/min) pending=0 reproducing=1 
2026/07/30 05:59:00 candidates=0 corpus=675 coverage=13522 exec total=126188 (184/min) pending=0 reproducing=1 
2026/07/30 05:59:10 candidates=0 corpus=675 coverage=13522 exec total=126188 (184/min) pending=0 reproducing=1 
2026/07/30 05:59:20 candidates=0 corpus=675 coverage=13522 exec total=126188 (184/min) pending=0 reproducing=1 
2026/07/30 05:59:30 candidates=0 corpus=675 coverage=13522 exec total=126188 (184/min) pending=0 reproducing=1 
2026/07/30 05:59:40 candidates=0 corpus=675 coverage=13522 exec total=126188 (184/min) pending=0 reproducing=1 
2026/07/30 05:59:50 candidates=0 corpus=675 coverage=13522 exec total=126188 (184/min) pending=0 reproducing=1 
2026/07/30 06:00:00 candidates=0 corpus=675 coverage=13522 exec total=126188 (184/min) pending=0 reproducing=1 
2026/07/30 06:00:10 candidates=0 corpus=675 coverage=13522 exec total=126188 (184/min) pending=0 reproducing=1 
2026/07/30 06:00:20 candidates=0 corpus=675 coverage=13522 exec total=126188 (184/min) pending=0 reproducing=1 
2026/07/30 06:00:30 candidates=0 corpus=675 coverage=13522 exec total=126188 (184/min) pending=0 reproducing=1 
2026/07/30 06:00:40 candidates=0 corpus=675 coverage=13522 exec total=126188 (184/min) pending=0 reproducing=1 
2026/07/30 06:00:50 candidates=0 corpus=675 coverage=13522 exec total=126188 (184/min) pending=0 reproducing=1 
2026/07/30 06:01:00 candidates=0 corpus=675 coverage=13522 exec total=126188 (184/min) pending=0 reproducing=1 
2026/07/30 06:01:10 candidates=0 corpus=675 coverage=13522 exec total=126188 (184/min) pending=0 reproducing=1 
2026/07/30 06:01:20 candidates=0 corpus=675 coverage=13522 exec total=126188 (183/min) pending=0 reproducing=1 
2026/07/30 06:01:21 scp failed: failed to run ["scp" "-P" "22" "-F" "/dev/null" "-o" "UserKnownHostsFile=/dev/null" "-o" "IdentitiesOnly=yes" "-o" "BatchMode=yes" "-o" "StrictHostKeyChecking=no" "-o" "ConnectTimeout=10" "-o" "LogLevel=ERROR" "-i" "/home/jose/.ssh/id_ed25519" "-O" "/home/jose/syzkaller-pkvm/bin/linux_arm64/syz-execprog" "root@10.42.27.18:/root/syzkaller-fuzz/syz-execprog"]: exit status 1
scp: /root/syzkaller-fuzz/syz-execprog: Text file busy
2026/07/30 06:01:30 candidates=0 corpus=675 coverage=13522 exec total=126188 (183/min) pending=0 reproducing=1 
2026/07/30 06:01:40 candidates=0 corpus=675 coverage=13522 exec total=126188 (183/min) pending=0 reproducing=1 
2026/07/30 06:01:50 candidates=0 corpus=675 coverage=13522 exec total=126188 (183/min) pending=0 reproducing=1 
2026/07/30 06:02:00 candidates=0 corpus=675 coverage=13522 exec total=126188 (183/min) pending=0 reproducing=1 
2026/07/30 06:02:10 candidates=0 corpus=675 coverage=13522 exec total=126188 (183/min) pending=0 reproducing=1 
2026/07/30 06:02:20 candidates=0 corpus=675 coverage=13522 exec total=126188 (183/min) pending=0 reproducing=1 
2026/07/30 06:02:30 candidates=0 corpus=675 coverage=13522 exec total=126188 (183/min) pending=0 reproducing=1 
2026/07/30 06:02:40 candidates=0 corpus=675 coverage=13522 exec total=126188 (183/min) pending=0 reproducing=1 
2026/07/30 06:02:50 candidates=0 corpus=675 coverage=13522 exec total=126188 (183/min) pending=0 reproducing=1 
2026/07/30 06:03:00 candidates=0 corpus=675 coverage=13522 exec total=126188 (183/min) pending=0 reproducing=1 
2026/07/30 06:03:10 candidates=0 corpus=675 coverage=13522 exec total=126188 (183/min) pending=0 reproducing=1 
2026/07/30 06:03:20 candidates=0 corpus=675 coverage=13522 exec total=126188 (183/min) pending=0 reproducing=1 
2026/07/30 06:03:30 candidates=0 corpus=675 coverage=13522 exec total=126188 (183/min) pending=0 reproducing=1 
2026/07/30 06:03:40 candidates=0 corpus=675 coverage=13522 exec total=126188 (183/min) pending=0 reproducing=1 
2026/07/30 06:03:50 candidates=0 corpus=675 coverage=13522 exec total=126188 (183/min) pending=0 reproducing=1 
2026/07/30 06:04:00 candidates=0 corpus=675 coverage=13522 exec total=126188 (183/min) pending=0 reproducing=1 
2026/07/30 06:04:10 candidates=0 corpus=675 coverage=13522 exec total=126188 (183/min) pending=0 reproducing=1 
2026/07/30 06:04:20 candidates=0 corpus=675 coverage=13522 exec total=126188 (183/min) pending=0 reproducing=1 
2026/07/30 06:04:30 candidates=0 corpus=675 coverage=13522 exec total=126188 (183/min) pending=0 reproducing=1 
2026/07/30 06:04:40 candidates=0 corpus=675 coverage=13522 exec total=126188 (183/min) pending=0 reproducing=1 
2026/07/30 06:04:50 candidates=0 corpus=675 coverage=13522 exec total=126188 (183/min) pending=0 reproducing=1 
2026/07/30 06:05:00 candidates=0 corpus=675 coverage=13522 exec total=126188 (183/min) pending=0 reproducing=1 
2026/07/30 06:05:10 candidates=0 corpus=675 coverage=13522 exec total=126188 (182/min) pending=0 reproducing=1 
2026/07/30 06:05:20 candidates=0 corpus=675 coverage=13522 exec total=126188 (182/min) pending=0 reproducing=1 
2026/07/30 06:05:30 candidates=0 corpus=675 coverage=13522 exec total=126188 (182/min) pending=0 reproducing=1 
2026/07/30 06:05:40 candidates=0 corpus=675 coverage=13522 exec total=126188 (182/min) pending=0 reproducing=1 
2026/07/30 06:05:50 candidates=0 corpus=675 coverage=13522 exec total=126188 (182/min) pending=0 reproducing=1 
2026/07/30 06:06:00 candidates=0 corpus=675 coverage=13522 exec total=126188 (182/min) pending=0 reproducing=1 
2026/07/30 06:06:10 candidates=0 corpus=675 coverage=13522 exec total=126188 (182/min) pending=0 reproducing=1 
2026/07/30 06:06:20 candidates=0 corpus=675 coverage=13522 exec total=126188 (182/min) pending=0 reproducing=1 
2026/07/30 06:06:30 candidates=0 corpus=675 coverage=13522 exec total=126188 (182/min) pending=0 reproducing=1 
2026/07/30 06:06:40 candidates=0 corpus=675 coverage=13522 exec total=126188 (182/min) pending=0 reproducing=1 
2026/07/30 06:06:50 candidates=0 corpus=675 coverage=13522 exec total=126188 (182/min) pending=0 reproducing=1 
2026/07/30 06:06:52 scp failed: failed to run ["scp" "-P" "22" "-F" "/dev/null" "-o" "UserKnownHostsFile=/dev/null" "-o" "IdentitiesOnly=yes" "-o" "BatchMode=yes" "-o" "StrictHostKeyChecking=no" "-o" "ConnectTimeout=10" "-o" "LogLevel=ERROR" "-i" "/home/jose/.ssh/id_ed25519" "-O" "/home/jose/syzkaller-pkvm/bin/linux_arm64/syz-execprog" "root@10.42.27.18:/root/syzkaller-fuzz/syz-execprog"]: exit status 1
scp: /root/syzkaller-fuzz/syz-execprog: Text file busy
2026/07/30 06:07:00 candidates=0 corpus=675 coverage=13522 exec total=126188 (182/min) pending=0 reproducing=1 
2026/07/30 06:07:10 candidates=0 corpus=675 coverage=13522 exec total=126188 (182/min) pending=0 reproducing=1 
2026/07/30 06:07:20 candidates=0 corpus=675 coverage=13522 exec total=126188 (182/min) pending=0 reproducing=1 
2026/07/30 06:07:30 candidates=0 corpus=675 coverage=13522 exec total=126188 (182/min) pending=0 reproducing=1 
2026/07/30 06:07:40 candidates=0 corpus=675 coverage=13522 exec total=126188 (182/min) pending=0 reproducing=1 
2026/07/30 06:07:50 candidates=0 corpus=675 coverage=13522 exec total=126188 (182/min) pending=0 reproducing=1 
2026/07/30 06:08:00 candidates=0 corpus=675 coverage=13522 exec total=126188 (182/min) pending=0 reproducing=1 
2026/07/30 06:08:10 candidates=0 corpus=675 coverage=13522 exec total=126188 (182/min) pending=0 reproducing=1 
2026/07/30 06:08:20 candidates=0 corpus=675 coverage=13522 exec total=126188 (182/min) pending=0 reproducing=1 
2026/07/30 06:08:30 candidates=0 corpus=675 coverage=13522 exec total=126188 (182/min) pending=0 reproducing=1 
2026/07/30 06:08:40 candidates=0 corpus=675 coverage=13522 exec total=126188 (182/min) pending=0 reproducing=1 
2026/07/30 06:08:50 candidates=0 corpus=675 coverage=13522 exec total=126188 (181/min) pending=0 reproducing=1 
2026/07/30 06:09:00 candidates=0 corpus=675 coverage=13522 exec total=126188 (181/min) pending=0 reproducing=1 
2026/07/30 06:09:10 candidates=0 corpus=675 coverage=13522 exec total=126188 (181/min) pending=0 reproducing=1 
2026/07/30 06:09:20 candidates=0 corpus=675 coverage=13522 exec total=126188 (181/min) pending=0 reproducing=1 
2026/07/30 06:09:30 candidates=0 corpus=675 coverage=13522 exec total=126188 (181/min) pending=0 reproducing=1 
2026/07/30 06:09:40 candidates=0 corpus=675 coverage=13522 exec total=126188 (181/min) pending=0 reproducing=1 
2026/07/30 06:09:50 candidates=0 corpus=675 coverage=13522 exec total=126188 (181/min) pending=0 reproducing=1 
2026/07/30 06:10:00 candidates=0 corpus=675 coverage=13522 exec total=126188 (181/min) pending=0 reproducing=1 
2026/07/30 06:10:10 candidates=0 corpus=675 coverage=13522 exec total=126188 (181/min) pending=0 reproducing=1 
2026/07/30 06:10:20 candidates=0 corpus=675 coverage=13522 exec total=126188 (181/min) pending=0 reproducing=1 
2026/07/30 06:10:30 candidates=0 corpus=675 coverage=13522 exec total=126188 (181/min) pending=0 reproducing=1 
2026/07/30 06:10:40 candidates=0 corpus=675 coverage=13522 exec total=126188 (181/min) pending=0 reproducing=1 
2026/07/30 06:10:50 candidates=0 corpus=675 coverage=13522 exec total=126188 (181/min) pending=0 reproducing=1 
2026/07/30 06:11:00 candidates=0 corpus=675 coverage=13522 exec total=126188 (181/min) pending=0 reproducing=1 
2026/07/30 06:11:10 candidates=0 corpus=675 coverage=13522 exec total=126188 (181/min) pending=0 reproducing=1 
2026/07/30 06:11:20 candidates=0 corpus=675 coverage=13522 exec total=126188 (181/min) pending=0 reproducing=1 
2026/07/30 06:11:30 candidates=0 corpus=675 coverage=13522 exec total=126188 (181/min) pending=0 reproducing=1 
2026/07/30 06:11:40 candidates=0 corpus=675 coverage=13522 exec total=126188 (181/min) pending=0 reproducing=1 
2026/07/30 06:11:50 candidates=0 corpus=675 coverage=13522 exec total=126188 (181/min) pending=0 reproducing=1 
2026/07/30 06:12:00 candidates=0 corpus=675 coverage=13522 exec total=126188 (181/min) pending=0 reproducing=1 
2026/07/30 06:12:10 candidates=0 corpus=675 coverage=13522 exec total=126188 (181/min) pending=0 reproducing=1 
2026/07/30 06:12:20 candidates=0 corpus=675 coverage=13522 exec total=126188 (181/min) pending=0 reproducing=1 
2026/07/30 06:12:30 candidates=0 corpus=675 coverage=13522 exec total=126188 (181/min) pending=0 reproducing=1 
2026/07/30 06:12:40 candidates=0 corpus=675 coverage=13522 exec total=126188 (180/min) pending=0 reproducing=1 
2026/07/30 06:12:50 candidates=0 corpus=675 coverage=13522 exec total=126188 (180/min) pending=0 reproducing=1 
2026/07/30 06:13:00 candidates=0 corpus=675 coverage=13522 exec total=126188 (180/min) pending=0 reproducing=1 
2026/07/30 06:13:10 candidates=0 corpus=675 coverage=13522 exec total=126188 (180/min) pending=0 reproducing=1 
2026/07/30 06:13:20 candidates=0 corpus=675 coverage=13522 exec total=126188 (180/min) pending=0 reproducing=1 
2026/07/30 06:13:30 candidates=0 corpus=675 coverage=13522 exec total=126188 (180/min) pending=0 reproducing=1 
2026/07/30 06:13:40 candidates=0 corpus=675 coverage=13522 exec total=126188 (180/min) pending=0 reproducing=1 
2026/07/30 06:13:50 candidates=0 corpus=675 coverage=13522 exec total=126188 (180/min) pending=0 reproducing=1 
2026/07/30 06:14:00 candidates=0 corpus=675 coverage=13522 exec total=126188 (180/min) pending=0 reproducing=1 
2026/07/30 06:14:10 candidates=0 corpus=675 coverage=13522 exec total=126188 (180/min) pending=0 reproducing=1 
2026/07/30 06:14:20 candidates=0 corpus=675 coverage=13522 exec total=126188 (180/min) pending=0 reproducing=1 
2026/07/30 06:14:30 candidates=0 corpus=675 coverage=13522 exec total=126188 (180/min) pending=0 reproducing=1 
2026/07/30 06:14:40 candidates=0 corpus=675 coverage=13522 exec total=126188 (180/min) pending=0 reproducing=1 
2026/07/30 06:14:50 candidates=0 corpus=675 coverage=13522 exec total=126188 (180/min) pending=0 reproducing=1 
2026/07/30 06:15:00 candidates=0 corpus=675 coverage=13522 exec total=126188 (180/min) pending=0 reproducing=1 
2026/07/30 06:15:10 candidates=0 corpus=675 coverage=13522 exec total=126188 (180/min) pending=0 reproducing=1 
2026/07/30 06:15:20 candidates=0 corpus=675 coverage=13522 exec total=126188 (180/min) pending=0 reproducing=1 
2026/07/30 06:15:30 candidates=0 corpus=675 coverage=13522 exec total=126188 (180/min) pending=0 reproducing=1 
2026/07/30 06:15:40 candidates=0 corpus=675 coverage=13522 exec total=126188 (180/min) pending=0 reproducing=1 
2026/07/30 06:15:50 candidates=0 corpus=675 coverage=13522 exec total=126188 (180/min) pending=0 reproducing=1 
2026/07/30 06:16:00 candidates=0 corpus=675 coverage=13522 exec total=126188 (180/min) pending=0 reproducing=1 
2026/07/30 06:16:10 candidates=0 corpus=675 coverage=13522 exec total=126188 (180/min) pending=0 reproducing=1 
2026/07/30 06:16:20 candidates=0 corpus=675 coverage=13522 exec total=126188 (180/min) pending=0 reproducing=1 
2026/07/30 06:16:30 candidates=0 corpus=675 coverage=13522 exec total=126188 (180/min) pending=0 reproducing=1 
2026/07/30 06:16:40 candidates=0 corpus=675 coverage=13522 exec total=126188 (179/min) pending=0 reproducing=1 
2026/07/30 06:16:50 candidates=0 corpus=675 coverage=13522 exec total=126188 (179/min) pending=0 reproducing=1 
2026/07/30 06:17:00 candidates=0 corpus=675 coverage=13522 exec total=126188 (179/min) pending=0 reproducing=1 
2026/07/30 06:17:10 candidates=0 corpus=675 coverage=13522 exec total=126188 (179/min) pending=0 reproducing=1 
2026/07/30 06:17:20 candidates=0 corpus=675 coverage=13522 exec total=126188 (179/min) pending=0 reproducing=1 
2026/07/30 06:17:30 candidates=0 corpus=675 coverage=13522 exec total=126188 (179/min) pending=0 reproducing=1 
2026/07/30 06:17:40 candidates=0 corpus=675 coverage=13522 exec total=126188 (179/min) pending=0 reproducing=1 
2026/07/30 06:17:50 candidates=0 corpus=675 coverage=13522 exec total=126188 (179/min) pending=0 reproducing=1 
2026/07/30 06:18:00 candidates=0 corpus=675 coverage=13522 exec total=126188 (179/min) pending=0 reproducing=1 
2026/07/30 06:18:10 candidates=0 corpus=675 coverage=13522 exec total=126188 (179/min) pending=0 reproducing=1 
2026/07/30 06:18:20 candidates=0 corpus=675 coverage=13522 exec total=126188 (179/min) pending=0 reproducing=1 
2026/07/30 06:18:30 candidates=0 corpus=675 coverage=13522 exec total=126188 (179/min) pending=0 reproducing=1 
2026/07/30 06:18:40 candidates=0 corpus=675 coverage=13522 exec total=126188 (179/min) pending=0 reproducing=1 
2026/07/30 06:18:50 candidates=0 corpus=675 coverage=13522 exec total=126188 (179/min) pending=0 reproducing=1 
2026/07/30 06:19:00 candidates=0 corpus=675 coverage=13522 exec total=126188 (179/min) pending=0 reproducing=1 
2026/07/30 06:19:10 candidates=0 corpus=675 coverage=13522 exec total=126188 (179/min) pending=0 reproducing=1 
2026/07/30 06:19:20 candidates=0 corpus=675 coverage=13522 exec total=126188 (179/min) pending=0 reproducing=1 
2026/07/30 06:19:30 candidates=0 corpus=675 coverage=13522 exec total=126188 (179/min) pending=0 reproducing=1 
2026/07/30 06:19:40 candidates=0 corpus=675 coverage=13522 exec total=126188 (179/min) pending=0 reproducing=1 
2026/07/30 06:19:50 candidates=0 corpus=675 coverage=13522 exec total=126188 (179/min) pending=0 reproducing=1 
2026/07/30 06:20:00 candidates=0 corpus=675 coverage=13522 exec total=126188 (179/min) pending=0 reproducing=1 
2026/07/30 06:20:10 candidates=0 corpus=675 coverage=13522 exec total=126188 (179/min) pending=0 reproducing=1 
2026/07/30 06:20:20 candidates=0 corpus=675 coverage=13522 exec total=126188 (179/min) pending=0 reproducing=1 
2026/07/30 06:20:30 candidates=0 corpus=675 coverage=13522 exec total=126188 (178/min) pending=0 reproducing=1 
2026/07/30 06:20:40 candidates=0 corpus=675 coverage=13522 exec total=126188 (178/min) pending=0 reproducing=1 
2026/07/30 06:20:50 candidates=0 corpus=675 coverage=13522 exec total=126188 (178/min) pending=0 reproducing=1 
2026/07/30 06:21:00 candidates=0 corpus=675 coverage=13522 exec total=126188 (178/min) pending=0 reproducing=1 
2026/07/30 06:21:10 candidates=0 corpus=675 coverage=13522 exec total=126188 (178/min) pending=0 reproducing=1 
2026/07/30 06:21:20 candidates=0 corpus=675 coverage=13522 exec total=126188 (178/min) pending=0 reproducing=1 
2026/07/30 06:21:30 candidates=0 corpus=675 coverage=13522 exec total=126188 (178/min) pending=0 reproducing=1 
2026/07/30 06:21:40 candidates=0 corpus=675 coverage=13522 exec total=126188 (178/min) pending=0 reproducing=1 
2026/07/30 06:21:50 candidates=0 corpus=675 coverage=13522 exec total=126188 (178/min) pending=0 reproducing=1 
2026/07/30 06:22:00 candidates=0 corpus=675 coverage=13522 exec total=126188 (178/min) pending=0 reproducing=1 
2026/07/30 06:22:10 candidates=0 corpus=675 coverage=13522 exec total=126188 (178/min) pending=0 reproducing=1 
2026/07/30 06:22:20 candidates=0 corpus=675 coverage=13522 exec total=126188 (178/min) pending=0 reproducing=1 
2026/07/30 06:22:30 candidates=0 corpus=675 coverage=13522 exec total=126188 (178/min) pending=0 reproducing=1 
2026/07/30 06:22:40 candidates=0 corpus=675 coverage=13522 exec total=126188 (178/min) pending=0 reproducing=1 
2026/07/30 06:22:50 candidates=0 corpus=675 coverage=13522 exec total=126188 (178/min) pending=0 reproducing=1 
2026/07/30 06:23:00 candidates=0 corpus=675 coverage=13522 exec total=126188 (178/min) pending=0 reproducing=1 
2026/07/30 06:23:10 candidates=0 corpus=675 coverage=13522 exec total=126188 (178/min) pending=0 reproducing=1 
2026/07/30 06:23:20 candidates=0 corpus=675 coverage=13522 exec total=126188 (178/min) pending=0 reproducing=1 
2026/07/30 06:23:30 candidates=0 corpus=675 coverage=13522 exec total=126188 (178/min) pending=0 reproducing=1 
2026/07/30 06:23:40 candidates=0 corpus=675 coverage=13522 exec total=126188 (178/min) pending=0 reproducing=1 
2026/07/30 06:23:50 candidates=0 corpus=675 coverage=13522 exec total=126188 (178/min) pending=0 reproducing=1 
2026/07/30 06:24:00 candidates=0 corpus=675 coverage=13522 exec total=126188 (178/min) pending=0 reproducing=1 
2026/07/30 06:24:10 candidates=0 corpus=675 coverage=13522 exec total=126188 (178/min) pending=0 reproducing=1 
2026/07/30 06:24:20 candidates=0 corpus=675 coverage=13522 exec total=126188 (178/min) pending=0 reproducing=1 
2026/07/30 06:24:30 candidates=0 corpus=675 coverage=13522 exec total=126188 (177/min) pending=0 reproducing=1 
2026/07/30 06:24:40 candidates=0 corpus=675 coverage=13522 exec total=126188 (177/min) pending=0 reproducing=1 
2026/07/30 06:24:50 candidates=0 corpus=675 coverage=13522 exec total=126188 (177/min) pending=0 reproducing=1 
2026/07/30 06:25:00 candidates=0 corpus=675 coverage=13522 exec total=126188 (177/min) pending=0 reproducing=1 
2026/07/30 06:25:10 candidates=0 corpus=675 coverage=13522 exec total=126188 (177/min) pending=0 reproducing=1 
2026/07/30 06:25:20 candidates=0 corpus=675 coverage=13522 exec total=126188 (177/min) pending=0 reproducing=1 
2026/07/30 06:25:30 candidates=0 corpus=675 coverage=13522 exec total=126188 (177/min) pending=0 reproducing=1 
2026/07/30 06:25:40 candidates=0 corpus=675 coverage=13522 exec total=126188 (177/min) pending=0 reproducing=1 
2026/07/30 06:25:50 candidates=0 corpus=675 coverage=13522 exec total=126188 (177/min) pending=0 reproducing=1 
2026/07/30 06:26:00 candidates=0 corpus=675 coverage=13522 exec total=126188 (177/min) pending=0 reproducing=1 
2026/07/30 06:26:10 candidates=0 corpus=675 coverage=13522 exec total=126188 (177/min) pending=0 reproducing=1 
2026/07/30 06:26:20 candidates=0 corpus=675 coverage=13522 exec total=126188 (177/min) pending=0 reproducing=1 
2026/07/30 06:26:30 candidates=0 corpus=675 coverage=13522 exec total=126188 (177/min) pending=0 reproducing=1 
2026/07/30 06:26:40 candidates=0 corpus=675 coverage=13522 exec total=126188 (177/min) pending=0 reproducing=1 
2026/07/30 06:26:50 candidates=0 corpus=675 coverage=13522 exec total=126188 (177/min) pending=0 reproducing=1 
2026/07/30 06:27:00 candidates=0 corpus=675 coverage=13522 exec total=126188 (177/min) pending=0 reproducing=1 
2026/07/30 06:27:10 candidates=0 corpus=675 coverage=13522 exec total=126188 (177/min) pending=0 reproducing=1 
2026/07/30 06:27:20 candidates=0 corpus=675 coverage=13522 exec total=126188 (177/min) pending=0 reproducing=1 
2026/07/30 06:27:30 candidates=0 corpus=675 coverage=13522 exec total=126188 (177/min) pending=0 reproducing=1 
2026/07/30 06:27:40 candidates=0 corpus=675 coverage=13522 exec total=126188 (177/min) pending=0 reproducing=1 
2026/07/30 06:27:50 candidates=0 corpus=675 coverage=13522 exec total=126188 (177/min) pending=0 reproducing=1 
2026/07/30 06:28:00 candidates=0 corpus=675 coverage=13522 exec total=126188 (177/min) pending=0 reproducing=1 
2026/07/30 06:28:10 candidates=0 corpus=675 coverage=13522 exec total=126188 (177/min) pending=0 reproducing=1 
2026/07/30 06:28:20 candidates=0 corpus=675 coverage=13522 exec total=126188 (177/min) pending=0 reproducing=1 
2026/07/30 06:28:30 candidates=0 corpus=675 coverage=13522 exec total=126188 (176/min) pending=0 reproducing=1 
2026/07/30 06:28:40 candidates=0 corpus=675 coverage=13522 exec total=126188 (176/min) pending=0 reproducing=1 
2026/07/30 06:28:50 candidates=0 corpus=675 coverage=13522 exec total=126188 (176/min) pending=0 reproducing=1 
2026/07/30 06:29:00 candidates=0 corpus=675 coverage=13522 exec total=126188 (176/min) pending=0 reproducing=1 
2026/07/30 06:29:10 candidates=0 corpus=675 coverage=13522 exec total=126188 (176/min) pending=0 reproducing=1 
2026/07/30 06:29:20 candidates=0 corpus=675 coverage=13522 exec total=126188 (176/min) pending=0 reproducing=1 
2026/07/30 06:29:30 candidates=0 corpus=675 coverage=13522 exec total=126188 (176/min) pending=0 reproducing=1 
2026/07/30 06:29:40 candidates=0 corpus=675 coverage=13522 exec total=126188 (176/min) pending=0 reproducing=1 
2026/07/30 06:29:50 candidates=0 corpus=675 coverage=13522 exec total=126188 (176/min) pending=0 reproducing=1 
2026/07/30 06:30:00 candidates=0 corpus=675 coverage=13522 exec total=126188 (176/min) pending=0 reproducing=1 
2026/07/30 06:30:10 candidates=0 corpus=675 coverage=13522 exec total=126188 (176/min) pending=0 reproducing=1 
2026/07/30 06:30:20 candidates=0 corpus=675 coverage=13522 exec total=126188 (176/min) pending=0 reproducing=1 
2026/07/30 06:30:30 candidates=0 corpus=675 coverage=13522 exec total=126188 (176/min) pending=0 reproducing=1 
2026/07/30 06:30:40 candidates=0 corpus=675 coverage=13522 exec total=126188 (176/min) pending=0 reproducing=1 
2026/07/30 06:30:50 candidates=0 corpus=675 coverage=13522 exec total=126188 (176/min) pending=0 reproducing=1 
2026/07/30 06:31:00 candidates=0 corpus=675 coverage=13522 exec total=126188 (176/min) pending=0 reproducing=1 
2026/07/30 06:31:10 candidates=0 corpus=675 coverage=13522 exec total=126188 (176/min) pending=0 reproducing=1 
2026/07/30 06:31:20 candidates=0 corpus=675 coverage=13522 exec total=126188 (176/min) pending=0 reproducing=1 
2026/07/30 06:31:30 candidates=0 corpus=675 coverage=13522 exec total=126188 (176/min) pending=0 reproducing=1 
2026/07/30 06:31:40 candidates=0 corpus=675 coverage=13522 exec total=126188 (176/min) pending=0 reproducing=1 
2026/07/30 06:31:50 candidates=0 corpus=675 coverage=13522 exec total=126188 (176/min) pending=0 reproducing=1 
2026/07/30 06:32:00 candidates=0 corpus=675 coverage=13522 exec total=126188 (176/min) pending=0 reproducing=1 
2026/07/30 06:32:10 candidates=0 corpus=675 coverage=13522 exec total=126188 (176/min) pending=0 reproducing=1 
2026/07/30 06:32:20 candidates=0 corpus=675 coverage=13522 exec total=126188 (176/min) pending=0 reproducing=1 
2026/07/30 06:32:30 candidates=0 corpus=675 coverage=13522 exec total=126188 (175/min) pending=0 reproducing=1 
2026/07/30 06:32:40 candidates=0 corpus=675 coverage=13522 exec total=126188 (175/min) pending=0 reproducing=1 
2026/07/30 06:32:50 candidates=0 corpus=675 coverage=13522 exec total=126188 (175/min) pending=0 reproducing=1 
2026/07/30 06:33:00 candidates=0 corpus=675 coverage=13522 exec total=126188 (175/min) pending=0 reproducing=1 
2026/07/30 06:33:10 candidates=0 corpus=675 coverage=13522 exec total=126188 (175/min) pending=0 reproducing=1 
2026/07/30 06:33:20 candidates=0 corpus=675 coverage=13522 exec total=126188 (175/min) pending=0 reproducing=1 
2026/07/30 06:33:30 candidates=0 corpus=675 coverage=13522 exec total=126188 (175/min) pending=0 reproducing=1 
2026/07/30 06:33:40 candidates=0 corpus=675 coverage=13522 exec total=126188 (175/min) pending=0 reproducing=1 
2026/07/30 06:33:50 candidates=0 corpus=675 coverage=13522 exec total=126188 (175/min) pending=0 reproducing=1 
2026/07/30 06:34:00 candidates=0 corpus=675 coverage=13522 exec total=126188 (175/min) pending=0 reproducing=1 
2026/07/30 06:34:10 candidates=0 corpus=675 coverage=13522 exec total=126188 (175/min) pending=0 reproducing=1 
2026/07/30 06:34:20 candidates=0 corpus=675 coverage=13522 exec total=126188 (175/min) pending=0 reproducing=1 
2026/07/30 06:34:30 candidates=0 corpus=675 coverage=13522 exec total=126188 (175/min) pending=0 reproducing=1 
2026/07/30 06:34:40 candidates=0 corpus=675 coverage=13522 exec total=126188 (175/min) pending=0 reproducing=1 
2026/07/30 06:34:50 candidates=0 corpus=675 coverage=13522 exec total=126188 (175/min) pending=0 reproducing=1 
2026/07/30 06:35:00 candidates=0 corpus=675 coverage=13522 exec total=126188 (175/min) pending=0 reproducing=1 
2026/07/30 06:35:10 candidates=0 corpus=675 coverage=13522 exec total=126188 (175/min) pending=0 reproducing=1 
2026/07/30 06:35:20 candidates=0 corpus=675 coverage=13522 exec total=126188 (175/min) pending=0 reproducing=1 
2026/07/30 06:35:30 candidates=0 corpus=675 coverage=13522 exec total=126188 (175/min) pending=0 reproducing=1 
2026/07/30 06:35:40 candidates=0 corpus=675 coverage=13522 exec total=126188 (175/min) pending=0 reproducing=1 
2026/07/30 06:35:50 candidates=0 corpus=675 coverage=13522 exec total=126188 (175/min) pending=0 reproducing=1 
2026/07/30 06:36:00 candidates=0 corpus=675 coverage=13522 exec total=126188 (175/min) pending=0 reproducing=1 
2026/07/30 06:36:10 candidates=0 corpus=675 coverage=13522 exec total=126188 (175/min) pending=0 reproducing=1 
2026/07/30 06:36:20 candidates=0 corpus=675 coverage=13522 exec total=126188 (175/min) pending=0 reproducing=1 
2026/07/30 06:36:30 candidates=0 corpus=675 coverage=13522 exec total=126188 (175/min) pending=0 reproducing=1 
2026/07/30 06:36:40 candidates=0 corpus=675 coverage=13522 exec total=126188 (174/min) pending=0 reproducing=1 
2026/07/30 06:36:50 candidates=0 corpus=675 coverage=13522 exec total=126188 (174/min) pending=0 reproducing=1 
2026/07/30 06:36:57 boot error: repair failed: SSH failed
2026/07/30 06:37:00 candidates=0 corpus=675 coverage=13522 exec total=126188 (174/min) pending=0 reproducing=1 
2026/07/30 06:37:10 candidates=0 corpus=675 coverage=13522 exec total=126188 (174/min) pending=0 reproducing=1 
2026/07/30 06:37:20 candidates=0 corpus=675 coverage=13522 exec total=126188 (174/min) pending=0 reproducing=1 
2026/07/30 06:37:30 candidates=0 corpus=675 coverage=13522 exec total=126188 (174/min) pending=0 reproducing=1 
2026/07/30 06:37:40 candidates=0 corpus=675 coverage=13522 exec total=126188 (174/min) pending=0 reproducing=1 
2026/07/30 06:37:50 candidates=0 corpus=675 coverage=13522 exec total=126188 (174/min) pending=0 reproducing=1 
2026/07/30 06:38:00 candidates=0 corpus=675 coverage=13522 exec total=126188 (174/min) pending=0 reproducing=1 
2026/07/30 06:38:10 candidates=0 corpus=675 coverage=13522 exec total=126188 (174/min) pending=0 reproducing=1 
2026/07/30 06:38:20 candidates=0 corpus=675 coverage=13522 exec total=126188 (174/min) pending=0 reproducing=1 
2026/07/30 06:38:30 candidates=0 corpus=675 coverage=13522 exec total=126188 (174/min) pending=0 reproducing=1 
2026/07/30 06:38:40 candidates=0 corpus=675 coverage=13522 exec total=126188 (174/min) pending=0 reproducing=1 
2026/07/30 06:38:50 candidates=0 corpus=675 coverage=13522 exec total=126188 (174/min) pending=0 reproducing=1 
2026/07/30 06:39:00 candidates=0 corpus=675 coverage=13522 exec total=126188 (174/min) pending=0 reproducing=1 
2026/07/30 06:39:10 candidates=0 corpus=675 coverage=13522 exec total=126188 (174/min) pending=0 reproducing=1 
2026/07/30 06:39:20 candidates=0 corpus=675 coverage=13522 exec total=126188 (174/min) pending=0 reproducing=1 
2026/07/30 06:39:30 candidates=0 corpus=675 coverage=13522 exec total=126188 (174/min) pending=0 reproducing=1 
2026/07/30 06:39:40 candidates=0 corpus=675 coverage=13522 exec total=126188 (174/min) pending=0 reproducing=1 
2026/07/30 06:39:50 candidates=0 corpus=675 coverage=13522 exec total=126188 (174/min) pending=0 reproducing=1 
2026/07/30 06:40:00 candidates=0 corpus=675 coverage=13522 exec total=126188 (174/min) pending=0 reproducing=1 
2026/07/30 06:40:10 candidates=0 corpus=675 coverage=13522 exec total=126188 (174/min) pending=0 reproducing=1 
2026/07/30 06:40:20 candidates=0 corpus=675 coverage=13522 exec total=126188 (174/min) pending=0 reproducing=1 
2026/07/30 06:40:30 candidates=0 corpus=675 coverage=13522 exec total=126188 (174/min) pending=0 reproducing=1 
2026/07/30 06:40:40 candidates=0 corpus=675 coverage=13522 exec total=126188 (174/min) pending=0 reproducing=1 
2026/07/30 06:40:50 candidates=0 corpus=675 coverage=13522 exec total=126188 (173/min) pending=0 reproducing=1 
2026/07/30 06:41:00 candidates=0 corpus=675 coverage=13522 exec total=126188 (173/min) pending=0 reproducing=1 
2026/07/30 06:41:10 candidates=0 corpus=675 coverage=13522 exec total=126188 (173/min) pending=0 reproducing=1 
2026/07/30 06:41:20 candidates=0 corpus=675 coverage=13522 exec total=126188 (173/min) pending=0 reproducing=1 
2026/07/30 06:41:30 candidates=0 corpus=675 coverage=13522 exec total=126188 (173/min) pending=0 reproducing=1 
2026/07/30 06:41:40 candidates=0 corpus=675 coverage=13522 exec total=126188 (173/min) pending=0 reproducing=1 
2026/07/30 06:41:50 candidates=0 corpus=675 coverage=13522 exec total=126188 (173/min) pending=0 reproducing=1 
2026/07/30 06:42:00 candidates=0 corpus=675 coverage=13522 exec total=126188 (173/min) pending=0 reproducing=1 
2026/07/30 06:42:10 candidates=0 corpus=675 coverage=13522 exec total=126188 (173/min) pending=0 reproducing=1 
2026/07/30 06:42:20 candidates=0 corpus=675 coverage=13522 exec total=126188 (173/min) pending=0 reproducing=1 
2026/07/30 06:42:30 candidates=0 corpus=675 coverage=13522 exec total=126188 (173/min) pending=0 reproducing=1 
2026/07/30 06:42:40 candidates=0 corpus=675 coverage=13522 exec total=126188 (173/min) pending=0 reproducing=1 
2026/07/30 06:42:50 candidates=0 corpus=675 coverage=13522 exec total=126188 (173/min) pending=0 reproducing=1 
2026/07/30 06:43:00 candidates=0 corpus=675 coverage=13522 exec total=126188 (173/min) pending=0 reproducing=1 
2026/07/30 06:43:10 candidates=0 corpus=675 coverage=13522 exec total=126188 (173/min) pending=0 reproducing=1 
2026/07/30 06:43:20 candidates=0 corpus=675 coverage=13522 exec total=126188 (173/min) pending=0 reproducing=1 
2026/07/30 06:43:30 candidates=0 corpus=675 coverage=13522 exec total=126188 (173/min) pending=0 reproducing=1 
2026/07/30 06:43:40 candidates=0 corpus=675 coverage=13522 exec total=126188 (173/min) pending=0 reproducing=1 
2026/07/30 06:43:50 candidates=0 corpus=675 coverage=13522 exec total=126188 (173/min) pending=0 reproducing=1 
2026/07/30 06:44:00 candidates=0 corpus=675 coverage=13522 exec total=126188 (173/min) pending=0 reproducing=1 
2026/07/30 06:44:10 candidates=0 corpus=675 coverage=13522 exec total=126188 (173/min) pending=0 reproducing=1 
2026/07/30 06:44:20 candidates=0 corpus=675 coverage=13522 exec total=126188 (173/min) pending=0 reproducing=1 
2026/07/30 06:44:30 candidates=0 corpus=675 coverage=13522 exec total=126188 (173/min) pending=0 reproducing=1 
2026/07/30 06:44:40 candidates=0 corpus=675 coverage=13522 exec total=126188 (173/min) pending=0 reproducing=1 
2026/07/30 06:44:50 candidates=0 corpus=675 coverage=13522 exec total=126188 (173/min) pending=0 reproducing=1 
2026/07/30 06:45:00 candidates=0 corpus=675 coverage=13522 exec total=126188 (172/min) pending=0 reproducing=1 
2026/07/30 06:45:10 candidates=0 corpus=675 coverage=13522 exec total=126188 (172/min) pending=0 reproducing=1 
2026/07/30 06:45:20 candidates=0 corpus=675 coverage=13522 exec total=126188 (172/min) pending=0 reproducing=1 
2026/07/30 06:45:30 candidates=0 corpus=675 coverage=13522 exec total=126188 (172/min) pending=0 reproducing=1 
2026/07/30 06:45:40 candidates=0 corpus=675 coverage=13522 exec total=126188 (172/min) pending=0 reproducing=1 
2026/07/30 06:45:50 candidates=0 corpus=675 coverage=13522 exec total=126188 (172/min) pending=0 reproducing=1 
2026/07/30 06:46:00 candidates=0 corpus=675 coverage=13522 exec total=126188 (172/min) pending=0 reproducing=1 
2026/07/30 06:46:10 candidates=0 corpus=675 coverage=13522 exec total=126188 (172/min) pending=0 reproducing=1 
2026/07/30 06:46:20 candidates=0 corpus=675 coverage=13522 exec total=126188 (172/min) pending=0 reproducing=1 
2026/07/30 06:46:30 candidates=0 corpus=675 coverage=13522 exec total=126188 (172/min) pending=0 reproducing=1 
2026/07/30 06:46:40 candidates=0 corpus=675 coverage=13522 exec total=126188 (172/min) pending=0 reproducing=1 
2026/07/30 06:46:50 candidates=0 corpus=675 coverage=13522 exec total=126188 (172/min) pending=0 reproducing=1 
2026/07/30 06:47:00 candidates=0 corpus=675 coverage=13522 exec total=126188 (172/min) pending=0 reproducing=1 
2026/07/30 06:47:10 candidates=0 corpus=675 coverage=13522 exec total=126188 (172/min) pending=0 reproducing=1 
2026/07/30 06:47:20 candidates=0 corpus=675 coverage=13522 exec total=126188 (172/min) pending=0 reproducing=1 
2026/07/30 06:47:30 candidates=0 corpus=675 coverage=13522 exec total=126188 (172/min) pending=0 reproducing=1 
2026/07/30 06:47:40 candidates=0 corpus=675 coverage=13522 exec total=126188 (172/min) pending=0 reproducing=1 
2026/07/30 06:47:50 candidates=0 corpus=675 coverage=13522 exec total=126188 (172/min) pending=0 reproducing=1 
2026/07/30 06:48:00 candidates=0 corpus=675 coverage=13522 exec total=126188 (172/min) pending=0 reproducing=1 
2026/07/30 06:48:10 candidates=0 corpus=675 coverage=13522 exec total=126188 (172/min) pending=0 reproducing=1 
2026/07/30 06:48:20 candidates=0 corpus=675 coverage=13522 exec total=126188 (172/min) pending=0 reproducing=1 
2026/07/30 06:48:30 candidates=0 corpus=675 coverage=13522 exec total=126188 (172/min) pending=0 reproducing=1 
2026/07/30 06:48:40 candidates=0 corpus=675 coverage=13522 exec total=126188 (172/min) pending=0 reproducing=1 
2026/07/30 06:48:50 candidates=0 corpus=675 coverage=13522 exec total=126188 (172/min) pending=0 reproducing=1 
2026/07/30 06:49:00 candidates=0 corpus=675 coverage=13522 exec total=126188 (172/min) pending=0 reproducing=1 
2026/07/30 06:49:10 candidates=0 corpus=675 coverage=13522 exec total=126188 (171/min) pending=0 reproducing=1 
2026/07/30 06:49:20 candidates=0 corpus=675 coverage=13522 exec total=126188 (171/min) pending=0 reproducing=1 
2026/07/30 06:49:30 candidates=0 corpus=675 coverage=13522 exec total=126188 (171/min) pending=0 reproducing=1 
2026/07/30 06:49:40 candidates=0 corpus=675 coverage=13522 exec total=126188 (171/min) pending=0 reproducing=1 
2026/07/30 06:49:50 candidates=0 corpus=675 coverage=13522 exec total=126188 (171/min) pending=0 reproducing=1 
2026/07/30 06:50:00 candidates=0 corpus=675 coverage=13522 exec total=126188 (171/min) pending=0 reproducing=1 
2026/07/30 06:50:10 candidates=0 corpus=675 coverage=13522 exec total=126188 (171/min) pending=0 reproducing=1 
2026/07/30 06:50:20 candidates=0 corpus=675 coverage=13522 exec total=126188 (171/min) pending=0 reproducing=1 
2026/07/30 06:50:30 candidates=0 corpus=675 coverage=13522 exec total=126188 (171/min) pending=0 reproducing=1 
2026/07/30 06:50:40 candidates=0 corpus=675 coverage=13522 exec total=126188 (171/min) pending=0 reproducing=1 
2026/07/30 06:50:50 candidates=0 corpus=675 coverage=13522 exec total=126188 (171/min) pending=0 reproducing=1 
2026/07/30 06:51:00 candidates=0 corpus=675 coverage=13522 exec total=126188 (171/min) pending=0 reproducing=1 
2026/07/30 06:51:10 candidates=0 corpus=675 coverage=13522 exec total=126188 (171/min) pending=0 reproducing=1 
2026/07/30 06:51:20 candidates=0 corpus=675 coverage=13522 exec total=126188 (171/min) pending=0 reproducing=1 
2026/07/30 06:51:30 candidates=0 corpus=675 coverage=13522 exec total=126188 (171/min) pending=0 reproducing=1 
2026/07/30 06:51:40 candidates=0 corpus=675 coverage=13522 exec total=126188 (171/min) pending=0 reproducing=1 
2026/07/30 06:51:50 candidates=0 corpus=675 coverage=13522 exec total=126188 (171/min) pending=0 reproducing=1 
2026/07/30 06:52:00 candidates=0 corpus=675 coverage=13522 exec total=126188 (171/min) pending=0 reproducing=1 
2026/07/30 06:52:10 candidates=0 corpus=675 coverage=13522 exec total=126188 (171/min) pending=0 reproducing=1 
2026/07/30 06:52:20 candidates=0 corpus=675 coverage=13522 exec total=126188 (171/min) pending=0 reproducing=1 
2026/07/30 06:52:30 candidates=0 corpus=675 coverage=13522 exec total=126188 (171/min) pending=0 reproducing=1 
2026/07/30 06:52:40 candidates=0 corpus=675 coverage=13522 exec total=126188 (171/min) pending=0 reproducing=1 
2026/07/30 06:52:50 candidates=0 corpus=675 coverage=13522 exec total=126188 (171/min) pending=0 reproducing=1 
2026/07/30 06:53:00 candidates=0 corpus=675 coverage=13522 exec total=126188 (171/min) pending=0 reproducing=1 
2026/07/30 06:53:10 candidates=0 corpus=675 coverage=13522 exec total=126188 (171/min) pending=0 reproducing=1 
2026/07/30 06:53:20 candidates=0 corpus=675 coverage=13522 exec total=126188 (171/min) pending=0 reproducing=1 
2026/07/30 06:53:30 candidates=0 corpus=675 coverage=13522 exec total=126188 (170/min) pending=0 reproducing=1 
2026/07/30 06:53:40 candidates=0 corpus=675 coverage=13522 exec total=126188 (170/min) pending=0 reproducing=1 
2026/07/30 06:53:50 candidates=0 corpus=675 coverage=13522 exec total=126188 (170/min) pending=0 reproducing=1 
2026/07/30 06:54:00 candidates=0 corpus=675 coverage=13522 exec total=126188 (170/min) pending=0 reproducing=1 
2026/07/30 06:54:10 candidates=0 corpus=675 coverage=13522 exec total=126188 (170/min) pending=0 reproducing=1 
2026/07/30 06:54:20 candidates=0 corpus=675 coverage=13522 exec total=126188 (170/min) pending=0 reproducing=1 
2026/07/30 06:54:30 candidates=0 corpus=675 coverage=13522 exec total=126188 (170/min) pending=0 reproducing=1 
2026/07/30 06:54:40 candidates=0 corpus=675 coverage=13522 exec total=126188 (170/min) pending=0 reproducing=1 
2026/07/30 06:54:50 candidates=0 corpus=675 coverage=13522 exec total=126188 (170/min) pending=0 reproducing=1 
2026/07/30 06:55:00 candidates=0 corpus=675 coverage=13522 exec total=126188 (170/min) pending=0 reproducing=1 
2026/07/30 06:55:10 candidates=0 corpus=675 coverage=13522 exec total=126188 (170/min) pending=0 reproducing=1 
2026/07/30 06:55:20 candidates=0 corpus=675 coverage=13522 exec total=126188 (170/min) pending=0 reproducing=1 
2026/07/30 06:55:30 candidates=0 corpus=675 coverage=13522 exec total=126188 (170/min) pending=0 reproducing=1 
2026/07/30 06:55:40 candidates=0 corpus=675 coverage=13522 exec total=126188 (170/min) pending=0 reproducing=1 
2026/07/30 06:55:50 candidates=0 corpus=675 coverage=13522 exec total=126188 (170/min) pending=0 reproducing=1 
2026/07/30 06:56:00 candidates=0 corpus=675 coverage=13522 exec total=126188 (170/min) pending=0 reproducing=1 
2026/07/30 06:56:10 candidates=0 corpus=675 coverage=13522 exec total=126188 (170/min) pending=0 reproducing=1 
2026/07/30 06:56:20 candidates=0 corpus=675 coverage=13522 exec total=126188 (170/min) pending=0 reproducing=1 
2026/07/30 06:56:30 candidates=0 corpus=675 coverage=13522 exec total=126188 (170/min) pending=0 reproducing=1 
2026/07/30 06:56:40 candidates=0 corpus=675 coverage=13522 exec total=126188 (170/min) pending=0 reproducing=1 
2026/07/30 06:56:50 candidates=0 corpus=675 coverage=13522 exec total=126188 (170/min) pending=0 reproducing=1 
2026/07/30 06:57:00 candidates=0 corpus=675 coverage=13522 exec total=126188 (170/min) pending=0 reproducing=1 
2026/07/30 06:57:10 candidates=0 corpus=675 coverage=13522 exec total=126188 (170/min) pending=0 reproducing=1 
2026/07/30 06:57:20 candidates=0 corpus=675 coverage=13522 exec total=126188 (170/min) pending=0 reproducing=1 
2026/07/30 06:57:30 candidates=0 corpus=675 coverage=13522 exec total=126188 (170/min) pending=0 reproducing=1 
2026/07/30 06:57:40 candidates=0 corpus=675 coverage=13522 exec total=126188 (170/min) pending=0 reproducing=1 
2026/07/30 06:57:50 candidates=0 corpus=675 coverage=13522 exec total=126188 (169/min) pending=0 reproducing=1 
2026/07/30 06:58:00 candidates=0 corpus=675 coverage=13522 exec total=126188 (169/min) pending=0 reproducing=1 
2026/07/30 06:58:10 candidates=0 corpus=675 coverage=13522 exec total=126188 (169/min) pending=0 reproducing=1 
2026/07/30 06:58:20 candidates=0 corpus=675 coverage=13522 exec total=126188 (169/min) pending=0 reproducing=1 
2026/07/30 06:58:30 candidates=0 corpus=675 coverage=13522 exec total=126188 (169/min) pending=0 reproducing=1 
2026/07/30 06:58:40 candidates=0 corpus=675 coverage=13522 exec total=126188 (169/min) pending=0 reproducing=1 
2026/07/30 06:58:50 candidates=0 corpus=675 coverage=13522 exec total=126188 (169/min) pending=0 reproducing=1 
2026/07/30 06:59:00 candidates=0 corpus=675 coverage=13522 exec total=126188 (169/min) pending=0 reproducing=1 
2026/07/30 06:59:10 candidates=0 corpus=675 coverage=13522 exec total=126188 (169/min) pending=0 reproducing=1 
2026/07/30 06:59:20 candidates=0 corpus=675 coverage=13522 exec total=126188 (169/min) pending=0 reproducing=1 
2026/07/30 06:59:30 candidates=0 corpus=675 coverage=13522 exec total=126188 (169/min) pending=0 reproducing=1 
2026/07/30 06:59:40 candidates=0 corpus=675 coverage=13522 exec total=126188 (169/min) pending=0 reproducing=1 
2026/07/30 06:59:50 candidates=0 corpus=675 coverage=13522 exec total=126188 (169/min) pending=0 reproducing=1 
2026/07/30 07:00:00 candidates=0 corpus=675 coverage=13522 exec total=126188 (169/min) pending=0 reproducing=1 
2026/07/30 07:00:10 candidates=0 corpus=675 coverage=13522 exec total=126188 (169/min) pending=0 reproducing=1 
2026/07/30 07:00:20 candidates=0 corpus=675 coverage=13522 exec total=126188 (169/min) pending=0 reproducing=1 
2026/07/30 07:00:30 candidates=0 corpus=675 coverage=13522 exec total=126188 (169/min) pending=0 reproducing=1 
2026/07/30 07:00:40 candidates=0 corpus=675 coverage=13522 exec total=126188 (169/min) pending=0 reproducing=1 
2026/07/30 07:00:50 candidates=0 corpus=675 coverage=13522 exec total=126188 (169/min) pending=0 reproducing=1 
2026/07/30 07:01:00 candidates=0 corpus=675 coverage=13522 exec total=126188 (169/min) pending=0 reproducing=1 
2026/07/30 07:01:10 candidates=0 corpus=675 coverage=13522 exec total=126188 (169/min) pending=0 reproducing=1 
2026/07/30 07:01:20 candidates=0 corpus=675 coverage=13522 exec total=126188 (169/min) pending=0 reproducing=1 
2026/07/30 07:01:30 candidates=0 corpus=675 coverage=13522 exec total=126188 (169/min) pending=0 reproducing=1 
2026/07/30 07:01:40 candidates=0 corpus=675 coverage=13522 exec total=126188 (169/min) pending=0 reproducing=1 
2026/07/30 07:01:50 candidates=0 corpus=675 coverage=13522 exec total=126188 (169/min) pending=0 reproducing=1 
2026/07/30 07:02:00 candidates=0 corpus=675 coverage=13522 exec total=126188 (169/min) pending=0 reproducing=1 
2026/07/30 07:02:10 candidates=0 corpus=675 coverage=13522 exec total=126188 (168/min) pending=0 reproducing=1 
2026/07/30 07:02:20 candidates=0 corpus=675 coverage=13522 exec total=126188 (168/min) pending=0 reproducing=1 
2026/07/30 07:02:30 candidates=0 corpus=675 coverage=13522 exec total=126188 (168/min) pending=0 reproducing=1 
2026/07/30 07:02:40 candidates=0 corpus=675 coverage=13522 exec total=126188 (168/min) pending=0 reproducing=1 
2026/07/30 07:02:50 candidates=0 corpus=675 coverage=13522 exec total=126188 (168/min) pending=0 reproducing=1 
2026/07/30 07:03:00 candidates=0 corpus=675 coverage=13522 exec total=126188 (168/min) pending=0 reproducing=1 
2026/07/30 07:03:10 candidates=0 corpus=675 coverage=13522 exec total=126188 (168/min) pending=0 reproducing=1 
2026/07/30 07:03:20 candidates=0 corpus=675 coverage=13522 exec total=126188 (168/min) pending=0 reproducing=1 
2026/07/30 07:03:30 candidates=0 corpus=675 coverage=13522 exec total=126188 (168/min) pending=0 reproducing=1 
2026/07/30 07:03:40 candidates=0 corpus=675 coverage=13522 exec total=126188 (168/min) pending=0 reproducing=1 
2026/07/30 07:03:50 candidates=0 corpus=675 coverage=13522 exec total=126188 (168/min) pending=0 reproducing=1 
2026/07/30 07:04:00 candidates=0 corpus=675 coverage=13522 exec total=126188 (168/min) pending=0 reproducing=1 
2026/07/30 07:04:10 candidates=0 corpus=675 coverage=13522 exec total=126188 (168/min) pending=0 reproducing=1 
2026/07/30 07:04:20 candidates=0 corpus=675 coverage=13522 exec total=126188 (168/min) pending=0 reproducing=1 
2026/07/30 07:04:30 candidates=0 corpus=675 coverage=13522 exec total=126188 (168/min) pending=0 reproducing=1 
2026/07/30 07:04:40 candidates=0 corpus=675 coverage=13522 exec total=126188 (168/min) pending=0 reproducing=1 
2026/07/30 07:04:50 candidates=0 corpus=675 coverage=13522 exec total=126188 (168/min) pending=0 reproducing=1 
2026/07/30 07:05:00 candidates=0 corpus=675 coverage=13522 exec total=126188 (168/min) pending=0 reproducing=1 
2026/07/30 07:05:10 candidates=0 corpus=675 coverage=13522 exec total=126188 (168/min) pending=0 reproducing=1 
2026/07/30 07:05:20 candidates=0 corpus=675 coverage=13522 exec total=126188 (168/min) pending=0 reproducing=1 
2026/07/30 07:05:30 candidates=0 corpus=675 coverage=13522 exec total=126188 (168/min) pending=0 reproducing=1 
2026/07/30 07:05:40 candidates=0 corpus=675 coverage=13522 exec total=126188 (168/min) pending=0 reproducing=1 
2026/07/30 07:05:50 candidates=0 corpus=675 coverage=13522 exec total=126188 (168/min) pending=0 reproducing=1 
2026/07/30 07:06:00 candidates=0 corpus=675 coverage=13522 exec total=126188 (168/min) pending=0 reproducing=1 
2026/07/30 07:06:10 candidates=0 corpus=675 coverage=13522 exec total=126188 (168/min) pending=0 reproducing=1 
2026/07/30 07:06:20 candidates=0 corpus=675 coverage=13522 exec total=126188 (168/min) pending=0 reproducing=1 
2026/07/30 07:06:30 candidates=0 corpus=675 coverage=13522 exec total=126188 (168/min) pending=0 reproducing=1 
2026/07/30 07:06:40 candidates=0 corpus=675 coverage=13522 exec total=126188 (167/min) pending=0 reproducing=1 
2026/07/30 07:06:50 candidates=0 corpus=675 coverage=13522 exec total=126188 (167/min) pending=0 reproducing=1 
2026/07/30 07:07:00 candidates=0 corpus=675 coverage=13522 exec total=126188 (167/min) pending=0 reproducing=1 
2026/07/30 07:07:03 boot error: repair failed: SSH failed
2026/07/30 07:07:10 candidates=0 corpus=675 coverage=13522 exec total=126188 (167/min) pending=0 reproducing=1 
2026/07/30 07:07:20 candidates=0 corpus=675 coverage=13522 exec total=126188 (167/min) pending=0 reproducing=1 
2026/07/30 07:07:30 candidates=0 corpus=675 coverage=13522 exec total=126188 (167/min) pending=0 reproducing=1 
2026/07/30 07:07:40 candidates=0 corpus=675 coverage=13522 exec total=126188 (167/min) pending=0 reproducing=1 
2026/07/30 07:07:50 candidates=0 corpus=675 coverage=13522 exec total=126188 (167/min) pending=0 reproducing=1 
2026/07/30 07:08:00 candidates=0 corpus=675 coverage=13522 exec total=126188 (167/min) pending=0 reproducing=1 
2026/07/30 07:08:10 candidates=0 corpus=675 coverage=13522 exec total=126188 (167/min) pending=0 reproducing=1 
2026/07/30 07:08:20 candidates=0 corpus=675 coverage=13522 exec total=126188 (167/min) pending=0 reproducing=1 
2026/07/30 07:08:30 candidates=0 corpus=675 coverage=13522 exec total=126188 (167/min) pending=0 reproducing=1 
2026/07/30 07:08:40 candidates=0 corpus=675 coverage=13522 exec total=126188 (167/min) pending=0 reproducing=1 
2026/07/30 07:08:50 candidates=0 corpus=675 coverage=13522 exec total=126188 (167/min) pending=0 reproducing=1 
2026/07/30 07:09:00 candidates=0 corpus=675 coverage=13522 exec total=126188 (167/min) pending=0 reproducing=1 
2026/07/30 07:09:10 candidates=0 corpus=675 coverage=13522 exec total=126188 (167/min) pending=0 reproducing=1 
2026/07/30 07:09:20 candidates=0 corpus=675 coverage=13522 exec total=126188 (167/min) pending=0 reproducing=1 
2026/07/30 07:09:30 candidates=0 corpus=675 coverage=13522 exec total=126188 (167/min) pending=0 reproducing=1 
2026/07/30 07:09:40 candidates=0 corpus=675 coverage=13522 exec total=126188 (167/min) pending=0 reproducing=1 
2026/07/30 07:09:50 candidates=0 corpus=675 coverage=13522 exec total=126188 (167/min) pending=0 reproducing=1 
2026/07/30 07:10:00 candidates=0 corpus=675 coverage=13522 exec total=126188 (167/min) pending=0 reproducing=1 
2026/07/30 07:10:10 candidates=0 corpus=675 coverage=13522 exec total=126188 (167/min) pending=0 reproducing=1 
2026/07/30 07:10:20 candidates=0 corpus=675 coverage=13522 exec total=126188 (167/min) pending=0 reproducing=1 
2026/07/30 07:10:30 candidates=0 corpus=675 coverage=13522 exec total=126188 (167/min) pending=0 reproducing=1 
2026/07/30 07:10:40 candidates=0 corpus=675 coverage=13522 exec total=126188 (167/min) pending=0 reproducing=1 
2026/07/30 07:10:50 candidates=0 corpus=675 coverage=13522 exec total=126188 (167/min) pending=0 reproducing=1 
2026/07/30 07:11:00 candidates=0 corpus=675 coverage=13522 exec total=126188 (167/min) pending=0 reproducing=1 
2026/07/30 07:11:10 candidates=0 corpus=675 coverage=13522 exec total=126188 (166/min) pending=0 reproducing=1 
2026/07/30 07:11:20 candidates=0 corpus=675 coverage=13522 exec total=126188 (166/min) pending=0 reproducing=1 
2026/07/30 07:11:30 candidates=0 corpus=675 coverage=13522 exec total=126188 (166/min) pending=0 reproducing=1 
2026/07/30 07:11:40 candidates=0 corpus=675 coverage=13522 exec total=126188 (166/min) pending=0 reproducing=1 
2026/07/30 07:11:50 candidates=0 corpus=675 coverage=13522 exec total=126188 (166/min) pending=0 reproducing=1 
2026/07/30 07:12:00 candidates=0 corpus=675 coverage=13522 exec total=126188 (166/min) pending=0 reproducing=1 
2026/07/30 07:12:10 candidates=0 corpus=675 coverage=13522 exec total=126188 (166/min) pending=0 reproducing=1 
2026/07/30 07:12:20 candidates=0 corpus=675 coverage=13522 exec total=126188 (166/min) pending=0 reproducing=1 
2026/07/30 07:12:30 candidates=0 corpus=675 coverage=13522 exec total=126188 (166/min) pending=0 reproducing=1 
2026/07/30 07:12:40 candidates=0 corpus=675 coverage=13522 exec total=126188 (166/min) pending=0 reproducing=1 
2026/07/30 07:12:50 candidates=0 corpus=675 coverage=13522 exec total=126188 (166/min) pending=0 reproducing=1 
2026/07/30 07:13:00 candidates=0 corpus=675 coverage=13522 exec total=126188 (166/min) pending=0 reproducing=1 
2026/07/30 07:13:10 candidates=0 corpus=675 coverage=13522 exec total=126188 (166/min) pending=0 reproducing=1 
2026/07/30 07:13:20 candidates=0 corpus=675 coverage=13522 exec total=126188 (166/min) pending=0 reproducing=1 
2026/07/30 07:13:30 candidates=0 corpus=675 coverage=13522 exec total=126188 (166/min) pending=0 reproducing=1 
2026/07/30 07:13:40 candidates=0 corpus=675 coverage=13522 exec total=126188 (166/min) pending=0 reproducing=1 
2026/07/30 07:13:50 candidates=0 corpus=675 coverage=13522 exec total=126188 (166/min) pending=0 reproducing=1 
2026/07/30 07:14:00 candidates=0 corpus=675 coverage=13522 exec total=126188 (166/min) pending=0 reproducing=1 
2026/07/30 07:14:10 candidates=0 corpus=675 coverage=13522 exec total=126188 (166/min) pending=0 reproducing=1 
2026/07/30 07:14:20 candidates=0 corpus=675 coverage=13522 exec total=126188 (166/min) pending=0 reproducing=1 
2026/07/30 07:14:30 candidates=0 corpus=675 coverage=13522 exec total=126188 (166/min) pending=0 reproducing=1 
2026/07/30 07:14:40 candidates=0 corpus=675 coverage=13522 exec total=126188 (166/min) pending=0 reproducing=1 
2026/07/30 07:14:50 candidates=0 corpus=675 coverage=13522 exec total=126188 (166/min) pending=0 reproducing=1 
2026/07/30 07:15:00 candidates=0 corpus=675 coverage=13522 exec total=126188 (166/min) pending=0 reproducing=1 
2026/07/30 07:15:10 candidates=0 corpus=675 coverage=13522 exec total=126188 (166/min) pending=0 reproducing=1 
2026/07/30 07:15:20 candidates=0 corpus=675 coverage=13522 exec total=126188 (166/min) pending=0 reproducing=1 
2026/07/30 07:15:30 candidates=0 corpus=675 coverage=13522 exec total=126188 (166/min) pending=0 reproducing=1 
2026/07/30 07:15:40 candidates=0 corpus=675 coverage=13522 exec total=126188 (165/min) pending=0 reproducing=1 
2026/07/30 07:15:50 candidates=0 corpus=675 coverage=13522 exec total=126188 (165/min) pending=0 reproducing=1 
2026/07/30 07:16:00 candidates=0 corpus=675 coverage=13522 exec total=126188 (165/min) pending=0 reproducing=1 
2026/07/30 07:16:10 candidates=0 corpus=675 coverage=13522 exec total=126188 (165/min) pending=0 reproducing=1 
2026/07/30 07:16:20 candidates=0 corpus=675 coverage=13522 exec total=126188 (165/min) pending=0 reproducing=1 
2026/07/30 07:16:30 candidates=0 corpus=675 coverage=13522 exec total=126188 (165/min) pending=0 reproducing=1 
2026/07/30 07:16:40 candidates=0 corpus=675 coverage=13522 exec total=126188 (165/min) pending=0 reproducing=1 
2026/07/30 07:16:50 candidates=0 corpus=675 coverage=13522 exec total=126188 (165/min) pending=0 reproducing=1 
2026/07/30 07:17:00 candidates=0 corpus=675 coverage=13522 exec total=126188 (165/min) pending=0 reproducing=1 
2026/07/30 07:17:10 candidates=0 corpus=675 coverage=13522 exec total=126188 (165/min) pending=0 reproducing=1 
2026/07/30 07:17:20 candidates=0 corpus=675 coverage=13522 exec total=126188 (165/min) pending=0 reproducing=1 
2026/07/30 07:17:30 candidates=0 corpus=675 coverage=13522 exec total=126188 (165/min) pending=0 reproducing=1 
2026/07/30 07:17:40 candidates=0 corpus=675 coverage=13522 exec total=126188 (165/min) pending=0 reproducing=1 
2026/07/30 07:17:50 candidates=0 corpus=675 coverage=13522 exec total=126188 (165/min) pending=0 reproducing=1 
2026/07/30 07:18:00 candidates=0 corpus=675 coverage=13522 exec total=126188 (165/min) pending=0 reproducing=1 
2026/07/30 07:18:10 candidates=0 corpus=675 coverage=13522 exec total=126188 (165/min) pending=0 reproducing=1 
2026/07/30 07:18:20 candidates=0 corpus=675 coverage=13522 exec total=126188 (165/min) pending=0 reproducing=1 
2026/07/30 07:18:30 candidates=0 corpus=675 coverage=13522 exec total=126188 (165/min) pending=0 reproducing=1 
2026/07/30 07:18:40 candidates=0 corpus=675 coverage=13522 exec total=126188 (165/min) pending=0 reproducing=1 
2026/07/30 07:18:50 candidates=0 corpus=675 coverage=13522 exec total=126188 (165/min) pending=0 reproducing=1 
2026/07/30 07:19:00 candidates=0 corpus=675 coverage=13522 exec total=126188 (165/min) pending=0 reproducing=1 
2026/07/30 07:19:10 candidates=0 corpus=675 coverage=13522 exec total=126188 (165/min) pending=0 reproducing=1 
2026/07/30 07:19:20 candidates=0 corpus=675 coverage=13522 exec total=126188 (165/min) pending=0 reproducing=1 
2026/07/30 07:19:30 candidates=0 corpus=675 coverage=13522 exec total=126188 (165/min) pending=0 reproducing=1 
2026/07/30 07:19:40 candidates=0 corpus=675 coverage=13522 exec total=126188 (165/min) pending=0 reproducing=1 
2026/07/30 07:19:50 candidates=0 corpus=675 coverage=13522 exec total=126188 (165/min) pending=0 reproducing=1 
2026/07/30 07:20:00 candidates=0 corpus=675 coverage=13522 exec total=126188 (165/min) pending=0 reproducing=1 
2026/07/30 07:20:10 candidates=0 corpus=675 coverage=13522 exec total=126188 (165/min) pending=0 reproducing=1 
2026/07/30 07:20:20 candidates=0 corpus=675 coverage=13522 exec total=126188 (164/min) pending=0 reproducing=1 
2026/07/30 07:20:30 candidates=0 corpus=675 coverage=13522 exec total=126188 (164/min) pending=0 reproducing=1 
2026/07/30 07:20:40 candidates=0 corpus=675 coverage=13522 exec total=126188 (164/min) pending=0 reproducing=1 
2026/07/30 07:20:50 candidates=0 corpus=675 coverage=13522 exec total=126188 (164/min) pending=0 reproducing=1 
2026/07/30 07:21:00 candidates=0 corpus=675 coverage=13522 exec total=126188 (164/min) pending=0 reproducing=1 
2026/07/30 07:21:10 candidates=0 corpus=675 coverage=13522 exec total=126188 (164/min) pending=0 reproducing=1 
2026/07/30 07:21:20 candidates=0 corpus=675 coverage=13522 exec total=126188 (164/min) pending=0 reproducing=1 
2026/07/30 07:21:30 candidates=0 corpus=675 coverage=13522 exec total=126188 (164/min) pending=0 reproducing=1 
2026/07/30 07:21:40 candidates=0 corpus=675 coverage=13522 exec total=126188 (164/min) pending=0 reproducing=1 
2026/07/30 07:21:50 candidates=0 corpus=675 coverage=13522 exec total=126188 (164/min) pending=0 reproducing=1 
2026/07/30 07:22:00 candidates=0 corpus=675 coverage=13522 exec total=126188 (164/min) pending=0 reproducing=1 
2026/07/30 07:22:10 candidates=0 corpus=675 coverage=13522 exec total=126188 (164/min) pending=0 reproducing=1 
2026/07/30 07:22:20 candidates=0 corpus=675 coverage=13522 exec total=126188 (164/min) pending=0 reproducing=1 
2026/07/30 07:22:30 candidates=0 corpus=675 coverage=13522 exec total=126188 (164/min) pending=0 reproducing=1 
2026/07/30 07:22:40 candidates=0 corpus=675 coverage=13522 exec total=126188 (164/min) pending=0 reproducing=1 
2026/07/30 07:22:50 candidates=0 corpus=675 coverage=13522 exec total=126188 (164/min) pending=0 reproducing=1 
2026/07/30 07:23:00 candidates=0 corpus=675 coverage=13522 exec total=126188 (164/min) pending=0 reproducing=1 
2026/07/30 07:23:10 candidates=0 corpus=675 coverage=13522 exec total=126188 (164/min) pending=0 reproducing=1 
2026/07/30 07:23:20 candidates=0 corpus=675 coverage=13522 exec total=126188 (164/min) pending=0 reproducing=1 
2026/07/30 07:23:30 candidates=0 corpus=675 coverage=13522 exec total=126188 (164/min) pending=0 reproducing=1 
2026/07/30 07:23:40 candidates=0 corpus=675 coverage=13522 exec total=126188 (164/min) pending=0 reproducing=1 
2026/07/30 07:23:50 candidates=0 corpus=675 coverage=13522 exec total=126188 (164/min) pending=0 reproducing=1 
2026/07/30 07:24:00 candidates=0 corpus=675 coverage=13522 exec total=126188 (164/min) pending=0 reproducing=1 
2026/07/30 07:24:10 candidates=0 corpus=675 coverage=13522 exec total=126188 (164/min) pending=0 reproducing=1 
2026/07/30 07:24:20 candidates=0 corpus=675 coverage=13522 exec total=126188 (164/min) pending=0 reproducing=1 
2026/07/30 07:24:30 candidates=0 corpus=675 coverage=13522 exec total=126188 (164/min) pending=0 reproducing=1 
2026/07/30 07:24:40 candidates=0 corpus=675 coverage=13522 exec total=126188 (164/min) pending=0 reproducing=1 
2026/07/30 07:24:50 candidates=0 corpus=675 coverage=13522 exec total=126188 (164/min) pending=0 reproducing=1 
2026/07/30 07:25:00 candidates=0 corpus=675 coverage=13522 exec total=126188 (163/min) pending=0 reproducing=1 
2026/07/30 07:25:10 candidates=0 corpus=675 coverage=13522 exec total=126188 (163/min) pending=0 reproducing=1 
2026/07/30 07:25:20 candidates=0 corpus=675 coverage=13522 exec total=126188 (163/min) pending=0 reproducing=1 
2026/07/30 07:25:30 candidates=0 corpus=675 coverage=13522 exec total=126188 (163/min) pending=0 reproducing=1 
2026/07/30 07:25:40 candidates=0 corpus=675 coverage=13522 exec total=126188 (163/min) pending=0 reproducing=1 
2026/07/30 07:25:50 candidates=0 corpus=675 coverage=13522 exec total=126188 (163/min) pending=0 reproducing=1 
2026/07/30 07:26:00 candidates=0 corpus=675 coverage=13522 exec total=126188 (163/min) pending=0 reproducing=1 
2026/07/30 07:26:10 candidates=0 corpus=675 coverage=13522 exec total=126188 (163/min) pending=0 reproducing=1 
2026/07/30 07:26:20 candidates=0 corpus=675 coverage=13522 exec total=126188 (163/min) pending=0 reproducing=1 
2026/07/30 07:26:30 candidates=0 corpus=675 coverage=13522 exec total=126188 (163/min) pending=0 reproducing=1 
2026/07/30 07:26:40 candidates=0 corpus=675 coverage=13522 exec total=126188 (163/min) pending=0 reproducing=1 
2026/07/30 07:26:50 candidates=0 corpus=675 coverage=13522 exec total=126188 (163/min) pending=0 reproducing=1 
2026/07/30 07:27:00 candidates=0 corpus=675 coverage=13522 exec total=126188 (163/min) pending=0 reproducing=1 
2026/07/30 07:27:10 candidates=0 corpus=675 coverage=13522 exec total=126188 (163/min) pending=0 reproducing=1 
2026/07/30 07:27:20 candidates=0 corpus=675 coverage=13522 exec total=126188 (163/min) pending=0 reproducing=1 
2026/07/30 07:27:30 candidates=0 corpus=675 coverage=13522 exec total=126188 (163/min) pending=0 reproducing=1 
2026/07/30 07:27:40 candidates=0 corpus=675 coverage=13522 exec total=126188 (163/min) pending=0 reproducing=1 
2026/07/30 07:27:50 candidates=0 corpus=675 coverage=13522 exec total=126188 (163/min) pending=0 reproducing=1 
2026/07/30 07:28:00 candidates=0 corpus=675 coverage=13522 exec total=126188 (163/min) pending=0 reproducing=1 
2026/07/30 07:28:10 candidates=0 corpus=675 coverage=13522 exec total=126188 (163/min) pending=0 reproducing=1 
2026/07/30 07:28:20 candidates=0 corpus=675 coverage=13522 exec total=126188 (163/min) pending=0 reproducing=1 
2026/07/30 07:28:30 candidates=0 corpus=675 coverage=13522 exec total=126188 (163/min) pending=0 reproducing=1 
2026/07/30 07:28:40 candidates=0 corpus=675 coverage=13522 exec total=126188 (163/min) pending=0 reproducing=1 
2026/07/30 07:28:50 candidates=0 corpus=675 coverage=13522 exec total=126188 (163/min) pending=0 reproducing=1 
2026/07/30 07:29:00 candidates=0 corpus=675 coverage=13522 exec total=126188 (163/min) pending=0 reproducing=1 
2026/07/30 07:29:10 candidates=0 corpus=675 coverage=13522 exec total=126188 (163/min) pending=0 reproducing=1 
2026/07/30 07:29:20 candidates=0 corpus=675 coverage=13522 exec total=126188 (163/min) pending=0 reproducing=1 
2026/07/30 07:29:30 candidates=0 corpus=675 coverage=13522 exec total=126188 (163/min) pending=0 reproducing=1 
2026/07/30 07:29:40 candidates=0 corpus=675 coverage=13522 exec total=126188 (162/min) pending=0 reproducing=1 
2026/07/30 07:29:50 candidates=0 corpus=675 coverage=13522 exec total=126188 (162/min) pending=0 reproducing=1 
2026/07/30 07:30:00 candidates=0 corpus=675 coverage=13522 exec total=126188 (162/min) pending=0 reproducing=1 
2026/07/30 07:30:10 candidates=0 corpus=675 coverage=13522 exec total=126188 (162/min) pending=0 reproducing=1 
2026/07/30 07:30:20 candidates=0 corpus=675 coverage=13522 exec total=126188 (162/min) pending=0 reproducing=1 
2026/07/30 07:30:30 candidates=0 corpus=675 coverage=13522 exec total=126188 (162/min) pending=0 reproducing=1 
2026/07/30 07:30:40 candidates=0 corpus=675 coverage=13522 exec total=126188 (162/min) pending=0 reproducing=1 
2026/07/30 07:30:50 candidates=0 corpus=675 coverage=13522 exec total=126188 (162/min) pending=0 reproducing=1 
2026/07/30 07:31:00 candidates=0 corpus=675 coverage=13522 exec total=126188 (162/min) pending=0 reproducing=1 
2026/07/30 07:31:10 candidates=0 corpus=675 coverage=13522 exec total=126188 (162/min) pending=0 reproducing=1 
2026/07/30 07:31:20 candidates=0 corpus=675 coverage=13522 exec total=126188 (162/min) pending=0 reproducing=1 
2026/07/30 07:31:30 candidates=0 corpus=675 coverage=13522 exec total=126188 (162/min) pending=0 reproducing=1 
2026/07/30 07:31:40 candidates=0 corpus=675 coverage=13522 exec total=126188 (162/min) pending=0 reproducing=1 
2026/07/30 07:31:50 candidates=0 corpus=675 coverage=13522 exec total=126188 (162/min) pending=0 reproducing=1 
2026/07/30 07:32:00 candidates=0 corpus=675 coverage=13522 exec total=126188 (162/min) pending=0 reproducing=1 
2026/07/30 07:32:10 candidates=0 corpus=675 coverage=13522 exec total=126188 (162/min) pending=0 reproducing=1 
2026/07/30 07:32:20 candidates=0 corpus=675 coverage=13522 exec total=126188 (162/min) pending=0 reproducing=1 
2026/07/30 07:32:30 candidates=0 corpus=675 coverage=13522 exec total=126188 (162/min) pending=0 reproducing=1 
2026/07/30 07:32:40 candidates=0 corpus=675 coverage=13522 exec total=126188 (162/min) pending=0 reproducing=1 
2026/07/30 07:32:50 candidates=0 corpus=675 coverage=13522 exec total=126188 (162/min) pending=0 reproducing=1 
2026/07/30 07:33:00 candidates=0 corpus=675 coverage=13522 exec total=126188 (162/min) pending=0 reproducing=1 
2026/07/30 07:33:10 candidates=0 corpus=675 coverage=13522 exec total=126188 (162/min) pending=0 reproducing=1 
2026/07/30 07:33:20 candidates=0 corpus=675 coverage=13522 exec total=126188 (162/min) pending=0 reproducing=1 
2026/07/30 07:33:30 candidates=0 corpus=675 coverage=13522 exec total=126188 (162/min) pending=0 reproducing=1 
2026/07/30 07:33:40 candidates=0 corpus=675 coverage=13522 exec total=126188 (162/min) pending=0 reproducing=1 
2026/07/30 07:33:50 candidates=0 corpus=675 coverage=13522 exec total=126188 (162/min) pending=0 reproducing=1 
2026/07/30 07:34:00 candidates=0 corpus=675 coverage=13522 exec total=126188 (162/min) pending=0 reproducing=1 
2026/07/30 07:34:10 candidates=0 corpus=675 coverage=13522 exec total=126188 (162/min) pending=0 reproducing=1 
2026/07/30 07:34:20 candidates=0 corpus=675 coverage=13522 exec total=126188 (162/min) pending=0 reproducing=1 
2026/07/30 07:34:30 candidates=0 corpus=675 coverage=13522 exec total=126188 (161/min) pending=0 reproducing=1 
2026/07/30 07:34:40 candidates=0 corpus=675 coverage=13522 exec total=126188 (161/min) pending=0 reproducing=1 
2026/07/30 07:34:50 candidates=0 corpus=675 coverage=13522 exec total=126188 (161/min) pending=0 reproducing=1 
2026/07/30 07:35:00 candidates=0 corpus=675 coverage=13522 exec total=126188 (161/min) pending=0 reproducing=1 
2026/07/30 07:35:10 candidates=0 corpus=675 coverage=13522 exec total=126188 (161/min) pending=0 reproducing=1 
2026/07/30 07:35:20 candidates=0 corpus=675 coverage=13522 exec total=126188 (161/min) pending=0 reproducing=1 
2026/07/30 07:35:30 candidates=0 corpus=675 coverage=13522 exec total=126188 (161/min) pending=0 reproducing=1 
2026/07/30 07:35:40 candidates=0 corpus=675 coverage=13522 exec total=126188 (161/min) pending=0 reproducing=1 
2026/07/30 07:35:50 candidates=0 corpus=675 coverage=13522 exec total=126188 (161/min) pending=0 reproducing=1 
2026/07/30 07:36:00 candidates=0 corpus=675 coverage=13522 exec total=126188 (161/min) pending=0 reproducing=1 
2026/07/30 07:36:10 candidates=0 corpus=675 coverage=13522 exec total=126188 (161/min) pending=0 reproducing=1 
2026/07/30 07:36:20 candidates=0 corpus=675 coverage=13522 exec total=126188 (161/min) pending=0 reproducing=1 
2026/07/30 07:36:30 candidates=0 corpus=675 coverage=13522 exec total=126188 (161/min) pending=0 reproducing=1 
2026/07/30 07:36:40 candidates=0 corpus=675 coverage=13522 exec total=126188 (161/min) pending=0 reproducing=1 
2026/07/30 07:36:50 candidates=0 corpus=675 coverage=13522 exec total=126188 (161/min) pending=0 reproducing=1 
2026/07/30 07:37:00 candidates=0 corpus=675 coverage=13522 exec total=126188 (161/min) pending=0 reproducing=1 
2026/07/30 07:37:10 candidates=0 corpus=675 coverage=13522 exec total=126188 (161/min) pending=0 reproducing=1 
2026/07/30 07:37:15 boot error: repair failed: SSH failed
2026/07/30 07:37:20 candidates=0 corpus=675 coverage=13522 exec total=126188 (161/min) pending=0 reproducing=1 
2026/07/30 07:37:30 candidates=0 corpus=675 coverage=13522 exec total=126188 (161/min) pending=0 reproducing=1 
2026/07/30 07:37:40 candidates=0 corpus=675 coverage=13522 exec total=126188 (161/min) pending=0 reproducing=1 
2026/07/30 07:37:50 candidates=0 corpus=675 coverage=13522 exec total=126188 (161/min) pending=0 reproducing=1 
2026/07/30 07:38:00 candidates=0 corpus=675 coverage=13522 exec total=126188 (161/min) pending=0 reproducing=1 
2026/07/30 07:38:10 candidates=0 corpus=675 coverage=13522 exec total=126188 (161/min) pending=0 reproducing=1 
2026/07/30 07:38:20 candidates=0 corpus=675 coverage=13522 exec total=126188 (161/min) pending=0 reproducing=1 
2026/07/30 07:38:30 candidates=0 corpus=675 coverage=13522 exec total=126188 (161/min) pending=0 reproducing=1 
2026/07/30 07:38:40 candidates=0 corpus=675 coverage=13522 exec total=126188 (161/min) pending=0 reproducing=1 
2026/07/30 07:38:50 candidates=0 corpus=675 coverage=13522 exec total=126188 (161/min) pending=0 reproducing=1 
2026/07/30 07:39:00 candidates=0 corpus=675 coverage=13522 exec total=126188 (161/min) pending=0 reproducing=1 
2026/07/30 07:39:10 candidates=0 corpus=675 coverage=13522 exec total=126188 (161/min) pending=0 reproducing=1 
2026/07/30 07:39:20 candidates=0 corpus=675 coverage=13522 exec total=126188 (160/min) pending=0 reproducing=1 
2026/07/30 07:39:30 candidates=0 corpus=675 coverage=13522 exec total=126188 (160/min) pending=0 reproducing=1 
2026/07/30 07:39:40 candidates=0 corpus=675 coverage=13522 exec total=126188 (160/min) pending=0 reproducing=1 
2026/07/30 07:39:50 candidates=0 corpus=675 coverage=13522 exec total=126188 (160/min) pending=0 reproducing=1 
2026/07/30 07:40:00 candidates=0 corpus=675 coverage=13522 exec total=126188 (160/min) pending=0 reproducing=1 
2026/07/30 07:40:10 candidates=0 corpus=675 coverage=13522 exec total=126188 (160/min) pending=0 reproducing=1 
2026/07/30 07:40:20 candidates=0 corpus=675 coverage=13522 exec total=126188 (160/min) pending=0 reproducing=1 
2026/07/30 07:40:30 candidates=0 corpus=675 coverage=13522 exec total=126188 (160/min) pending=0 reproducing=1 
2026/07/30 07:40:40 candidates=0 corpus=675 coverage=13522 exec total=126188 (160/min) pending=0 reproducing=1 
2026/07/30 07:40:50 candidates=0 corpus=675 coverage=13522 exec total=126188 (160/min) pending=0 reproducing=1 
2026/07/30 07:41:00 candidates=0 corpus=675 coverage=13522 exec total=126188 (160/min) pending=0 reproducing=1 
2026/07/30 07:41:10 candidates=0 corpus=675 coverage=13522 exec total=126188 (160/min) pending=0 reproducing=1 
2026/07/30 07:41:20 candidates=0 corpus=675 coverage=13522 exec total=126188 (160/min) pending=0 reproducing=1 
2026/07/30 07:41:30 candidates=0 corpus=675 coverage=13522 exec total=126188 (160/min) pending=0 reproducing=1 
2026/07/30 07:41:40 candidates=0 corpus=675 coverage=13522 exec total=126188 (160/min) pending=0 reproducing=1 
2026/07/30 07:41:50 candidates=0 corpus=675 coverage=13522 exec total=126188 (160/min) pending=0 reproducing=1 
2026/07/30 07:42:00 candidates=0 corpus=675 coverage=13522 exec total=126188 (160/min) pending=0 reproducing=1 
2026/07/30 07:42:10 candidates=0 corpus=675 coverage=13522 exec total=126188 (160/min) pending=0 reproducing=1 
2026/07/30 07:42:20 candidates=0 corpus=675 coverage=13522 exec total=126188 (160/min) pending=0 reproducing=1 
2026/07/30 07:42:30 candidates=0 corpus=675 coverage=13522 exec total=126188 (160/min) pending=0 reproducing=1 
2026/07/30 07:42:40 candidates=0 corpus=675 coverage=13522 exec total=126188 (160/min) pending=0 reproducing=1 
2026/07/30 07:42:50 candidates=0 corpus=675 coverage=13522 exec total=126188 (160/min) pending=0 reproducing=1 
2026/07/30 07:43:00 candidates=0 corpus=675 coverage=13522 exec total=126188 (160/min) pending=0 reproducing=1 
2026/07/30 07:43:10 candidates=0 corpus=675 coverage=13522 exec total=126188 (160/min) pending=0 reproducing=1 
2026/07/30 07:43:20 candidates=0 corpus=675 coverage=13522 exec total=126188 (160/min) pending=0 reproducing=1 
2026/07/30 07:43:30 candidates=0 corpus=675 coverage=13522 exec total=126188 (160/min) pending=0 reproducing=1 
2026/07/30 07:43:40 candidates=0 corpus=675 coverage=13522 exec total=126188 (160/min) pending=0 reproducing=1 
2026/07/30 07:43:50 candidates=0 corpus=675 coverage=13522 exec total=126188 (160/min) pending=0 reproducing=1 
2026/07/30 07:44:00 candidates=0 corpus=675 coverage=13522 exec total=126188 (160/min) pending=0 reproducing=1 
2026/07/30 07:44:10 candidates=0 corpus=675 coverage=13522 exec total=126188 (159/min) pending=0 reproducing=1 
2026/07/30 07:44:20 candidates=0 corpus=675 coverage=13522 exec total=126188 (159/min) pending=0 reproducing=1 
2026/07/30 07:44:30 candidates=0 corpus=675 coverage=13522 exec total=126188 (159/min) pending=0 reproducing=1 
2026/07/30 07:44:40 candidates=0 corpus=675 coverage=13522 exec total=126188 (159/min) pending=0 reproducing=1 
2026/07/30 07:44:50 candidates=0 corpus=675 coverage=13522 exec total=126188 (159/min) pending=0 reproducing=1 
2026/07/30 07:45:00 candidates=0 corpus=675 coverage=13522 exec total=126188 (159/min) pending=0 reproducing=1 
2026/07/30 07:45:10 candidates=0 corpus=675 coverage=13522 exec total=126188 (159/min) pending=0 reproducing=1 
2026/07/30 07:45:20 candidates=0 corpus=675 coverage=13522 exec total=126188 (159/min) pending=0 reproducing=1 
2026/07/30 07:45:30 candidates=0 corpus=675 coverage=13522 exec total=126188 (159/min) pending=0 reproducing=1 
2026/07/30 07:45:40 candidates=0 corpus=675 coverage=13522 exec total=126188 (159/min) pending=0 reproducing=1 
2026/07/30 07:45:50 candidates=0 corpus=675 coverage=13522 exec total=126188 (159/min) pending=0 reproducing=1 
2026/07/30 07:46:00 candidates=0 corpus=675 coverage=13522 exec total=126188 (159/min) pending=0 reproducing=1 
2026/07/30 07:46:10 candidates=0 corpus=675 coverage=13522 exec total=126188 (159/min) pending=0 reproducing=1 
2026/07/30 07:46:20 candidates=0 corpus=675 coverage=13522 exec total=126188 (159/min) pending=0 reproducing=1 
2026/07/30 07:46:30 candidates=0 corpus=675 coverage=13522 exec total=126188 (159/min) pending=0 reproducing=1 
2026/07/30 07:46:40 candidates=0 corpus=675 coverage=13522 exec total=126188 (159/min) pending=0 reproducing=1 
2026/07/30 07:46:50 candidates=0 corpus=675 coverage=13522 exec total=126188 (159/min) pending=0 reproducing=1 
2026/07/30 07:47:00 candidates=0 corpus=675 coverage=13522 exec total=126188 (159/min) pending=0 reproducing=1 
2026/07/30 07:47:10 candidates=0 corpus=675 coverage=13522 exec total=126188 (159/min) pending=0 reproducing=1 
2026/07/30 07:47:20 candidates=0 corpus=675 coverage=13522 exec total=126188 (159/min) pending=0 reproducing=1 
2026/07/30 07:47:30 candidates=0 corpus=675 coverage=13522 exec total=126188 (159/min) pending=0 reproducing=1 
2026/07/30 07:47:40 candidates=0 corpus=675 coverage=13522 exec total=126188 (159/min) pending=0 reproducing=1 
2026/07/30 07:47:50 candidates=0 corpus=675 coverage=13522 exec total=126188 (159/min) pending=0 reproducing=1 
2026/07/30 07:48:00 candidates=0 corpus=675 coverage=13522 exec total=126188 (159/min) pending=0 reproducing=1 
2026/07/30 07:48:10 candidates=0 corpus=675 coverage=13522 exec total=126188 (159/min) pending=0 reproducing=1 
2026/07/30 07:48:20 candidates=0 corpus=675 coverage=13522 exec total=126188 (159/min) pending=0 reproducing=1 
2026/07/30 07:48:30 candidates=0 corpus=675 coverage=13522 exec total=126188 (159/min) pending=0 reproducing=1 
2026/07/30 07:48:40 candidates=0 corpus=675 coverage=13522 exec total=126188 (159/min) pending=0 reproducing=1 
2026/07/30 07:48:50 candidates=0 corpus=675 coverage=13522 exec total=126188 (159/min) pending=0 reproducing=1 
2026/07/30 07:49:00 candidates=0 corpus=675 coverage=13522 exec total=126188 (159/min) pending=0 reproducing=1 
2026/07/30 07:49:10 candidates=0 corpus=675 coverage=13522 exec total=126188 (158/min) pending=0 reproducing=1 
2026/07/30 07:49:20 candidates=0 corpus=675 coverage=13522 exec total=126188 (158/min) pending=0 reproducing=1 
2026/07/30 07:49:30 candidates=0 corpus=675 coverage=13522 exec total=126188 (158/min) pending=0 reproducing=1 
2026/07/30 07:49:40 candidates=0 corpus=675 coverage=13522 exec total=126188 (158/min) pending=0 reproducing=1 
2026/07/30 07:49:50 candidates=0 corpus=675 coverage=13522 exec total=126188 (158/min) pending=0 reproducing=1 
2026/07/30 07:50:00 candidates=0 corpus=675 coverage=13522 exec total=126188 (158/min) pending=0 reproducing=1 
2026/07/30 07:50:10 candidates=0 corpus=675 coverage=13522 exec total=126188 (158/min) pending=0 reproducing=1 
2026/07/30 07:50:20 candidates=0 corpus=675 coverage=13522 exec total=126188 (158/min) pending=0 reproducing=1 
2026/07/30 07:50:30 candidates=0 corpus=675 coverage=13522 exec total=126188 (158/min) pending=0 reproducing=1 
2026/07/30 07:50:40 candidates=0 corpus=675 coverage=13522 exec total=126188 (158/min) pending=0 reproducing=1 
2026/07/30 07:50:50 candidates=0 corpus=675 coverage=13522 exec total=126188 (158/min) pending=0 reproducing=1 
2026/07/30 07:51:00 candidates=0 corpus=675 coverage=13522 exec total=126188 (158/min) pending=0 reproducing=1 
2026/07/30 07:51:10 candidates=0 corpus=675 coverage=13522 exec total=126188 (158/min) pending=0 reproducing=1 
2026/07/30 07:51:20 candidates=0 corpus=675 coverage=13522 exec total=126188 (158/min) pending=0 reproducing=1 
2026/07/30 07:51:30 candidates=0 corpus=675 coverage=13522 exec total=126188 (158/min) pending=0 reproducing=1 
2026/07/30 07:51:40 candidates=0 corpus=675 coverage=13522 exec total=126188 (158/min) pending=0 reproducing=1 
2026/07/30 07:51:50 candidates=0 corpus=675 coverage=13522 exec total=126188 (158/min) pending=0 reproducing=1 
2026/07/30 07:52:00 candidates=0 corpus=675 coverage=13522 exec total=126188 (158/min) pending=0 reproducing=1 
2026/07/30 07:52:10 candidates=0 corpus=675 coverage=13522 exec total=126188 (158/min) pending=0 reproducing=1 
2026/07/30 07:52:20 candidates=0 corpus=675 coverage=13522 exec total=126188 (158/min) pending=0 reproducing=1 
2026/07/30 07:52:30 candidates=0 corpus=675 coverage=13522 exec total=126188 (158/min) pending=0 reproducing=1 
2026/07/30 07:52:40 candidates=0 corpus=675 coverage=13522 exec total=126188 (158/min) pending=0 reproducing=1 
2026/07/30 07:52:50 candidates=0 corpus=675 coverage=13522 exec total=126188 (158/min) pending=0 reproducing=1 
2026/07/30 07:53:00 candidates=0 corpus=675 coverage=13522 exec total=126188 (158/min) pending=0 reproducing=1 
2026/07/30 07:53:10 candidates=0 corpus=675 coverage=13522 exec total=126188 (158/min) pending=0 reproducing=1 
2026/07/30 07:53:20 candidates=0 corpus=675 coverage=13522 exec total=126188 (158/min) pending=0 reproducing=1 
2026/07/30 07:53:30 candidates=0 corpus=675 coverage=13522 exec total=126188 (158/min) pending=0 reproducing=1 
2026/07/30 07:53:40 candidates=0 corpus=675 coverage=13522 exec total=126188 (158/min) pending=0 reproducing=1 
2026/07/30 07:53:50 candidates=0 corpus=675 coverage=13522 exec total=126188 (158/min) pending=0 reproducing=1 
2026/07/30 07:54:00 candidates=0 corpus=675 coverage=13522 exec total=126188 (158/min) pending=0 reproducing=1 
2026/07/30 07:54:10 candidates=0 corpus=675 coverage=13522 exec total=126188 (157/min) pending=0 reproducing=1 
2026/07/30 07:54:20 candidates=0 corpus=675 coverage=13522 exec total=126188 (157/min) pending=0 reproducing=1 
2026/07/30 07:54:30 candidates=0 corpus=675 coverage=13522 exec total=126188 (157/min) pending=0 reproducing=1 
2026/07/30 07:54:40 candidates=0 corpus=675 coverage=13522 exec total=126188 (157/min) pending=0 reproducing=1 
2026/07/30 07:54:50 candidates=0 corpus=675 coverage=13522 exec total=126188 (157/min) pending=0 reproducing=1 
2026/07/30 07:55:00 candidates=0 corpus=675 coverage=13522 exec total=126188 (157/min) pending=0 reproducing=1 
2026/07/30 07:55:10 candidates=0 corpus=675 coverage=13522 exec total=126188 (157/min) pending=0 reproducing=1 
2026/07/30 07:55:20 candidates=0 corpus=675 coverage=13522 exec total=126188 (157/min) pending=0 reproducing=1 
2026/07/30 07:55:30 candidates=0 corpus=675 coverage=13522 exec total=126188 (157/min) pending=0 reproducing=1 
2026/07/30 07:55:40 candidates=0 corpus=675 coverage=13522 exec total=126188 (157/min) pending=0 reproducing=1 
2026/07/30 07:55:50 candidates=0 corpus=675 coverage=13522 exec total=126188 (157/min) pending=0 reproducing=1 
2026/07/30 07:56:00 candidates=0 corpus=675 coverage=13522 exec total=126188 (157/min) pending=0 reproducing=1 
2026/07/30 07:56:10 candidates=0 corpus=675 coverage=13522 exec total=126188 (157/min) pending=0 reproducing=1 
2026/07/30 07:56:20 candidates=0 corpus=675 coverage=13522 exec total=126188 (157/min) pending=0 reproducing=1 
2026/07/30 07:56:30 candidates=0 corpus=675 coverage=13522 exec total=126188 (157/min) pending=0 reproducing=1 
2026/07/30 07:56:40 candidates=0 corpus=675 coverage=13522 exec total=126188 (157/min) pending=0 reproducing=1 
2026/07/30 07:56:50 candidates=0 corpus=675 coverage=13522 exec total=126188 (157/min) pending=0 reproducing=1 
2026/07/30 07:57:00 candidates=0 corpus=675 coverage=13522 exec total=126188 (157/min) pending=0 reproducing=1 
2026/07/30 07:57:10 candidates=0 corpus=675 coverage=13522 exec total=126188 (157/min) pending=0 reproducing=1 
2026/07/30 07:57:20 candidates=0 corpus=675 coverage=13522 exec total=126188 (157/min) pending=0 reproducing=1 
2026/07/30 07:57:30 candidates=0 corpus=675 coverage=13522 exec total=126188 (157/min) pending=0 reproducing=1 
2026/07/30 07:57:40 candidates=0 corpus=675 coverage=13522 exec total=126188 (157/min) pending=0 reproducing=1 
2026/07/30 07:57:50 candidates=0 corpus=675 coverage=13522 exec total=126188 (157/min) pending=0 reproducing=1 
2026/07/30 07:58:00 candidates=0 corpus=675 coverage=13522 exec total=126188 (157/min) pending=0 reproducing=1 
2026/07/30 07:58:10 candidates=0 corpus=675 coverage=13522 exec total=126188 (157/min) pending=0 reproducing=1 
2026/07/30 07:58:20 candidates=0 corpus=675 coverage=13522 exec total=126188 (157/min) pending=0 reproducing=1 
2026/07/30 07:58:30 candidates=0 corpus=675 coverage=13522 exec total=126188 (157/min) pending=0 reproducing=1 
2026/07/30 07:58:40 candidates=0 corpus=675 coverage=13522 exec total=126188 (157/min) pending=0 reproducing=1 
2026/07/30 07:58:50 candidates=0 corpus=675 coverage=13522 exec total=126188 (157/min) pending=0 reproducing=1 
2026/07/30 07:59:00 candidates=0 corpus=675 coverage=13522 exec total=126188 (157/min) pending=0 reproducing=1 
2026/07/30 07:59:10 candidates=0 corpus=675 coverage=13522 exec total=126188 (157/min) pending=0 reproducing=1 
2026/07/30 07:59:20 candidates=0 corpus=675 coverage=13522 exec total=126188 (156/min) pending=0 reproducing=1 
2026/07/30 07:59:30 candidates=0 corpus=675 coverage=13522 exec total=126188 (156/min) pending=0 reproducing=1 
2026/07/30 07:59:40 candidates=0 corpus=675 coverage=13522 exec total=126188 (156/min) pending=0 reproducing=1 
2026/07/30 07:59:50 candidates=0 corpus=675 coverage=13522 exec total=126188 (156/min) pending=0 reproducing=1 
2026/07/30 08:00:00 candidates=0 corpus=675 coverage=13522 exec total=126188 (156/min) pending=0 reproducing=1 
2026/07/30 08:00:10 candidates=0 corpus=675 coverage=13522 exec total=126188 (156/min) pending=0 reproducing=1 
2026/07/30 08:00:20 candidates=0 corpus=675 coverage=13522 exec total=126188 (156/min) pending=0 reproducing=1 
2026/07/30 08:00:30 candidates=0 corpus=675 coverage=13522 exec total=126188 (156/min) pending=0 reproducing=1 
2026/07/30 08:00:40 candidates=0 corpus=675 coverage=13522 exec total=126188 (156/min) pending=0 reproducing=1 
2026/07/30 08:00:50 candidates=0 corpus=675 coverage=13522 exec total=126188 (156/min) pending=0 reproducing=1 
2026/07/30 08:01:00 candidates=0 corpus=675 coverage=13522 exec total=126188 (156/min) pending=0 reproducing=1 
2026/07/30 08:01:10 candidates=0 corpus=675 coverage=13522 exec total=126188 (156/min) pending=0 reproducing=1 
2026/07/30 08:01:20 candidates=0 corpus=675 coverage=13522 exec total=126188 (156/min) pending=0 reproducing=1 
2026/07/30 08:01:30 candidates=0 corpus=675 coverage=13522 exec total=126188 (156/min) pending=0 reproducing=1 
2026/07/30 08:01:40 candidates=0 corpus=675 coverage=13522 exec total=126188 (156/min) pending=0 reproducing=1 
2026/07/30 08:01:50 candidates=0 corpus=675 coverage=13522 exec total=126188 (156/min) pending=0 reproducing=1 
2026/07/30 08:02:00 candidates=0 corpus=675 coverage=13522 exec total=126188 (156/min) pending=0 reproducing=1 
2026/07/30 08:02:10 candidates=0 corpus=675 coverage=13522 exec total=126188 (156/min) pending=0 reproducing=1 
2026/07/30 08:02:20 candidates=0 corpus=675 coverage=13522 exec total=126188 (156/min) pending=0 reproducing=1 
2026/07/30 08:02:30 candidates=0 corpus=675 coverage=13522 exec total=126188 (156/min) pending=0 reproducing=1 
2026/07/30 08:02:40 candidates=0 corpus=675 coverage=13522 exec total=126188 (156/min) pending=0 reproducing=1 
2026/07/30 08:02:50 candidates=0 corpus=675 coverage=13522 exec total=126188 (156/min) pending=0 reproducing=1 
2026/07/30 08:03:00 candidates=0 corpus=675 coverage=13522 exec total=126188 (156/min) pending=0 reproducing=1 
2026/07/30 08:03:10 candidates=0 corpus=675 coverage=13522 exec total=126188 (156/min) pending=0 reproducing=1 
2026/07/30 08:03:20 candidates=0 corpus=675 coverage=13522 exec total=126188 (156/min) pending=0 reproducing=1 
2026/07/30 08:03:30 candidates=0 corpus=675 coverage=13522 exec total=126188 (156/min) pending=0 reproducing=1 
2026/07/30 08:03:40 candidates=0 corpus=675 coverage=13522 exec total=126188 (156/min) pending=0 reproducing=1 
2026/07/30 08:03:50 candidates=0 corpus=675 coverage=13522 exec total=126188 (156/min) pending=0 reproducing=1 
2026/07/30 08:04:00 candidates=0 corpus=675 coverage=13522 exec total=126188 (156/min) pending=0 reproducing=1 
2026/07/30 08:04:10 candidates=0 corpus=675 coverage=13522 exec total=126188 (156/min) pending=0 reproducing=1 
2026/07/30 08:04:20 candidates=0 corpus=675 coverage=13522 exec total=126188 (156/min) pending=0 reproducing=1 
2026/07/30 08:04:30 candidates=0 corpus=675 coverage=13522 exec total=126188 (155/min) pending=0 reproducing=1 
2026/07/30 08:04:40 candidates=0 corpus=675 coverage=13522 exec total=126188 (155/min) pending=0 reproducing=1 
2026/07/30 08:04:50 candidates=0 corpus=675 coverage=13522 exec total=126188 (155/min) pending=0 reproducing=1 
2026/07/30 08:05:00 candidates=0 corpus=675 coverage=13522 exec total=126188 (155/min) pending=0 reproducing=1 
2026/07/30 08:05:10 candidates=0 corpus=675 coverage=13522 exec total=126188 (155/min) pending=0 reproducing=1 
2026/07/30 08:05:20 candidates=0 corpus=675 coverage=13522 exec total=126188 (155/min) pending=0 reproducing=1 
2026/07/30 08:05:30 candidates=0 corpus=675 coverage=13522 exec total=126188 (155/min) pending=0 reproducing=1 
2026/07/30 08:05:40 candidates=0 corpus=675 coverage=13522 exec total=126188 (155/min) pending=0 reproducing=1 
2026/07/30 08:05:50 candidates=0 corpus=675 coverage=13522 exec total=126188 (155/min) pending=0 reproducing=1 
2026/07/30 08:06:00 candidates=0 corpus=675 coverage=13522 exec total=126188 (155/min) pending=0 reproducing=1 
2026/07/30 08:06:10 candidates=0 corpus=675 coverage=13522 exec total=126188 (155/min) pending=0 reproducing=1 
2026/07/30 08:06:20 candidates=0 corpus=675 coverage=13522 exec total=126188 (155/min) pending=0 reproducing=1 
2026/07/30 08:06:30 candidates=0 corpus=675 coverage=13522 exec total=126188 (155/min) pending=0 reproducing=1 
2026/07/30 08:06:40 candidates=0 corpus=675 coverage=13522 exec total=126188 (155/min) pending=0 reproducing=1 
2026/07/30 08:06:50 candidates=0 corpus=675 coverage=13522 exec total=126188 (155/min) pending=0 reproducing=1 
2026/07/30 08:07:00 candidates=0 corpus=675 coverage=13522 exec total=126188 (155/min) pending=0 reproducing=1 
2026/07/30 08:07:10 candidates=0 corpus=675 coverage=13522 exec total=126188 (155/min) pending=0 reproducing=1 
2026/07/30 08:07:20 candidates=0 corpus=675 coverage=13522 exec total=126188 (155/min) pending=0 reproducing=1 
2026/07/30 08:07:30 candidates=0 corpus=675 coverage=13522 exec total=126188 (155/min) pending=0 reproducing=1 
2026/07/30 08:07:35 boot error: repair failed: SSH failed
2026/07/30 08:07:40 candidates=0 corpus=675 coverage=13522 exec total=126188 (155/min) pending=0 reproducing=1 
2026/07/30 08:07:50 candidates=0 corpus=675 coverage=13522 exec total=126188 (155/min) pending=0 reproducing=1 
2026/07/30 08:08:00 candidates=0 corpus=675 coverage=13522 exec total=126188 (155/min) pending=0 reproducing=1 
2026/07/30 08:08:10 candidates=0 corpus=675 coverage=13522 exec total=126188 (155/min) pending=0 reproducing=1 
2026/07/30 08:08:20 candidates=0 corpus=675 coverage=13522 exec total=126188 (155/min) pending=0 reproducing=1 
2026/07/30 08:08:30 candidates=0 corpus=675 coverage=13522 exec total=126188 (155/min) pending=0 reproducing=1 
2026/07/30 08:08:40 candidates=0 corpus=675 coverage=13522 exec total=126188 (155/min) pending=0 reproducing=1 
2026/07/30 08:08:50 candidates=0 corpus=675 coverage=13522 exec total=126188 (155/min) pending=0 reproducing=1 
2026/07/30 08:09:00 candidates=0 corpus=675 coverage=13522 exec total=126188 (155/min) pending=0 reproducing=1 
2026/07/30 08:09:10 candidates=0 corpus=675 coverage=13522 exec total=126188 (155/min) pending=0 reproducing=1 
2026/07/30 08:09:20 candidates=0 corpus=675 coverage=13522 exec total=126188 (155/min) pending=0 reproducing=1 
2026/07/30 08:09:30 candidates=0 corpus=675 coverage=13522 exec total=126188 (155/min) pending=0 reproducing=1 
2026/07/30 08:09:40 candidates=0 corpus=675 coverage=13522 exec total=126188 (154/min) pending=0 reproducing=1 
2026/07/30 08:09:50 candidates=0 corpus=675 coverage=13522 exec total=126188 (154/min) pending=0 reproducing=1 
2026/07/30 08:10:00 candidates=0 corpus=675 coverage=13522 exec total=126188 (154/min) pending=0 reproducing=1 
2026/07/30 08:10:10 candidates=0 corpus=675 coverage=13522 exec total=126188 (154/min) pending=0 reproducing=1 
2026/07/30 08:10:20 candidates=0 corpus=675 coverage=13522 exec total=126188 (154/min) pending=0 reproducing=1 
2026/07/30 08:10:30 candidates=0 corpus=675 coverage=13522 exec total=126188 (154/min) pending=0 reproducing=1 
2026/07/30 08:10:40 candidates=0 corpus=675 coverage=13522 exec total=126188 (154/min) pending=0 reproducing=1 
2026/07/30 08:10:50 candidates=0 corpus=675 coverage=13522 exec total=126188 (154/min) pending=0 reproducing=1 
2026/07/30 08:11:00 candidates=0 corpus=675 coverage=13522 exec total=126188 (154/min) pending=0 reproducing=1 
2026/07/30 08:11:10 candidates=0 corpus=675 coverage=13522 exec total=126188 (154/min) pending=0 reproducing=1 
2026/07/30 08:11:20 candidates=0 corpus=675 coverage=13522 exec total=126188 (154/min) pending=0 reproducing=1 
2026/07/30 08:11:30 candidates=0 corpus=675 coverage=13522 exec total=126188 (154/min) pending=0 reproducing=1 
2026/07/30 08:11:40 candidates=0 corpus=675 coverage=13522 exec total=126188 (154/min) pending=0 reproducing=1 
2026/07/30 08:11:50 candidates=0 corpus=675 coverage=13522 exec total=126188 (154/min) pending=0 reproducing=1 
2026/07/30 08:12:00 candidates=0 corpus=675 coverage=13522 exec total=126188 (154/min) pending=0 reproducing=1 
2026/07/30 08:12:10 candidates=0 corpus=675 coverage=13522 exec total=126188 (154/min) pending=0 reproducing=1 
2026/07/30 08:12:20 candidates=0 corpus=675 coverage=13522 exec total=126188 (154/min) pending=0 reproducing=1 
2026/07/30 08:12:30 candidates=0 corpus=675 coverage=13522 exec total=126188 (154/min) pending=0 reproducing=1 
2026/07/30 08:12:40 candidates=0 corpus=675 coverage=13522 exec total=126188 (154/min) pending=0 reproducing=1 
2026/07/30 08:12:50 candidates=0 corpus=675 coverage=13522 exec total=126188 (154/min) pending=0 reproducing=1 
2026/07/30 08:13:00 candidates=0 corpus=675 coverage=13522 exec total=126188 (154/min) pending=0 reproducing=1 
2026/07/30 08:13:10 candidates=0 corpus=675 coverage=13522 exec total=126188 (154/min) pending=0 reproducing=1 
2026/07/30 08:13:20 candidates=0 corpus=675 coverage=13522 exec total=126188 (154/min) pending=0 reproducing=1 
2026/07/30 08:13:30 candidates=0 corpus=675 coverage=13522 exec total=126188 (154/min) pending=0 reproducing=1 
2026/07/30 08:13:40 candidates=0 corpus=675 coverage=13522 exec total=126188 (154/min) pending=0 reproducing=1 
2026/07/30 08:13:50 candidates=0 corpus=675 coverage=13522 exec total=126188 (154/min) pending=0 reproducing=1 
2026/07/30 08:14:00 candidates=0 corpus=675 coverage=13522 exec total=126188 (154/min) pending=0 reproducing=1 
2026/07/30 08:14:10 candidates=0 corpus=675 coverage=13522 exec total=126188 (154/min) pending=0 reproducing=1 
2026/07/30 08:14:20 candidates=0 corpus=675 coverage=13522 exec total=126188 (154/min) pending=0 reproducing=1 
2026/07/30 08:14:30 candidates=0 corpus=675 coverage=13522 exec total=126188 (154/min) pending=0 reproducing=1 
2026/07/30 08:14:40 candidates=0 corpus=675 coverage=13522 exec total=126188 (154/min) pending=0 reproducing=1 
2026/07/30 08:14:50 candidates=0 corpus=675 coverage=13522 exec total=126188 (154/min) pending=0 reproducing=1 
2026/07/30 08:15:00 candidates=0 corpus=675 coverage=13522 exec total=126188 (153/min) pending=0 reproducing=1 
2026/07/30 08:15:10 candidates=0 corpus=675 coverage=13522 exec total=126188 (153/min) pending=0 reproducing=1 
2026/07/30 08:15:20 candidates=0 corpus=675 coverage=13522 exec total=126188 (153/min) pending=0 reproducing=1 
2026/07/30 08:15:30 candidates=0 corpus=675 coverage=13522 exec total=126188 (153/min) pending=0 reproducing=1 
2026/07/30 08:15:40 candidates=0 corpus=675 coverage=13522 exec total=126188 (153/min) pending=0 reproducing=1 
2026/07/30 08:15:50 candidates=0 corpus=675 coverage=13522 exec total=126188 (153/min) pending=0 reproducing=1 
2026/07/30 08:16:00 candidates=0 corpus=675 coverage=13522 exec total=126188 (153/min) pending=0 reproducing=1 
2026/07/30 08:16:10 candidates=0 corpus=675 coverage=13522 exec total=126188 (153/min) pending=0 reproducing=1 
2026/07/30 08:16:20 candidates=0 corpus=675 coverage=13522 exec total=126188 (153/min) pending=0 reproducing=1 
2026/07/30 08:16:30 candidates=0 corpus=675 coverage=13522 exec total=126188 (153/min) pending=0 reproducing=1 
2026/07/30 08:16:40 candidates=0 corpus=675 coverage=13522 exec total=126188 (153/min) pending=0 reproducing=1 
2026/07/30 08:16:50 candidates=0 corpus=675 coverage=13522 exec total=126188 (153/min) pending=0 reproducing=1 
2026/07/30 08:17:00 candidates=0 corpus=675 coverage=13522 exec total=126188 (153/min) pending=0 reproducing=1 
2026/07/30 08:17:10 candidates=0 corpus=675 coverage=13522 exec total=126188 (153/min) pending=0 reproducing=1 
2026/07/30 08:17:20 candidates=0 corpus=675 coverage=13522 exec total=126188 (153/min) pending=0 reproducing=1 
2026/07/30 08:17:30 candidates=0 corpus=675 coverage=13522 exec total=126188 (153/min) pending=0 reproducing=1 
2026/07/30 08:17:40 candidates=0 corpus=675 coverage=13522 exec total=126188 (153/min) pending=0 reproducing=1 
2026/07/30 08:17:50 candidates=0 corpus=675 coverage=13522 exec total=126188 (153/min) pending=0 reproducing=1 
2026/07/30 08:18:00 candidates=0 corpus=675 coverage=13522 exec total=126188 (153/min) pending=0 reproducing=1 
2026/07/30 08:18:10 candidates=0 corpus=675 coverage=13522 exec total=126188 (153/min) pending=0 reproducing=1 
2026/07/30 08:18:20 candidates=0 corpus=675 coverage=13522 exec total=126188 (153/min) pending=0 reproducing=1 
2026/07/30 08:18:30 candidates=0 corpus=675 coverage=13522 exec total=126188 (153/min) pending=0 reproducing=1 
2026/07/30 08:18:40 candidates=0 corpus=675 coverage=13522 exec total=126188 (153/min) pending=0 reproducing=1 
2026/07/30 08:18:50 candidates=0 corpus=675 coverage=13522 exec total=126188 (153/min) pending=0 reproducing=1 
2026/07/30 08:19:00 candidates=0 corpus=675 coverage=13522 exec total=126188 (153/min) pending=0 reproducing=1 
2026/07/30 08:19:10 candidates=0 corpus=675 coverage=13522 exec total=126188 (153/min) pending=0 reproducing=1 
2026/07/30 08:19:20 candidates=0 corpus=675 coverage=13522 exec total=126188 (153/min) pending=0 reproducing=1 
2026/07/30 08:19:30 candidates=0 corpus=675 coverage=13522 exec total=126188 (153/min) pending=0 reproducing=1 
2026/07/30 08:19:40 candidates=0 corpus=675 coverage=13522 exec total=126188 (153/min) pending=0 reproducing=1 
2026/07/30 08:19:50 candidates=0 corpus=675 coverage=13522 exec total=126188 (153/min) pending=0 reproducing=1 
2026/07/30 08:20:00 candidates=0 corpus=675 coverage=13522 exec total=126188 (153/min) pending=0 reproducing=1 
2026/07/30 08:20:10 candidates=0 corpus=675 coverage=13522 exec total=126188 (153/min) pending=0 reproducing=1 
2026/07/30 08:20:20 candidates=0 corpus=675 coverage=13522 exec total=126188 (152/min) pending=0 reproducing=1 
2026/07/30 08:20:30 candidates=0 corpus=675 coverage=13522 exec total=126188 (152/min) pending=0 reproducing=1 
2026/07/30 08:20:40 candidates=0 corpus=675 coverage=13522 exec total=126188 (152/min) pending=0 reproducing=1 
2026/07/30 08:20:50 candidates=0 corpus=675 coverage=13522 exec total=126188 (152/min) pending=0 reproducing=1 
2026/07/30 08:21:00 candidates=0 corpus=675 coverage=13522 exec total=126188 (152/min) pending=0 reproducing=1 
2026/07/30 08:21:10 candidates=0 corpus=675 coverage=13522 exec total=126188 (152/min) pending=0 reproducing=1 
2026/07/30 08:21:20 candidates=0 corpus=675 coverage=13522 exec total=126188 (152/min) pending=0 reproducing=1 
2026/07/30 08:21:30 candidates=0 corpus=675 coverage=13522 exec total=126188 (152/min) pending=0 reproducing=1 
2026/07/30 08:21:40 candidates=0 corpus=675 coverage=13522 exec total=126188 (152/min) pending=0 reproducing=1 
2026/07/30 08:21:50 candidates=0 corpus=675 coverage=13522 exec total=126188 (152/min) pending=0 reproducing=1 
2026/07/30 08:22:00 candidates=0 corpus=675 coverage=13522 exec total=126188 (152/min) pending=0 reproducing=1 
2026/07/30 08:22:10 candidates=0 corpus=675 coverage=13522 exec total=126188 (152/min) pending=0 reproducing=1 
2026/07/30 08:22:20 candidates=0 corpus=675 coverage=13522 exec total=126188 (152/min) pending=0 reproducing=1 
2026/07/30 08:22:30 candidates=0 corpus=675 coverage=13522 exec total=126188 (152/min) pending=0 reproducing=1 
2026/07/30 08:22:40 candidates=0 corpus=675 coverage=13522 exec total=126188 (152/min) pending=0 reproducing=1 
2026/07/30 08:22:50 candidates=0 corpus=675 coverage=13522 exec total=126188 (152/min) pending=0 reproducing=1 
2026/07/30 08:23:00 candidates=0 corpus=675 coverage=13522 exec total=126188 (152/min) pending=0 reproducing=1 
2026/07/30 08:23:10 candidates=0 corpus=675 coverage=13522 exec total=126188 (152/min) pending=0 reproducing=1 
2026/07/30 08:23:20 candidates=0 corpus=675 coverage=13522 exec total=126188 (152/min) pending=0 reproducing=1 
2026/07/30 08:23:30 candidates=0 corpus=675 coverage=13522 exec total=126188 (152/min) pending=0 reproducing=1 
2026/07/30 08:23:40 candidates=0 corpus=675 coverage=13522 exec total=126188 (152/min) pending=0 reproducing=1 
2026/07/30 08:23:50 candidates=0 corpus=675 coverage=13522 exec total=126188 (152/min) pending=0 reproducing=1 
2026/07/30 08:24:00 candidates=0 corpus=675 coverage=13522 exec total=126188 (152/min) pending=0 reproducing=1 
2026/07/30 08:24:10 candidates=0 corpus=675 coverage=13522 exec total=126188 (152/min) pending=0 reproducing=1 
2026/07/30 08:24:20 candidates=0 corpus=675 coverage=13522 exec total=126188 (152/min) pending=0 reproducing=1 
2026/07/30 08:24:30 candidates=0 corpus=675 coverage=13522 exec total=126188 (152/min) pending=0 reproducing=1 
2026/07/30 08:24:40 candidates=0 corpus=675 coverage=13522 exec total=126188 (152/min) pending=0 reproducing=1 
2026/07/30 08:24:50 candidates=0 corpus=675 coverage=13522 exec total=126188 (152/min) pending=0 reproducing=1 
2026/07/30 08:25:00 candidates=0 corpus=675 coverage=13522 exec total=126188 (152/min) pending=0 reproducing=1 
2026/07/30 08:25:10 candidates=0 corpus=675 coverage=13522 exec total=126188 (152/min) pending=0 reproducing=1 
2026/07/30 08:25:20 candidates=0 corpus=675 coverage=13522 exec total=126188 (152/min) pending=0 reproducing=1 
2026/07/30 08:25:30 candidates=0 corpus=675 coverage=13522 exec total=126188 (152/min) pending=0 reproducing=1 
2026/07/30 08:25:40 candidates=0 corpus=675 coverage=13522 exec total=126188 (152/min) pending=0 reproducing=1 
2026/07/30 08:25:50 candidates=0 corpus=675 coverage=13522 exec total=126188 (151/min) pending=0 reproducing=1 
2026/07/30 08:26:00 candidates=0 corpus=675 coverage=13522 exec total=126188 (151/min) pending=0 reproducing=1 
2026/07/30 08:26:10 candidates=0 corpus=675 coverage=13522 exec total=126188 (151/min) pending=0 reproducing=1 
2026/07/30 08:26:20 candidates=0 corpus=675 coverage=13522 exec total=126188 (151/min) pending=0 reproducing=1 
2026/07/30 08:26:30 candidates=0 corpus=675 coverage=13522 exec total=126188 (151/min) pending=0 reproducing=1 
2026/07/30 08:26:40 candidates=0 corpus=675 coverage=13522 exec total=126188 (151/min) pending=0 reproducing=1 
2026/07/30 08:26:50 candidates=0 corpus=675 coverage=13522 exec total=126188 (151/min) pending=0 reproducing=1 
2026/07/30 08:27:00 candidates=0 corpus=675 coverage=13522 exec total=126188 (151/min) pending=0 reproducing=1 
2026/07/30 08:27:10 candidates=0 corpus=675 coverage=13522 exec total=126188 (151/min) pending=0 reproducing=1 
2026/07/30 08:27:20 candidates=0 corpus=675 coverage=13522 exec total=126188 (151/min) pending=0 reproducing=1 
2026/07/30 08:27:30 candidates=0 corpus=675 coverage=13522 exec total=126188 (151/min) pending=0 reproducing=1 
2026/07/30 08:27:40 candidates=0 corpus=675 coverage=13522 exec total=126188 (151/min) pending=0 reproducing=1 
2026/07/30 08:27:50 candidates=0 corpus=675 coverage=13522 exec total=126188 (151/min) pending=0 reproducing=1 
2026/07/30 08:28:00 candidates=0 corpus=675 coverage=13522 exec total=126188 (151/min) pending=0 reproducing=1 
2026/07/30 08:28:10 candidates=0 corpus=675 coverage=13522 exec total=126188 (151/min) pending=0 reproducing=1 
2026/07/30 08:28:20 candidates=0 corpus=675 coverage=13522 exec total=126188 (151/min) pending=0 reproducing=1 
2026/07/30 08:28:30 candidates=0 corpus=675 coverage=13522 exec total=126188 (151/min) pending=0 reproducing=1 
2026/07/30 08:28:40 candidates=0 corpus=675 coverage=13522 exec total=126188 (151/min) pending=0 reproducing=1 
2026/07/30 08:28:50 candidates=0 corpus=675 coverage=13522 exec total=126188 (151/min) pending=0 reproducing=1 
2026/07/30 08:29:00 candidates=0 corpus=675 coverage=13522 exec total=126188 (151/min) pending=0 reproducing=1 
2026/07/30 08:29:10 candidates=0 corpus=675 coverage=13522 exec total=126188 (151/min) pending=0 reproducing=1 
2026/07/30 08:29:20 candidates=0 corpus=675 coverage=13522 exec total=126188 (151/min) pending=0 reproducing=1 
2026/07/30 08:29:30 candidates=0 corpus=675 coverage=13522 exec total=126188 (151/min) pending=0 reproducing=1 
2026/07/30 08:29:40 candidates=0 corpus=675 coverage=13522 exec total=126188 (151/min) pending=0 reproducing=1 
2026/07/30 08:29:50 candidates=0 corpus=675 coverage=13522 exec total=126188 (151/min) pending=0 reproducing=1 
2026/07/30 08:30:00 candidates=0 corpus=675 coverage=13522 exec total=126188 (151/min) pending=0 reproducing=1 
2026/07/30 08:30:10 candidates=0 corpus=675 coverage=13522 exec total=126188 (151/min) pending=0 reproducing=1 
2026/07/30 08:30:20 candidates=0 corpus=675 coverage=13522 exec total=126188 (151/min) pending=0 reproducing=1 
2026/07/30 08:30:30 candidates=0 corpus=675 coverage=13522 exec total=126188 (151/min) pending=0 reproducing=1 
2026/07/30 08:30:40 candidates=0 corpus=675 coverage=13522 exec total=126188 (151/min) pending=0 reproducing=1 
2026/07/30 08:30:50 candidates=0 corpus=675 coverage=13522 exec total=126188 (151/min) pending=0 reproducing=1 
2026/07/30 08:31:00 candidates=0 corpus=675 coverage=13522 exec total=126188 (151/min) pending=0 reproducing=1 
2026/07/30 08:31:10 candidates=0 corpus=675 coverage=13522 exec total=126188 (150/min) pending=0 reproducing=1 
2026/07/30 08:31:20 candidates=0 corpus=675 coverage=13522 exec total=126188 (150/min) pending=0 reproducing=1 
2026/07/30 08:31:30 candidates=0 corpus=675 coverage=13522 exec total=126188 (150/min) pending=0 reproducing=1 
2026/07/30 08:31:40 candidates=0 corpus=675 coverage=13522 exec total=126188 (150/min) pending=0 reproducing=1 
2026/07/30 08:31:50 candidates=0 corpus=675 coverage=13522 exec total=126188 (150/min) pending=0 reproducing=1 
2026/07/30 08:32:00 candidates=0 corpus=675 coverage=13522 exec total=126188 (150/min) pending=0 reproducing=1 
2026/07/30 08:32:10 candidates=0 corpus=675 coverage=13522 exec total=126188 (150/min) pending=0 reproducing=1 
2026/07/30 08:32:20 candidates=0 corpus=675 coverage=13522 exec total=126188 (150/min) pending=0 reproducing=1 
2026/07/30 08:32:30 candidates=0 corpus=675 coverage=13522 exec total=126188 (150/min) pending=0 reproducing=1 
2026/07/30 08:32:40 candidates=0 corpus=675 coverage=13522 exec total=126188 (150/min) pending=0 reproducing=1 
2026/07/30 08:32:50 candidates=0 corpus=675 coverage=13522 exec total=126188 (150/min) pending=0 reproducing=1 
2026/07/30 08:33:00 candidates=0 corpus=675 coverage=13522 exec total=126188 (150/min) pending=0 reproducing=1 
2026/07/30 08:33:10 candidates=0 corpus=675 coverage=13522 exec total=126188 (150/min) pending=0 reproducing=1 
2026/07/30 08:33:20 candidates=0 corpus=675 coverage=13522 exec total=126188 (150/min) pending=0 reproducing=1 
2026/07/30 08:33:30 candidates=0 corpus=675 coverage=13522 exec total=126188 (150/min) pending=0 reproducing=1 
2026/07/30 08:33:40 candidates=0 corpus=675 coverage=13522 exec total=126188 (150/min) pending=0 reproducing=1 
2026/07/30 08:33:50 candidates=0 corpus=675 coverage=13522 exec total=126188 (150/min) pending=0 reproducing=1 
2026/07/30 08:34:00 candidates=0 corpus=675 coverage=13522 exec total=126188 (150/min) pending=0 reproducing=1 
2026/07/30 08:34:10 candidates=0 corpus=675 coverage=13522 exec total=126188 (150/min) pending=0 reproducing=1 
2026/07/30 08:34:20 candidates=0 corpus=675 coverage=13522 exec total=126188 (150/min) pending=0 reproducing=1 
2026/07/30 08:34:30 candidates=0 corpus=675 coverage=13522 exec total=126188 (150/min) pending=0 reproducing=1 
2026/07/30 08:34:40 candidates=0 corpus=675 coverage=13522 exec total=126188 (150/min) pending=0 reproducing=1 
2026/07/30 08:34:50 candidates=0 corpus=675 coverage=13522 exec total=126188 (150/min) pending=0 reproducing=1 
2026/07/30 08:35:00 candidates=0 corpus=675 coverage=13522 exec total=126188 (150/min) pending=0 reproducing=1 
2026/07/30 08:35:10 candidates=0 corpus=675 coverage=13522 exec total=126188 (150/min) pending=0 reproducing=1 
2026/07/30 08:35:20 candidates=0 corpus=675 coverage=13522 exec total=126188 (150/min) pending=0 reproducing=1 
2026/07/30 08:35:30 candidates=0 corpus=675 coverage=13522 exec total=126188 (150/min) pending=0 reproducing=1 
2026/07/30 08:35:40 candidates=0 corpus=675 coverage=13522 exec total=126188 (150/min) pending=0 reproducing=1 
2026/07/30 08:35:50 candidates=0 corpus=675 coverage=13522 exec total=126188 (150/min) pending=0 reproducing=1 
2026/07/30 08:36:00 candidates=0 corpus=675 coverage=13522 exec total=126188 (150/min) pending=0 reproducing=1 
2026/07/30 08:36:10 candidates=0 corpus=675 coverage=13522 exec total=126188 (150/min) pending=0 reproducing=1 
2026/07/30 08:36:20 candidates=0 corpus=675 coverage=13522 exec total=126188 (150/min) pending=0 reproducing=1 
2026/07/30 08:36:30 candidates=0 corpus=675 coverage=13522 exec total=126188 (150/min) pending=0 reproducing=1 
2026/07/30 08:36:40 candidates=0 corpus=675 coverage=13522 exec total=126188 (150/min) pending=0 reproducing=1 
2026/07/30 08:36:50 candidates=0 corpus=675 coverage=13522 exec total=126188 (149/min) pending=0 reproducing=1 
2026/07/30 08:37:00 candidates=0 corpus=675 coverage=13522 exec total=126188 (149/min) pending=0 reproducing=1 
2026/07/30 08:37:10 candidates=0 corpus=675 coverage=13522 exec total=126188 (149/min) pending=0 reproducing=1 
2026/07/30 08:37:20 candidates=0 corpus=675 coverage=13522 exec total=126188 (149/min) pending=0 reproducing=1 
2026/07/30 08:37:30 candidates=0 corpus=675 coverage=13522 exec total=126188 (149/min) pending=0 reproducing=1 
2026/07/30 08:37:40 candidates=0 corpus=675 coverage=13522 exec total=126188 (149/min) pending=0 reproducing=1 
2026/07/30 08:37:46 boot error: repair failed: SSH failed
2026/07/30 08:37:50 candidates=0 corpus=675 coverage=13522 exec total=126188 (149/min) pending=0 reproducing=1 
2026/07/30 08:38:00 candidates=0 corpus=675 coverage=13522 exec total=126188 (149/min) pending=0 reproducing=1 
2026/07/30 08:38:10 candidates=0 corpus=675 coverage=13522 exec total=126188 (149/min) pending=0 reproducing=1 
2026/07/30 08:38:20 candidates=0 corpus=675 coverage=13522 exec total=126188 (149/min) pending=0 reproducing=1 
2026/07/30 08:38:30 candidates=0 corpus=675 coverage=13522 exec total=126188 (149/min) pending=0 reproducing=1 
2026/07/30 08:38:40 candidates=0 corpus=675 coverage=13522 exec total=126188 (149/min) pending=0 reproducing=1 
2026/07/30 08:38:50 candidates=0 corpus=675 coverage=13522 exec total=126188 (149/min) pending=0 reproducing=1 
2026/07/30 08:39:00 candidates=0 corpus=675 coverage=13522 exec total=126188 (149/min) pending=0 reproducing=1 
2026/07/30 08:39:10 candidates=0 corpus=675 coverage=13522 exec total=126188 (149/min) pending=0 reproducing=1 
2026/07/30 08:39:20 candidates=0 corpus=675 coverage=13522 exec total=126188 (149/min) pending=0 reproducing=1 
2026/07/30 08:39:30 candidates=0 corpus=675 coverage=13522 exec total=126188 (149/min) pending=0 reproducing=1 
2026/07/30 08:39:40 candidates=0 corpus=675 coverage=13522 exec total=126188 (149/min) pending=0 reproducing=1 
2026/07/30 08:39:50 candidates=0 corpus=675 coverage=13522 exec total=126188 (149/min) pending=0 reproducing=1 
2026/07/30 08:40:00 candidates=0 corpus=675 coverage=13522 exec total=126188 (149/min) pending=0 reproducing=1 
2026/07/30 08:40:10 candidates=0 corpus=675 coverage=13522 exec total=126188 (149/min) pending=0 reproducing=1 
2026/07/30 08:40:20 candidates=0 corpus=675 coverage=13522 exec total=126188 (149/min) pending=0 reproducing=1 
2026/07/30 08:40:30 candidates=0 corpus=675 coverage=13522 exec total=126188 (149/min) pending=0 reproducing=1 
2026/07/30 08:40:40 candidates=0 corpus=675 coverage=13522 exec total=126188 (149/min) pending=0 reproducing=1 
2026/07/30 08:40:50 candidates=0 corpus=675 coverage=13522 exec total=126188 (149/min) pending=0 reproducing=1 
2026/07/30 08:41:00 candidates=0 corpus=675 coverage=13522 exec total=126188 (149/min) pending=0 reproducing=1 
2026/07/30 08:41:10 candidates=0 corpus=675 coverage=13522 exec total=126188 (149/min) pending=0 reproducing=1 
2026/07/30 08:41:20 candidates=0 corpus=675 coverage=13522 exec total=126188 (149/min) pending=0 reproducing=1 
2026/07/30 08:41:30 candidates=0 corpus=675 coverage=13522 exec total=126188 (149/min) pending=0 reproducing=1 
2026/07/30 08:41:40 candidates=0 corpus=675 coverage=13522 exec total=126188 (149/min) pending=0 reproducing=1 
2026/07/30 08:41:50 candidates=0 corpus=675 coverage=13522 exec total=126188 (149/min) pending=0 reproducing=1 
2026/07/30 08:42:00 candidates=0 corpus=675 coverage=13522 exec total=126188 (149/min) pending=0 reproducing=1 
2026/07/30 08:42:10 candidates=0 corpus=675 coverage=13522 exec total=126188 (149/min) pending=0 reproducing=1 
2026/07/30 08:42:20 candidates=0 corpus=675 coverage=13522 exec total=126188 (149/min) pending=0 reproducing=1 
2026/07/30 08:42:30 candidates=0 corpus=675 coverage=13522 exec total=126188 (148/min) pending=0 reproducing=1 
2026/07/30 08:42:40 candidates=0 corpus=675 coverage=13522 exec total=126188 (148/min) pending=0 reproducing=1 
2026/07/30 08:42:50 candidates=0 corpus=675 coverage=13522 exec total=126188 (148/min) pending=0 reproducing=1 
2026/07/30 08:43:00 candidates=0 corpus=675 coverage=13522 exec total=126188 (148/min) pending=0 reproducing=1 
2026/07/30 08:43:10 candidates=0 corpus=675 coverage=13522 exec total=126188 (148/min) pending=0 reproducing=1 
2026/07/30 08:43:20 candidates=0 corpus=675 coverage=13522 exec total=126188 (148/min) pending=0 reproducing=1 
2026/07/30 08:43:30 candidates=0 corpus=675 coverage=13522 exec total=126188 (148/min) pending=0 reproducing=1 
2026/07/30 08:43:40 candidates=0 corpus=675 coverage=13522 exec total=126188 (148/min) pending=0 reproducing=1 
2026/07/30 08:43:50 candidates=0 corpus=675 coverage=13522 exec total=126188 (148/min) pending=0 reproducing=1 
2026/07/30 08:44:00 candidates=0 corpus=675 coverage=13522 exec total=126188 (148/min) pending=0 reproducing=1 
2026/07/30 08:44:10 candidates=0 corpus=675 coverage=13522 exec total=126188 (148/min) pending=0 reproducing=1 
2026/07/30 08:44:20 candidates=0 corpus=675 coverage=13522 exec total=126188 (148/min) pending=0 reproducing=1 
2026/07/30 08:44:30 candidates=0 corpus=675 coverage=13522 exec total=126188 (148/min) pending=0 reproducing=1 
2026/07/30 08:44:40 candidates=0 corpus=675 coverage=13522 exec total=126188 (148/min) pending=0 reproducing=1 
2026/07/30 08:44:50 candidates=0 corpus=675 coverage=13522 exec total=126188 (148/min) pending=0 reproducing=1 
2026/07/30 08:45:00 candidates=0 corpus=675 coverage=13522 exec total=126188 (148/min) pending=0 reproducing=1 
2026/07/30 08:45:10 candidates=0 corpus=675 coverage=13522 exec total=126188 (148/min) pending=0 reproducing=1 
2026/07/30 08:45:20 candidates=0 corpus=675 coverage=13522 exec total=126188 (148/min) pending=0 reproducing=1 
2026/07/30 08:45:30 candidates=0 corpus=675 coverage=13522 exec total=126188 (148/min) pending=0 reproducing=1 
2026/07/30 08:45:40 candidates=0 corpus=675 coverage=13522 exec total=126188 (148/min) pending=0 reproducing=1 
2026/07/30 08:45:50 candidates=0 corpus=675 coverage=13522 exec total=126188 (148/min) pending=0 reproducing=1 
2026/07/30 08:46:00 candidates=0 corpus=675 coverage=13522 exec total=126188 (148/min) pending=0 reproducing=1 
2026/07/30 08:46:10 candidates=0 corpus=675 coverage=13522 exec total=126188 (148/min) pending=0 reproducing=1 
2026/07/30 08:46:20 candidates=0 corpus=675 coverage=13522 exec total=126188 (148/min) pending=0 reproducing=1 
2026/07/30 08:46:30 candidates=0 corpus=675 coverage=13522 exec total=126188 (148/min) pending=0 reproducing=1 
2026/07/30 08:46:40 candidates=0 corpus=675 coverage=13522 exec total=126188 (148/min) pending=0 reproducing=1 
2026/07/30 08:46:50 candidates=0 corpus=675 coverage=13522 exec total=126188 (148/min) pending=0 reproducing=1 
2026/07/30 08:47:00 candidates=0 corpus=675 coverage=13522 exec total=126188 (148/min) pending=0 reproducing=1 
2026/07/30 08:47:10 candidates=0 corpus=675 coverage=13522 exec total=126188 (148/min) pending=0 reproducing=1 
2026/07/30 08:47:20 candidates=0 corpus=675 coverage=13522 exec total=126188 (148/min) pending=0 reproducing=1 
2026/07/30 08:47:30 candidates=0 corpus=675 coverage=13522 exec total=126188 (148/min) pending=0 reproducing=1 
2026/07/30 08:47:40 candidates=0 corpus=675 coverage=13522 exec total=126188 (148/min) pending=0 reproducing=1 
2026/07/30 08:47:50 candidates=0 corpus=675 coverage=13522 exec total=126188 (148/min) pending=0 reproducing=1 
2026/07/30 08:48:00 candidates=0 corpus=675 coverage=13522 exec total=126188 (148/min) pending=0 reproducing=1 
2026/07/30 08:48:10 candidates=0 corpus=675 coverage=13522 exec total=126188 (147/min) pending=0 reproducing=1 
2026/07/30 08:48:20 candidates=0 corpus=675 coverage=13522 exec total=126188 (147/min) pending=0 reproducing=1 
2026/07/30 08:48:30 candidates=0 corpus=675 coverage=13522 exec total=126188 (147/min) pending=0 reproducing=1 
2026/07/30 08:48:40 candidates=0 corpus=675 coverage=13522 exec total=126188 (147/min) pending=0 reproducing=1 
2026/07/30 08:48:50 candidates=0 corpus=675 coverage=13522 exec total=126188 (147/min) pending=0 reproducing=1 
2026/07/30 08:49:00 candidates=0 corpus=675 coverage=13522 exec total=126188 (147/min) pending=0 reproducing=1 
2026/07/30 08:49:10 candidates=0 corpus=675 coverage=13522 exec total=126188 (147/min) pending=0 reproducing=1 
2026/07/30 08:49:20 candidates=0 corpus=675 coverage=13522 exec total=126188 (147/min) pending=0 reproducing=1 
2026/07/30 08:49:30 candidates=0 corpus=675 coverage=13522 exec total=126188 (147/min) pending=0 reproducing=1 
2026/07/30 08:49:40 candidates=0 corpus=675 coverage=13522 exec total=126188 (147/min) pending=0 reproducing=1 
2026/07/30 08:49:50 candidates=0 corpus=675 coverage=13522 exec total=126188 (147/min) pending=0 reproducing=1 
2026/07/30 08:50:00 candidates=0 corpus=675 coverage=13522 exec total=126188 (147/min) pending=0 reproducing=1 
2026/07/30 08:50:10 candidates=0 corpus=675 coverage=13522 exec total=126188 (147/min) pending=0 reproducing=1 
2026/07/30 08:50:20 candidates=0 corpus=675 coverage=13522 exec total=126188 (147/min) pending=0 reproducing=1 
2026/07/30 08:50:30 candidates=0 corpus=675 coverage=13522 exec total=126188 (147/min) pending=0 reproducing=1 
2026/07/30 08:50:40 candidates=0 corpus=675 coverage=13522 exec total=126188 (147/min) pending=0 reproducing=1 
2026/07/30 08:50:50 candidates=0 corpus=675 coverage=13522 exec total=126188 (147/min) pending=0 reproducing=1 
2026/07/30 08:51:00 candidates=0 corpus=675 coverage=13522 exec total=126188 (147/min) pending=0 reproducing=1 
2026/07/30 08:51:10 candidates=0 corpus=675 coverage=13522 exec total=126188 (147/min) pending=0 reproducing=1 
2026/07/30 08:51:20 candidates=0 corpus=675 coverage=13522 exec total=126188 (147/min) pending=0 reproducing=1 
2026/07/30 08:51:30 candidates=0 corpus=675 coverage=13522 exec total=126188 (147/min) pending=0 reproducing=1 
2026/07/30 08:51:40 candidates=0 corpus=675 coverage=13522 exec total=126188 (147/min) pending=0 reproducing=1 
2026/07/30 08:51:50 candidates=0 corpus=675 coverage=13522 exec total=126188 (147/min) pending=0 reproducing=1 
2026/07/30 08:52:00 candidates=0 corpus=675 coverage=13522 exec total=126188 (147/min) pending=0 reproducing=1 
2026/07/30 08:52:10 candidates=0 corpus=675 coverage=13522 exec total=126188 (147/min) pending=0 reproducing=1 
2026/07/30 08:52:20 candidates=0 corpus=675 coverage=13522 exec total=126188 (147/min) pending=0 reproducing=1 
2026/07/30 08:52:30 candidates=0 corpus=675 coverage=13522 exec total=126188 (147/min) pending=0 reproducing=1 
2026/07/30 08:52:40 candidates=0 corpus=675 coverage=13522 exec total=126188 (147/min) pending=0 reproducing=1 
2026/07/30 08:52:50 candidates=0 corpus=675 coverage=13522 exec total=126188 (147/min) pending=0 reproducing=1 
2026/07/30 08:53:00 candidates=0 corpus=675 coverage=13522 exec total=126188 (147/min) pending=0 reproducing=1 
2026/07/30 08:53:10 candidates=0 corpus=675 coverage=13522 exec total=126188 (147/min) pending=0 reproducing=1 
2026/07/30 08:53:20 candidates=0 corpus=675 coverage=13522 exec total=126188 (147/min) pending=0 reproducing=1 
2026/07/30 08:53:30 candidates=0 corpus=675 coverage=13522 exec total=126188 (147/min) pending=0 reproducing=1 
2026/07/30 08:53:40 candidates=0 corpus=675 coverage=13522 exec total=126188 (147/min) pending=0 reproducing=1 
2026/07/30 08:53:50 candidates=0 corpus=675 coverage=13522 exec total=126188 (147/min) pending=0 reproducing=1 
2026/07/30 08:54:00 candidates=0 corpus=675 coverage=13522 exec total=126188 (146/min) pending=0 reproducing=1 
2026/07/30 08:54:10 candidates=0 corpus=675 coverage=13522 exec total=126188 (146/min) pending=0 reproducing=1 
2026/07/30 08:54:20 candidates=0 corpus=675 coverage=13522 exec total=126188 (146/min) pending=0 reproducing=1 
2026/07/30 08:54:30 candidates=0 corpus=675 coverage=13522 exec total=126188 (146/min) pending=0 reproducing=1 
2026/07/30 08:54:40 candidates=0 corpus=675 coverage=13522 exec total=126188 (146/min) pending=0 reproducing=1 
2026/07/30 08:54:50 candidates=0 corpus=675 coverage=13522 exec total=126188 (146/min) pending=0 reproducing=1 
2026/07/30 08:55:00 candidates=0 corpus=675 coverage=13522 exec total=126188 (146/min) pending=0 reproducing=1 
2026/07/30 08:55:10 candidates=0 corpus=675 coverage=13522 exec total=126188 (146/min) pending=0 reproducing=1 
2026/07/30 08:55:20 candidates=0 corpus=675 coverage=13522 exec total=126188 (146/min) pending=0 reproducing=1 
2026/07/30 08:55:30 candidates=0 corpus=675 coverage=13522 exec total=126188 (146/min) pending=0 reproducing=1 
2026/07/30 08:55:40 candidates=0 corpus=675 coverage=13522 exec total=126188 (146/min) pending=0 reproducing=1 
2026/07/30 08:55:50 candidates=0 corpus=675 coverage=13522 exec total=126188 (146/min) pending=0 reproducing=1 
2026/07/30 08:56:00 candidates=0 corpus=675 coverage=13522 exec total=126188 (146/min) pending=0 reproducing=1 
2026/07/30 08:56:10 candidates=0 corpus=675 coverage=13522 exec total=126188 (146/min) pending=0 reproducing=1 
2026/07/30 08:56:20 candidates=0 corpus=675 coverage=13522 exec total=126188 (146/min) pending=0 reproducing=1 
2026/07/30 08:56:30 candidates=0 corpus=675 coverage=13522 exec total=126188 (146/min) pending=0 reproducing=1 
2026/07/30 08:56:40 candidates=0 corpus=675 coverage=13522 exec total=126188 (146/min) pending=0 reproducing=1 
2026/07/30 08:56:50 candidates=0 corpus=675 coverage=13522 exec total=126188 (146/min) pending=0 reproducing=1 
2026/07/30 08:57:00 candidates=0 corpus=675 coverage=13522 exec total=126188 (146/min) pending=0 reproducing=1 
2026/07/30 08:57:10 candidates=0 corpus=675 coverage=13522 exec total=126188 (146/min) pending=0 reproducing=1 
2026/07/30 08:57:20 candidates=0 corpus=675 coverage=13522 exec total=126188 (146/min) pending=0 reproducing=1 
2026/07/30 08:57:30 candidates=0 corpus=675 coverage=13522 exec total=126188 (146/min) pending=0 reproducing=1 
2026/07/30 08:57:40 candidates=0 corpus=675 coverage=13522 exec total=126188 (146/min) pending=0 reproducing=1 
2026/07/30 08:57:50 candidates=0 corpus=675 coverage=13522 exec total=126188 (146/min) pending=0 reproducing=1 
2026/07/30 08:58:00 candidates=0 corpus=675 coverage=13522 exec total=126188 (146/min) pending=0 reproducing=1 
2026/07/30 08:58:10 candidates=0 corpus=675 coverage=13522 exec total=126188 (146/min) pending=0 reproducing=1 
2026/07/30 08:58:20 candidates=0 corpus=675 coverage=13522 exec total=126188 (146/min) pending=0 reproducing=1 
2026/07/30 08:58:30 candidates=0 corpus=675 coverage=13522 exec total=126188 (146/min) pending=0 reproducing=1 
2026/07/30 08:58:40 candidates=0 corpus=675 coverage=13522 exec total=126188 (146/min) pending=0 reproducing=1 
2026/07/30 08:58:50 candidates=0 corpus=675 coverage=13522 exec total=126188 (146/min) pending=0 reproducing=1 
2026/07/30 08:59:00 candidates=0 corpus=675 coverage=13522 exec total=126188 (146/min) pending=0 reproducing=1 
2026/07/30 08:59:10 candidates=0 corpus=675 coverage=13522 exec total=126188 (146/min) pending=0 reproducing=1 
2026/07/30 08:59:20 candidates=0 corpus=675 coverage=13522 exec total=126188 (146/min) pending=0 reproducing=1 
2026/07/30 08:59:30 candidates=0 corpus=675 coverage=13522 exec total=126188 (146/min) pending=0 reproducing=1 
2026/07/30 08:59:40 candidates=0 corpus=675 coverage=13522 exec total=126188 (146/min) pending=0 reproducing=1 
2026/07/30 08:59:50 candidates=0 corpus=675 coverage=13522 exec total=126188 (145/min) pending=0 reproducing=1 
2026/07/30 09:00:00 candidates=0 corpus=675 coverage=13522 exec total=126188 (145/min) pending=0 reproducing=1 
2026/07/30 09:00:10 candidates=0 corpus=675 coverage=13522 exec total=126188 (145/min) pending=0 reproducing=1 
2026/07/30 09:00:20 candidates=0 corpus=675 coverage=13522 exec total=126188 (145/min) pending=0 reproducing=1 
2026/07/30 09:00:30 candidates=0 corpus=675 coverage=13522 exec total=126188 (145/min) pending=0 reproducing=1 
2026/07/30 09:00:40 candidates=0 corpus=675 coverage=13522 exec total=126188 (145/min) pending=0 reproducing=1 
2026/07/30 09:00:50 candidates=0 corpus=675 coverage=13522 exec total=126188 (145/min) pending=0 reproducing=1 
2026/07/30 09:01:00 candidates=0 corpus=675 coverage=13522 exec total=126188 (145/min) pending=0 reproducing=1 
2026/07/30 09:01:10 candidates=0 corpus=675 coverage=13522 exec total=126188 (145/min) pending=0 reproducing=1 
2026/07/30 09:01:20 candidates=0 corpus=675 coverage=13522 exec total=126188 (145/min) pending=0 reproducing=1 
2026/07/30 09:01:30 candidates=0 corpus=675 coverage=13522 exec total=126188 (145/min) pending=0 reproducing=1 
2026/07/30 09:01:40 candidates=0 corpus=675 coverage=13522 exec total=126188 (145/min) pending=0 reproducing=1 
2026/07/30 09:01:50 candidates=0 corpus=675 coverage=13522 exec total=126188 (145/min) pending=0 reproducing=1 
2026/07/30 09:02:00 candidates=0 corpus=675 coverage=13522 exec total=126188 (145/min) pending=0 reproducing=1 
2026/07/30 09:02:10 candidates=0 corpus=675 coverage=13522 exec total=126188 (145/min) pending=0 reproducing=1 
2026/07/30 09:02:20 candidates=0 corpus=675 coverage=13522 exec total=126188 (145/min) pending=0 reproducing=1 
2026/07/30 09:02:30 candidates=0 corpus=675 coverage=13522 exec total=126188 (145/min) pending=0 reproducing=1 
2026/07/30 09:02:40 candidates=0 corpus=675 coverage=13522 exec total=126188 (145/min) pending=0 reproducing=1 
2026/07/30 09:02:50 candidates=0 corpus=675 coverage=13522 exec total=126188 (145/min) pending=0 reproducing=1 
2026/07/30 09:03:00 candidates=0 corpus=675 coverage=13522 exec total=126188 (145/min) pending=0 reproducing=1 
2026/07/30 09:03:10 candidates=0 corpus=675 coverage=13522 exec total=126188 (145/min) pending=0 reproducing=1 
2026/07/30 09:03:20 candidates=0 corpus=675 coverage=13522 exec total=126188 (145/min) pending=0 reproducing=1 
2026/07/30 09:03:30 candidates=0 corpus=675 coverage=13522 exec total=126188 (145/min) pending=0 reproducing=1 
2026/07/30 09:03:40 candidates=0 corpus=675 coverage=13522 exec total=126188 (145/min) pending=0 reproducing=1 
2026/07/30 09:03:50 candidates=0 corpus=675 coverage=13522 exec total=126188 (145/min) pending=0 reproducing=1 
2026/07/30 09:04:00 candidates=0 corpus=675 coverage=13522 exec total=126188 (145/min) pending=0 reproducing=1 
2026/07/30 09:04:10 candidates=0 corpus=675 coverage=13522 exec total=126188 (145/min) pending=0 reproducing=1 
2026/07/30 09:04:20 candidates=0 corpus=675 coverage=13522 exec total=126188 (145/min) pending=0 reproducing=1 
2026/07/30 09:04:30 candidates=0 corpus=675 coverage=13522 exec total=126188 (145/min) pending=0 reproducing=1 
2026/07/30 09:04:40 candidates=0 corpus=675 coverage=13522 exec total=126188 (145/min) pending=0 reproducing=1 
2026/07/30 09:04:50 candidates=0 corpus=675 coverage=13522 exec total=126188 (145/min) pending=0 reproducing=1 
2026/07/30 09:05:00 candidates=0 corpus=675 coverage=13522 exec total=126188 (145/min) pending=0 reproducing=1 
2026/07/30 09:05:10 candidates=0 corpus=675 coverage=13522 exec total=126188 (145/min) pending=0 reproducing=1 
2026/07/30 09:05:20 candidates=0 corpus=675 coverage=13522 exec total=126188 (145/min) pending=0 reproducing=1 
2026/07/30 09:05:30 candidates=0 corpus=675 coverage=13522 exec total=126188 (145/min) pending=0 reproducing=1 
2026/07/30 09:05:40 candidates=0 corpus=675 coverage=13522 exec total=126188 (145/min) pending=0 reproducing=1 
2026/07/30 09:05:50 candidates=0 corpus=675 coverage=13522 exec total=126188 (144/min) pending=0 reproducing=1 
2026/07/30 09:06:00 candidates=0 corpus=675 coverage=13522 exec total=126188 (144/min) pending=0 reproducing=1 
2026/07/30 09:06:10 candidates=0 corpus=675 coverage=13522 exec total=126188 (144/min) pending=0 reproducing=1 
2026/07/30 09:06:20 candidates=0 corpus=675 coverage=13522 exec total=126188 (144/min) pending=0 reproducing=1 
2026/07/30 09:06:30 candidates=0 corpus=675 coverage=13522 exec total=126188 (144/min) pending=0 reproducing=1 
2026/07/30 09:06:40 candidates=0 corpus=675 coverage=13522 exec total=126188 (144/min) pending=0 reproducing=1 
2026/07/30 09:06:50 candidates=0 corpus=675 coverage=13522 exec total=126188 (144/min) pending=0 reproducing=1 
2026/07/30 09:07:00 candidates=0 corpus=675 coverage=13522 exec total=126188 (144/min) pending=0 reproducing=1 
2026/07/30 09:07:10 candidates=0 corpus=675 coverage=13522 exec total=126188 (144/min) pending=0 reproducing=1 
2026/07/30 09:07:20 candidates=0 corpus=675 coverage=13522 exec total=126188 (144/min) pending=0 reproducing=1 
2026/07/30 09:07:30 candidates=0 corpus=675 coverage=13522 exec total=126188 (144/min) pending=0 reproducing=1 
2026/07/30 09:07:40 candidates=0 corpus=675 coverage=13522 exec total=126188 (144/min) pending=0 reproducing=1 
2026/07/30 09:07:50 candidates=0 corpus=675 coverage=13522 exec total=126188 (144/min) pending=0 reproducing=1 
2026/07/30 09:07:57 boot error: repair failed: SSH failed
2026/07/30 09:08:00 candidates=0 corpus=675 coverage=13522 exec total=126188 (144/min) pending=0 reproducing=1 
2026/07/30 09:08:10 candidates=0 corpus=675 coverage=13522 exec total=126188 (144/min) pending=0 reproducing=1 
2026/07/30 09:08:20 candidates=0 corpus=675 coverage=13522 exec total=126188 (144/min) pending=0 reproducing=1 
2026/07/30 09:08:30 candidates=0 corpus=675 coverage=13522 exec total=126188 (144/min) pending=0 reproducing=1 
2026/07/30 09:08:40 candidates=0 corpus=675 coverage=13522 exec total=126188 (144/min) pending=0 reproducing=1 
2026/07/30 09:08:50 candidates=0 corpus=675 coverage=13522 exec total=126188 (144/min) pending=0 reproducing=1 
2026/07/30 09:09:00 candidates=0 corpus=675 coverage=13522 exec total=126188 (144/min) pending=0 reproducing=1 
2026/07/30 09:09:10 candidates=0 corpus=675 coverage=13522 exec total=126188 (144/min) pending=0 reproducing=1 
2026/07/30 09:09:20 candidates=0 corpus=675 coverage=13522 exec total=126188 (144/min) pending=0 reproducing=1 
2026/07/30 09:09:30 candidates=0 corpus=675 coverage=13522 exec total=126188 (144/min) pending=0 reproducing=1 
2026/07/30 09:09:40 candidates=0 corpus=675 coverage=13522 exec total=126188 (144/min) pending=0 reproducing=1 
2026/07/30 09:09:50 candidates=0 corpus=675 coverage=13522 exec total=126188 (144/min) pending=0 reproducing=1 
2026/07/30 09:10:00 candidates=0 corpus=675 coverage=13522 exec total=126188 (144/min) pending=0 reproducing=1 
2026/07/30 09:10:10 candidates=0 corpus=675 coverage=13522 exec total=126188 (144/min) pending=0 reproducing=1 
2026/07/30 09:10:20 candidates=0 corpus=675 coverage=13522 exec total=126188 (144/min) pending=0 reproducing=1 
2026/07/30 09:10:30 candidates=0 corpus=675 coverage=13522 exec total=126188 (144/min) pending=0 reproducing=1 
2026/07/30 09:10:40 candidates=0 corpus=675 coverage=13522 exec total=126188 (144/min) pending=0 reproducing=1 
2026/07/30 09:10:50 candidates=0 corpus=675 coverage=13522 exec total=126188 (144/min) pending=0 reproducing=1 
2026/07/30 09:11:00 candidates=0 corpus=675 coverage=13522 exec total=126188 (144/min) pending=0 reproducing=1 
2026/07/30 09:11:10 candidates=0 corpus=675 coverage=13522 exec total=126188 (144/min) pending=0 reproducing=1 
2026/07/30 09:11:20 candidates=0 corpus=675 coverage=13522 exec total=126188 (144/min) pending=0 reproducing=1 
2026/07/30 09:11:30 candidates=0 corpus=675 coverage=13522 exec total=126188 (144/min) pending=0 reproducing=1 
2026/07/30 09:11:40 candidates=0 corpus=675 coverage=13522 exec total=126188 (144/min) pending=0 reproducing=1 
2026/07/30 09:11:50 candidates=0 corpus=675 coverage=13522 exec total=126188 (143/min) pending=0 reproducing=1 
2026/07/30 09:12:00 candidates=0 corpus=675 coverage=13522 exec total=126188 (143/min) pending=0 reproducing=1 
2026/07/30 09:12:10 candidates=0 corpus=675 coverage=13522 exec total=126188 (143/min) pending=0 reproducing=1 
2026/07/30 09:12:20 candidates=0 corpus=675 coverage=13522 exec total=126188 (143/min) pending=0 reproducing=1 
2026/07/30 09:12:30 candidates=0 corpus=675 coverage=13522 exec total=126188 (143/min) pending=0 reproducing=1 
2026/07/30 09:12:40 candidates=0 corpus=675 coverage=13522 exec total=126188 (143/min) pending=0 reproducing=1 
2026/07/30 09:12:50 candidates=0 corpus=675 coverage=13522 exec total=126188 (143/min) pending=0 reproducing=1 
2026/07/30 09:13:00 candidates=0 corpus=675 coverage=13522 exec total=126188 (143/min) pending=0 reproducing=1 
2026/07/30 09:13:10 candidates=0 corpus=675 coverage=13522 exec total=126188 (143/min) pending=0 reproducing=1 
2026/07/30 09:13:20 candidates=0 corpus=675 coverage=13522 exec total=126188 (143/min) pending=0 reproducing=1 
2026/07/30 09:13:30 candidates=0 corpus=675 coverage=13522 exec total=126188 (143/min) pending=0 reproducing=1 
2026/07/30 09:13:40 candidates=0 corpus=675 coverage=13522 exec total=126188 (143/min) pending=0 reproducing=1 
2026/07/30 09:13:50 candidates=0 corpus=675 coverage=13522 exec total=126188 (143/min) pending=0 reproducing=1 
